image_id,source_path,sha256,rubric_class,skin_bucket,labels,split,source_tier,contributor_id,session_id,device_brand,device_model,rights_doc_id,permitted_uses,notes
ph1_already_good_bc0e1b9b1f,experiments/auto/data/ph1/proxy/ph1_already_good_bc0e1b9b1f.png,7cac2714f52926e5cca46eb322c1381f1605f55b6cc625ca1ea9da0088164239,already_good,,,public_holdout,T2_public_cc0_pd,commons:Konstantin Rotkevich,2020:05:20,Samsung,SM-N950F,https://commons.wikimedia.org/wiki/File:Morning_(49922974448).jpg,eval,CC0; original sha256 aec05ed5f63cb3d5c18a037802c6689d9bcd7edda8d0d61b907e5bc86850dd54; PD12M id 0043b8cf88196545b0435e6f1cadf81a
ph1_already_good_52908b08e6,experiments/auto/data/ph1/proxy/ph1_already_good_52908b08e6.png,b478f462a6d671c1fee2538775b09d3b7f2a2bd27bf790fb7896cea5ab7da67a,already_good,,,public_holdout,T2_public_cc0_pd,commons:Antekbojar,2019:09:25,Samsung,SAMSUNG WB110/ SAMSUNG WB111,"https://commons.wikimedia.org/wiki/File:K%C5%81ODZKO,_AB-057.jpg",eval,CC0; original sha256 198ae9da26d4019bd045072940ed31c7e85f7865ce7a18ae0d104bd686e83245; PD12M id 01c9ca08a62c110c0a4bae00750671ae
ph1_already_good_0d2cab681a,experiments/auto/data/ph1/proxy/ph1_already_good_0d2cab681a.png,1ef23e41058c8250cb5377c7665c1a7519255ce4385744e8b750452bbac9ea01,already_good,,,public_holdout,T2_public_cc0_pd,commons:Singkabee Liam H Tonga,2024:01:18,Xiaomi,23030RAC7Y,https://commons.wikimedia.org/wiki/File:SZ_%E6%B7%B1%E5%9C%B3_Shenzhen_%E9%BE%8D%E8%8F%AF%E5%8D%80_Longhua_%E8%A3%95%E6%96%B0%E8%B7%AF_Yuxin_Road_tourist_bus_January_2024_R12S_01.jpg,eval,CC0; original sha256 1281c881ee0e40c952cb92331f48b11b4fab797a7135c07b2e0b1b03ead5aeb2; PD12M id 021d164c691946499e2acff4a077339d
ph1_already_good_36ca819f3a,experiments/auto/data/ph1/proxy/ph1_already_good_36ca819f3a.png,1bf4693435e186aa59e1d17e4c6efbc61beae9db790c447e176182f496476cf3,already_good,,,public_holdout,T2_public_cc0_pd,commons:玄史生,2018:04:21,Apple,iPhone 7 Plus,"https://commons.wikimedia.org/wiki/File:Indian_Chief_Vintage_at_Songshan_District,_Taipei_20180421d.jpg",eval,CC0; original sha256 0aba9498d82d47a78237f18ab3dbabe982730e391b7c7ef80ef4aa6d52afad33; PD12M id 02279d4999660353fe3303b3546f379d
ph1_already_good_95c80ad38a,experiments/auto/data/ph1/proxy/ph1_already_good_95c80ad38a.png,6872cf9f82a07771e96da5624ab2bfd71d9468d11c5bfa5a049ed88630cdb4b2,already_good,,,public_holdout,T2_public_cc0_pd,commons:Benoît Prieur,2021:07:19,Apple,iPhone XS,https://commons.wikimedia.org/wiki/File:Une_skate_park_%C3%A0_Georgio%C3%BApoli.jpg,eval,CC0; original sha256 4f8d8db43ecc4de4f0d5aca0b7c3eda82bb9ec792c00ca0ca8cef1c9a1e71526; PD12M id 04a206b07d81cd27abece092b33b4f69
ph1_already_good_97ad81e9fe,experiments/auto/data/ph1/proxy/ph1_already_good_97ad81e9fe.png,6d504951079625972c468b1b94e909eed67f045c680136d250c11719fef9eaf9,already_good,,,public_holdout,T2_public_cc0_pd,commons:최광모 (Choe Kwangmo),2018:03:17,Apple,iPhone 7 Plus,https://commons.wikimedia.org/wiki/File:20180317%ED%99%8D%EC%B2%9C%EC%86%8C%EB%B0%A9%EC%84%9C_%EB%8F%99%EB%A9%B4119%EC%A7%80%EC%97%AD%EB%8C%80IMG_3548.jpg,eval,CC0; original sha256 9aec4816be352ccdc2eaf83a4f437f9dee18ae495764c2cf76ed05d11d24d9a1; PD12M id 0cf5978c30e6a62f75c37db61a6c0e1c
ph1_already_good_7b4cc823a6,experiments/auto/data/ph1/proxy/ph1_already_good_7b4cc823a6.png,62f7a461353760fc9c447c507bfe892297120024202d73ba30806a84814d3ced,already_good,,,public_holdout,T2_public_cc0_pd,commons:Mx. Granger,2022:05:02,Motorola,moto g(7) power,https://commons.wikimedia.org/wiki/File:Wollongong_Hospital.jpg,eval,CC0; original sha256 dccdd9dd65682182892f05670689a4093169614277013cf6108c393ca8c8c8f0; PD12M id 0f91153df63a8116268ecabaaa14ac41
ph1_already_good_9edf8eaeed,experiments/auto/data/ph1/proxy/ph1_already_good_9edf8eaeed.png,072b7c436391f2a702a1844f8d1e1570cef6472f11ec2ce8cddfaf5878655b1b,already_good,,,public_holdout,T2_public_cc0_pd,commons:01x07x2022000,2023:07:03,Samsung,SM-A750FN,https://commons.wikimedia.org/wiki/File:Pod_H%C3%A1jkem_(Praha)_20230703_160220.jpg,eval,CC0; original sha256 2324f2a4a61ba916a0812d6dbadef8e39a5b8d708dc6ddc5d9844aacbf790485; PD12M id 106241cbb0b2d2ed7164bd1e413201f8
ph1_already_good_646699c89d,experiments/auto/data/ph1/proxy/ph1_already_good_646699c89d.png,3c8b1db47e84aa9637aee49687d62fb3b9544172acf7a0a0aaf9b9d3f59141c6,already_good,,,public_holdout,T2_public_cc0_pd,commons:KingValid04,2022:06:27,Xiaomi,M2101K6G,https://commons.wikimedia.org/wiki/File:L%C3%ADnea_46_(Movibus)_-_Alsa_2665.jpg,eval,CC0; original sha256 bac95ac5903ee6af3198af167830d2bb4b2f6fb9d90fe64c4865edad90406d33; PD12M id 10c1a0ba51261e598cd2f317404f8b6f
ph1_already_good_e1f2d71f52,experiments/auto/data/ph1/proxy/ph1_already_good_e1f2d71f52.png,9a2d4e00cc7298c4fa72596025a52bb7794f26a29de2d796b133ed10b6d959d5,already_good,,,public_holdout,T2_public_cc0_pd,commons:Hoebele,2023:08:20,Apple,iPhone X,https://commons.wikimedia.org/wiki/File:Li%C3%A8ge_Outremeuse_potale_Rue_des_R%C3%A9collets_2.jpg,eval,CC0; original sha256 afc462ddd62782683011bbdb5846406361d9b0ef9e4ab7157a0e647d6cef834a; PD12M id 111281f83d49f3340a8d4e6c03f3e078
ph1_already_good_e876b3ae51,experiments/auto/data/ph1/proxy/ph1_already_good_e876b3ae51.png,6b33d6824991641d66514be3fe0cbf68855d7132b375599e3c8b4d48b4c4b8db,already_good,,,public_holdout,T2_public_cc0_pd,commons:WhisperToMe,2016:02:10,Apple,iPhone 6 Plus,https://commons.wikimedia.org/wiki/File:KitchenDepotEaDo.jpg,eval,CC0; original sha256 c7614e81afdc2a4725c8ab8cc7e1ef879d2a83cee98e5b8420a93367bbbe3e4b; PD12M id 136d8aa8c6ec80facd731eddbdbd5e4c
ph1_already_good_a69e454cb9,experiments/auto/data/ph1/proxy/ph1_already_good_a69e454cb9.png,e6db0bdb9668136aba5409826c5971de7d5ba03fa554c3fc8f59a6634e86c500,already_good,,,public_holdout,T2_public_cc0_pd,commons:Effems,2024:01:14,Huawei,ANE-LX1,https://commons.wikimedia.org/wiki/File:Area_archeologica_di_Cava_d%27Ispica_(Ispica)_14_01_2024_05.jpg,eval,CC0; original sha256 4b0ef9edb15c687cde730b2f89f2b962c07473b6e6a8e879acfb4e9a38c27800; PD12M id 141395106e8c675b37ebad7624f3722c
ph1_already_good_cfa5f7b75d,experiments/auto/data/ph1/proxy/ph1_already_good_cfa5f7b75d.png,7bc3b4b58a8c7a81442836ee7c5502f38f69543b4428890bd7995d6a359db281,already_good,,,public_holdout,T2_public_cc0_pd,commons:Andreh123,2021:08:10,Apple,iPhone SE,https://commons.wikimedia.org/wiki/File:Iron_curtain_Vorhang_Ijzeren_Gordijn_GrenzWeg_Ecker_Eckertal_Ilsenburg22_11_36_032000.jpeg,eval,CC0; original sha256 9ec1a2ec08cbcb416bbc0be220091612198a35c3694cadd00d5a29b535d6f8f0; PD12M id 166d03bd763d5818ac9397ebce6df906
ph1_already_good_a3483407f4,experiments/auto/data/ph1/proxy/ph1_already_good_a3483407f4.png,21c7be58df6973f1ebabda60a0303ea753ee5fd78fcc2a8e6bf73214971a133c,already_good,,,public_holdout,T2_public_cc0_pd,commons:Akouete,2023:09:24,Infinix,Infinix X6716B,https://commons.wikimedia.org/wiki/File:WikiConvention_Francophone_2023_Visite_centre_artisanal_06.jpg,eval,CC0; original sha256 28431713ff17c3e1f0ef97a791151d399283b4728f5309bfb1c63629e1ffcea2; PD12M id 184e7373f18f233a28d4e10eed911c2d
ph1_already_good_89c3d2a7a1,experiments/auto/data/ph1/proxy/ph1_already_good_89c3d2a7a1.png,efbc6efc55de3057c21ab8a18ba0aaecb81253b3578745df3d9b1cb079b386de,already_good,,,public_holdout,T2_public_cc0_pd,commons:Tomgor001,2024:01:14,Samsung,SM-G9750,https://commons.wikimedia.org/wiki/File:H.A.N.D.S_Zone_A_Entrance_2024.jpg,eval,CC0; original sha256 d7829c127cb9ac4c0541ccc3c5c97d3e9f9959df0c3f104646d46de09a8ca7f0; PD12M id 1a02de23572da1a42f156d12d2bc7a80
ph1_already_good_c764d9ff00,experiments/auto/data/ph1/proxy/ph1_already_good_c764d9ff00.png,2f3ada469e72fbf1c41b9a09507a851b5491c14198cad949dfa03f5ba818f803,already_good,,,public_holdout,T2_public_cc0_pd,commons:Romainbehar,2020:01:01,Samsung,SM-J500FN,https://commons.wikimedia.org/wiki/File:Neuville-sur-Sa%C3%B4ne_-_Quai_Pasteur_-_Station_V%C3%A9lo%27v_34001.jpg,eval,CC0; original sha256 c5c2c0d87437e654b47a5c949e48e8e49e2faedf1a2afe580ff58e5d5efcc875; PD12M id 1a3fd7e88b1b3c70a594e7da957cbb1c
ph1_already_good_dedd60d7ac,experiments/auto/data/ph1/proxy/ph1_already_good_dedd60d7ac.png,1e6db35076c8407296ce2836f3b366a220db66da7f50afba3e84eb29d5a02cf3,already_good,,,public_holdout,T2_public_cc0_pd,commons:Choi Kwang-mo,2020:03:27,Apple,iPhone X,https://commons.wikimedia.org/wiki/File:2020-03-27_17.25.46_%EA%B3%BC%EC%B2%9C%EC%8B%9C_%ED%96%A5%EC%B4%8C%EA%B8%B8_57-15_%EB%8B%A4%EC%84%B8%EB%8C%80%EC%A3%BC%ED%83%9D_%EC%A7%80%EB%B0%98%EA%B3%B5%EC%82%AC.jpg,eval,CC0; original sha256 5462785aa7b6fe14b7bd06c34a208c8bf85033175083e1dc99ecf5ab218dbc3a; PD12M id 1a94b6227ece749696844bc886a859ab
ph1_already_good_1a3ab12863,experiments/auto/data/ph1/proxy/ph1_already_good_1a3ab12863.png,c517835d872f59eb0c7d0b115eda3f43326c3645c94cc45d0102e950406d6a39,already_good,,,public_holdout,T2_public_cc0_pd,"commons:Warren LeMay from Cincinnati, OH, United States",2019:03:31,Apple,iPhone 8,"https://commons.wikimedia.org/wiki/File:Peete_Street_Steps,_Over-the-Rhine,_Cincinnati,_OH_(32646186137).jpg",eval,CC0; original sha256 a52ce91734507777de8a6d98b9297c6a68f2209d74ba00f9845e84802bbcb238; PD12M id 1c05aab5fbc9d9702969afe5f689bece
ph1_already_good_bd8b1fced5,experiments/auto/data/ph1/proxy/ph1_already_good_bd8b1fced5.png,a5e4ecfbe0aa1cd44177c510ad0f36e558f984936bf83db8693e647c1119b0a1,already_good,,,public_holdout,T2_public_cc0_pd,"commons:Baltimore Heritage from Baltimore, MD, USA",2017:04:27,Apple,iPhone 7,"https://commons.wikimedia.org/wiki/File:The_Traveler_Building,_1020_Saint_Paul_Street,_Baltimore,_MD_21202_(33947293730).jpg",eval,CC0; original sha256 29f9d08ff17f5afd0f1a33691de58bdad0d97370cc822313f863394eeaad9501; PD12M id 20071005347b8d9e7d3d41715b856757
ph1_already_good_9d65d05c4c,experiments/auto/data/ph1/proxy/ph1_already_good_9d65d05c4c.png,46d0a97809b8448052b17b42bfd63f4b464f8b9108bff7868ca2e7b8f60b9dc5,already_good,,,public_holdout,T2_public_cc0_pd,commons:MISZIE BEI WANGUIM,2024:02:05,Xiaomi,23030RAC7Y,https://commons.wikimedia.org/wiki/File:SZ_%E6%B7%B1%E5%9C%B3_Shenzhen_%E7%A6%8F%E7%94%B0_Futian_%E8%8F%AF%E5%BC%B7%E5%8C%97_Huaqiang_North_February_2024_R12S_865.jpg,eval,CC0; original sha256 0fa6d0f82767adb2a4739ea5c09142cdaeb7980de7d6368eb11cd6dc836bb4e9; PD12M id 224b46008535cd298ba4bc1503f1adf0
ph1_already_good_979f095ff4,experiments/auto/data/ph1/proxy/ph1_already_good_979f095ff4.png,97950f6612c10ddf9dcaeb4abac561bf9faa6bcd4e72420e1fa45af53981d42d,already_good,,,public_holdout,T2_public_cc0_pd,"commons:Geo Swan from Toronto, Canada",2023:05:15,Google,Pixel 6 Pro,"https://commons.wikimedia.org/wiki/File:Construction,_SW_corner_of_Ontario_and_Queen,_2023_05_15_(52901415625).jpg",eval,CC0; original sha256 b853415233522d25b6b8d8a14bb3baa455139e8aa727758c4fda56e9555cbcd1; PD12M id 24d51a89c9818a094400b5faa708fde8
ph1_already_good_684bbd309e,experiments/auto/data/ph1/proxy/ph1_already_good_684bbd309e.png,f82c867362687d123344077d460c28c9858bce75a8aafbfa6b1baaddad280e6e,already_good,,,public_holdout,T2_public_cc0_pd,commons:ubahnverleih,2015:06:08,Apple,iPhone 6,https://commons.wikimedia.org/wiki/File:Stra%C3%9Fenbahnwagen_2806_%22Stadt_G%C3%B6rlitz%22_Dresden.jpg,eval,CC0; original sha256 7b9bda0eaeb147f222d00d9093108950f789562b3a89b723b8e719eaa1cfe882; PD12M id 27272e7218cf79b1a012300c0ba4bf14
ph1_already_good_5f1ce0f9ca,experiments/auto/data/ph1/proxy/ph1_already_good_5f1ce0f9ca.png,fd2ced5b2fa8c0fbd2b23511abffd8ff83ae0a109d34fce2d60fe541df036cf7,already_good,,,public_holdout,T2_public_cc0_pd,commons:ZhuWahDaSeeMcYanSze,2023:12:16,Xiaomi,23030RAC7Y,https://commons.wikimedia.org/wiki/File:HK_CH_%E4%B8%AD%E7%92%B0_Central_%E5%BE%B7%E8%BC%94%E9%81%93%E4%B8%AD_Des_Voeux_Road_Central_tram_body_ads_%E7%8F%A0%E6%B1%9F%E6%A9%8B%E7%89%8C%E7%94%9F%E6%8A%BD%E9%86%AC%E6%B2%B9_sauce_December_2023_R12S.jpg,eval,CC0; original sha256 688f1766afd42e65ca7f9aba63576d99226196a159c6f93b037c58aabfd31658; PD12M id 2808e4f3a8e4cc06b8ebd408b0506e08
ph1_already_good_00c06c10f9,experiments/auto/data/ph1/proxy/ph1_already_good_00c06c10f9.png,2e11d1a3626626202efcd3f6d472a3f15576f9dd886706bb937699ccbf68485e,already_good,,,public_holdout,T2_public_cc0_pd,commons:Kurt Kaiser,2020:01:25,OnePlus,ONEPLUS A6013,https://commons.wikimedia.org/wiki/File:Egg_and_spinach_breakfast_omelet.jpg,eval,CC0; original sha256 fb229865c12286fc5531c9bd2c736d50a026783347428a9fbf3a56d68fed865b; PD12M id 29a9ded4b1660f8ce8c2733d243d75d0
ph1_already_good_948ebb984e,experiments/auto/data/ph1/proxy/ph1_already_good_948ebb984e.png,b4af60befdbc3ab980b8a4cdd411269dfef2c9bbc9391e8d0aedbd5275b68b20,already_good,,,public_holdout,T2_public_cc0_pd,commons:Takmocsekretovanej!,2012:03:07,Samsung,SAMSUNG ES15 / VLUU ES15 / SAMSUNG SL30,"https://commons.wikimedia.org/wiki/File:Pra%C5%BEsk%C3%A1,_Prosetice.JPG",eval,CC0; original sha256 5cd2a3cfa13c98ca12bfb34bc5632eaf05c4cb9ac0dd44b4dbdc88e1ec8ff08b; PD12M id 2de1701eb1ba783594b41a89c0f082d8
ph1_already_good_954340d8f8,experiments/auto/data/ph1/proxy/ph1_already_good_954340d8f8.png,2d4e73a063ac8bd8dbc09d5edd029a0a4b1f167c488589560c45bca36ff94dc8,already_good,,,public_holdout,T2_public_cc0_pd,commons:Romainbehar,2018:05:11,Samsung,SM-J500FN,https://commons.wikimedia.org/wiki/File:Saint-Maurice_d%27Ard%C3%A8che_-_Maison_en_ruine.jpg,eval,CC0; original sha256 1b042cfaf1fd31b9db7da5b81f62c11b4a50e4d764d0df0d532b9188929963c6; PD12M id 2e7eb4122166593c3beb7c4c33a5b5b8
ph1_already_good_c95106af86,experiments/auto/data/ph1/proxy/ph1_already_good_c95106af86.png,fa1682e3be1dbe63e5dcf2987bd740c4a84a461c2dd2d121693f6c870cb596aa,already_good,,,public_holdout,T2_public_cc0_pd,commons:01x07x2022000,2023:05:02,Samsung,SM-A750FN,https://commons.wikimedia.org/wiki/File:N%C3%A1dra%C5%BE%C3%AD_Hole%C5%A1ovice_a_okol%C3%AD_20230502_071111.jpg,eval,CC0; original sha256 2da9db434962b8a92310d58c69125fa649df054ff768f08882d2c404b2848e25; PD12M id 2ff2f9430dfacb5f73982e9313ccaebe
ph1_already_good_aec8174876,experiments/auto/data/ph1/proxy/ph1_already_good_aec8174876.png,d75f594604b7f993fcd99a7e8906164fa79a67fa399c5ba46c9b4cb6519eb3e6,already_good,,,public_holdout,T2_public_cc0_pd,commons:crash71100,2020:02:01,Huawei,CLT-L29,https://commons.wikimedia.org/wiki/File:Dodge_RAM_(50918677067).jpg,eval,CC0; original sha256 2b36a50336869023e570598f03f544ad68c8b9b7731d03b0cb0ddcc55bb98125; PD12M id 308e3ea8227d0a30009673afec0bb4bc
ph1_already_good_f65f9ac58e,experiments/auto/data/ph1/proxy/ph1_already_good_f65f9ac58e.png,3f6dd5a429dc69721915f89eff8847a40849193a01a5b8a5eea63be148cfae78,already_good,,,public_holdout,T2_public_cc0_pd,commons:Benoît Prieur,2017:07:25,Apple,iPhone 7,https://commons.wikimedia.org/wiki/File:Image_d%27Arm%C3%A9nie_en_juillet_2017_-_48.JPG,eval,CC0; original sha256 e08a523ebf4a5d1d6091c97a7678eafa3b79bb4ae346a29d9c773df51438cf2a; PD12M id 3108d14b7bf6a68c9816607f0f36bd10
ph1_already_good_a7145f69da,experiments/auto/data/ph1/proxy/ph1_already_good_a7145f69da.png,57df67745cbf8aafc7770d2235fdd850179768a71f1118dee1ae54ae0835e865,already_good,,,public_holdout,T2_public_cc0_pd,commons:SIG SG 510,2017:09:04,Huawei,PRA-LX1,https://commons.wikimedia.org/wiki/File:Kr%C5%A1an_2017_24.jpg,eval,CC0; original sha256 9dcee59a6385119f91ad1d6f36c40dee98d3319416093fa1a3ef3466ea616c4d; PD12M id 3420ee4071830ec05308f666484cd68d
ph1_already_good_3b44bba7f1,experiments/auto/data/ph1/proxy/ph1_already_good_3b44bba7f1.png,113819fa9061b1d7d15303d3e5178074c958e0543dba16434fed7e6f18ce7537,already_good,,,public_holdout,T2_public_cc0_pd,commons:Antekbojar,2019:05:31,Samsung,SAMSUNG WB110/ SAMSUNG WB111,"https://commons.wikimedia.org/wiki/File:SES_ILLETES-MAJORKA,_AB-023.jpg",eval,CC0; original sha256 0caa28627ac094eb7705c8c139e363b9346118a2bd3666f554b3b256068cc66e; PD12M id 348a19ef429158bb9dac225b73d8134d
ph1_already_good_f0e8cc9d82,experiments/auto/data/ph1/proxy/ph1_already_good_f0e8cc9d82.png,90b0bec603a9219e352d26867ed0bda01921b2caa41efa54001f8d1244682a6e,already_good,,,public_holdout,T2_public_cc0_pd,commons:GennadyL,2022:05:08,Huawei,FLA-LX1,https://commons.wikimedia.org/wiki/File:%D0%91%D0%B0%D1%82%D0%B0%D0%B9%D1%81%D0%BA-%D0%9A%D0%B0%D1%88%D1%82%D0%B0%D0%BD.jpg,eval,CC0; original sha256 676d01bbe40a29409b1619845e62921f92b163ce2b1d7d7ecc61c5f74fc24293; PD12M id 36bed1e9c01ce2f5fe9bd49cf7420d0d
ph1_already_good_65a0c5e142,experiments/auto/data/ph1/proxy/ph1_already_good_65a0c5e142.png,eed635c14d383ebd8c7d7a420d7ee35f087983b46b57bdb2e2eeb8f113ee9a3b,already_good,,,public_holdout,T2_public_cc0_pd,commons:Romainbehar,2019:04:13,Samsung,SM-J500FN,"https://commons.wikimedia.org/wiki/File:Arles_-_%C3%89glise_du_couvent_des_Cordeliers,_fa%C3%A7ade_est.jpg",eval,CC0; original sha256 d2ed98aa942d7b188dbb304daa20a6726f18a306366e12b6ae182ddbe6ec8ef7; PD12M id 36d495e4bbe00caf3b5f5f58594b4e4b
ph1_already_good_272c78a1e1,experiments/auto/data/ph1/proxy/ph1_already_good_272c78a1e1.png,a35c5263c0e3496fd7c85055c863f3897820e16133b748d269b10671b842a347,already_good,,,public_holdout,T2_public_cc0_pd,commons:01x07x2022000,2022:11:07,Samsung,SM-A750FN,https://commons.wikimedia.org/wiki/File:Praha_-_Hole%C5%A1ovice_20221107_160110.jpg,eval,CC0; original sha256 b4920efa65268a6634f50583324352fb8c65c27c60de690040576050c17df30a; PD12M id 3719c112295fc977ca241cf5110c085f
ph1_already_good_9994e12a83,experiments/auto/data/ph1/proxy/ph1_already_good_9994e12a83.png,b0b07852a56c1513cabce5ded342f4163e37da6f1e747abfc529846aaf664ad7,already_good,,,public_holdout,T2_public_cc0_pd,commons:Choi Kwang-mo,2020:07:19,Apple,iPhone X,https://commons.wikimedia.org/wiki/File:20200718_182234_unidentified_places_items_in_south_korea_IMG_4557.jpg,eval,CC0; original sha256 3a71d9263e93bbcb3516cb6df7d3e58c68ba65e774f6fbbeb1b755f6f61ec9fd; PD12M id 37dc7fdc384ec2fa02d3b3469f2dda90
ph1_already_good_7f993637dd,experiments/auto/data/ph1/proxy/ph1_already_good_7f993637dd.png,0ae4237a2f148d16644822d40c74cfe5568fee4429b589082182626d0f3b8fd5,already_good,,,public_holdout,T2_public_cc0_pd,commons:Dan Keck from Ohio,2017:10:26,Samsung,SM-G930V,https://commons.wikimedia.org/wiki/File:Chadwick_Arboretum_and_Learning_Gardens_(37966177441).jpg,eval,CC0; original sha256 5ad398b79c11e53870acfa13ad891a5975dea1f76401ed1ce4469fc72221dc6d; PD12M id 3bcb87c7e9b6fb7e1904f84e23d3fd57
ph1_already_good_025659430f,experiments/auto/data/ph1/proxy/ph1_already_good_025659430f.png,8adbc8e40d8bf679155a520c8bca4e560b92c92c9d6f648e127938b2a57a2f5e,already_good,,,public_holdout,T2_public_cc0_pd,commons:Mx. Granger,2023:12:11,Google,Pixel 7a,https://commons.wikimedia.org/wiki/File:Emeryville_Marina_Park_3.jpg,eval,CC0; original sha256 ad4d164b9f8a5d8e10723721b80497ea43c6eace8cc1bd299331be50c284e5fc; PD12M id 3caab2ca1bc32e04a1c22cd44483828e
ph1_already_good_b22425f99b,experiments/auto/data/ph1/proxy/ph1_already_good_b22425f99b.png,c432f00e679a9fd27d877d336a5690349cc31dcde527a6a46d7332562dbe7b18,already_good,,,public_holdout,T2_public_cc0_pd,commons:Andy Li,2023:04:07,Samsung,SM-G9650,"https://commons.wikimedia.org/wiki/File:85_Ditchling_Road,_Brighton.jpg",eval,CC0; original sha256 e5b8ad15df425a40a83959f0b1e6772a9f75deedf826b364ed2c7f4fb9b3e016; PD12M id 3dc4bbb34f721569ab774d331f77e66c
ph1_already_good_c32fdcdfd6,experiments/auto/data/ph1/proxy/ph1_already_good_c32fdcdfd6.png,073f64439a951c05cc380c7c209879186224adf09651e2886afb430ad353d482,already_good,,,public_holdout,T2_public_cc0_pd,commons:Dan Keck from Ohio,2018:06:14,Samsung,SM-G930V,https://commons.wikimedia.org/wiki/File:Three_Creeks_Metro_Park_(27949128817).jpg,eval,CC0; original sha256 110de2a91aac57ee135910e91e06d79766e4393f66f84f3f4964d26384801bd3; PD12M id 45ac7ef83c1c7b02f204645b5d3b0009
ph1_already_good_735d360fc5,experiments/auto/data/ph1/proxy/ph1_already_good_735d360fc5.png,3abbf05521ac3eac96ad23ec8403932ee0c425634fbd1b005e683b20154a0357,already_good,,,public_holdout,T2_public_cc0_pd,commons:Бутывский Дмитрий,,Huawei,TRT-LX1,https://commons.wikimedia.org/wiki/File:%D0%91%D1%8E%D1%81%D1%82_%D0%BD%D0%B0_%D0%BC%D1%80%D0%B0%D0%BC%D0%BE%D1%80%D0%BD%D0%BE%D0%BC_%D0%BF%D0%BE%D1%81%D1%82%D0%B0%D0%BC%D0%B5%D0%BD%D1%82%D0%B5_%D0%BD%D0%B0_%D0%BC%D0%BE%D0%B3%D0%B8%D0%BB%D0%B5_%D0%A5%D0%B2%D0%BE%D1%81%D1%82%D0%BE%D0%B2%D0%B0_%D0%9F%D0%B0%D0%B2%D0%BB%D0%B0_%D0%9D%D0%B8%D0%BA%D0%B8%D1%82%D0%BE%D0%B2%D0%B8%D1%87%D0%B0_1.jpg,eval,CC0; original sha256 6aa3f5eba86ea159988bbcbf93e989f14cb7a26209b8e03bd4781ef9c6c3c26c; PD12M id 45c3c0a06bc9a8af81b70482da7ff7ef
ph1_already_good_3e6ece32aa,experiments/auto/data/ph1/proxy/ph1_already_good_3e6ece32aa.png,f429493cba3a05b4240565417a12637575583d21cd9cd8dc39f284cd56fb2468,already_good,,,public_holdout,T2_public_cc0_pd,commons:Bogdan29roman,2012:01:22,Motorola,Motorola VE66 655554ba141b15090909090909090909,https://commons.wikimedia.org/wiki/File:Biserica_Lipoveneasc%C4%83_Veche.jpg,eval,CC0; original sha256 2edcace84970c5a71326eb233d66bb4f86326731d87eeb7b136a536f5c890175; PD12M id 45f07ba2ec16423e2d24886f450355f2
ph1_already_good_68ea32b2c9,experiments/auto/data/ph1/proxy/ph1_already_good_68ea32b2c9.png,54560236baff0cb5184c003e94a8769a3dfc5d66eb3547bb536a291061158935,already_good,,,public_holdout,T2_public_cc0_pd,commons:Choi Kwang-mo,2020:08:07,Apple,iPhone X,https://commons.wikimedia.org/wiki/File:20200806_164456_things_places_in_south_korea_IMG_9608.jpg,eval,CC0; original sha256 b3bdc8357071721df166822ef66556b34f5687e34e42bf6068a0c144a61afce1; PD12M id 463575fb73370699710eea354d82d179
ph1_already_good_cab9eba985,experiments/auto/data/ph1/proxy/ph1_already_good_cab9eba985.png,bd73db72eb81f1324f7816aeaa9cbc1dd16acb78215dc9be67a0a912ee59f8f6,already_good,,,public_holdout,T2_public_cc0_pd,commons:Benoît Prieur,2018:07:22,Apple,iPhone 7,https://commons.wikimedia.org/wiki/File:French_Enduro_Championship_2018_(4th_stage)_-_9.JPG,eval,CC0; original sha256 1afdb4f8743424d3b8816a820eae80a9b4f38e8eb3cf99cef222b8035b5a7cfc; PD12M id 4822669fe067c31f370681ed4923a428
ph1_already_good_396c510bfa,experiments/auto/data/ph1/proxy/ph1_already_good_396c510bfa.png,7e8c1fcd3cfb0a7778174d4de78ca2ee122b0306560fe8c75d865b37d040c35a,already_good,,,public_holdout,T2_public_cc0_pd,commons:Snooze123,,Motorola,moto g(6),https://commons.wikimedia.org/wiki/File:Bus_l%C3%ADnea_173_EMT_Madrid.jpg,eval,CC0; original sha256 c5dc06b0b9d1720f59491cab94a8c06c217f301af3eeb5b7237b0351f8928ed7; PD12M id 4adae895bed1e86cf4437b04d98b7467
ph1_already_good_a7460eaca1,experiments/auto/data/ph1/proxy/ph1_already_good_a7460eaca1.png,38449fb92113db187886b000feb7522e8e888eca4e3fd7312ef7a0cf7119d04f,already_good,,,public_holdout,T2_public_cc0_pd,"commons:Warren LeMay from Cullowhee, NC, United States",2019:08:28,Apple,iPhone 8,"https://commons.wikimedia.org/wiki/File:Valley_Park,_Camp_Washington,_Cincinnati,_OH_(48905358487).jpg",eval,CC0; original sha256 0aaed992c559935581bfa133fbbd39a7e26af11fdc1ec03f2cd44799bc8ed3c6; PD12M id 4bc325230f97030bede4db565d17fae3
ph1_already_good_eb790fd443,experiments/auto/data/ph1/proxy/ph1_already_good_eb790fd443.png,1a548bff81c3274b4513110c8e10803b15643a32af2ea0acdc6651e1c8091ab2,already_good,,,public_holdout,T2_public_cc0_pd,commons:Gikü,2022:08:21,Samsung,SM-M315F,https://commons.wikimedia.org/wiki/File:MD.IL.Ruse%C8%99tii_Noi_-_Biserica_%E2%80%9ESf._Arhangheli_Mihail_%C8%99i_Gavriil%E2%80%9D_-_aug_2022_-_06.jpg,eval,CC0; original sha256 9c1c122176119d34d587eab5170893ca654350b26b2a04532d29a70750b3cdb9; PD12M id 4d32744ad072aba8641cb834f3644a94
ph1_already_good_c49bcbed66,experiments/auto/data/ph1/proxy/ph1_already_good_c49bcbed66.png,6e6c435df174f59eb7f94a21f1e835967c4c39a3b6386dcfb71c9fdcc5d43ea8,already_good,,,public_holdout,T2_public_cc0_pd,"commons:Geo Swan from Toronto, Canada",2023:05:30,Google,Pixel 6 Pro,"https://commons.wikimedia.org/wiki/File:15_Scadding,_2023_05_30_(52939250574).jpg",eval,CC0; original sha256 5b81e23eaa067ac619464abe588c9d679d6bb2315c3eb3ec324485b088eba3f9; PD12M id 4d8b1421e363bf6adc16cf6f97d7bd09
ph1_already_good_188edcd338,experiments/auto/data/ph1/proxy/ph1_already_good_188edcd338.png,cecf70e59c11ad2470048c658f220aa3b57e1196a918452fb82fca88a8cbc9ed,already_good,,,public_holdout,T2_public_cc0_pd,"commons:Warren LeMay from Cincinnati, OH, United States",2019:03:31,Apple,iPhone 8,"https://commons.wikimedia.org/wiki/File:Old_Christian_Moerlein_Brewery,_Over-the-Rhine,_Cincinnati,_OH_(40608266243).jpg",eval,CC0; original sha256 4e5737c88e194586f80c8a1b1a30797b39ea17435e3bee0a79ca2811b9938f69; PD12M id 5506e5d0a7c8c9fdbef11088c6c4a91f
ph1_already_good_e5d897d9bb,experiments/auto/data/ph1/proxy/ph1_already_good_e5d897d9bb.png,65e788b46f6c53fb2f72b5f37f95520c9a8aac7c66095544bac2513414e88c7f,already_good,,,public_holdout,T2_public_cc0_pd,commons:Rakoon,2023:05:24,Samsung,Galaxy A54 5G,https://commons.wikimedia.org/wiki/File:20230524_154752_May_2023_in_Bia%C5%82ystok.jpg,eval,CC0; original sha256 1e7b19be6c97a1404498c1f3ab99d2bd3a1a2f7a400aa0fff18787f14449f36d; PD12M id 567d7238a69897dc6a7b5aaff603d1da
ph1_already_good_d304082d76,experiments/auto/data/ph1/proxy/ph1_already_good_d304082d76.png,f47cdddce6c2d3ec6193dbcad678a773ffa4a210553edaf8e2884dade2e2c562,already_good,,,public_holdout,T2_public_cc0_pd,commons:Rakoon,2021:05:24,Samsung,SM-A720F,https://commons.wikimedia.org/wiki/File:20210524_135151_May_2021_in_Bia%C5%82ystok.jpg,eval,CC0; original sha256 7aecd7652f539cd1fa8e673d95d23515470bbf14f11e59f77c9538cbe93936fe; PD12M id 5aa20f33b8c5d8195ddc377d495449d1
ph1_already_good_cbb68f14bd,experiments/auto/data/ph1/proxy/ph1_already_good_cbb68f14bd.png,64dcb8e189baf7110b41c95fdac4bfaddfb002d16646ae4552737ceca1a29c83,already_good,,,public_holdout,T2_public_cc0_pd,commons:Rakoon,2022:05:01,Samsung,SM-A720F,https://commons.wikimedia.org/wiki/File:20220501_133010_May_2022_in_Poland.jpg,eval,CC0; original sha256 53d3b6d469fa02a1d9e6107aa06a2afbf1f567520b8b62160d128fd680829603; PD12M id 5b27a244eaa66128aaa5153041b8439a
ph1_already_good_bae4bd0a31,experiments/auto/data/ph1/proxy/ph1_already_good_bae4bd0a31.png,094a53fa1ac2f825ec3fd032596c3aee72d64f99cc3b5565bc6b2fed96a09f57,already_good,,,public_holdout,T2_public_cc0_pd,commons:SIG SG 510,2017:04:16,ZTE,ZTE Blade A452,https://commons.wikimedia.org/wiki/File:Borgo_Virgilio_(MN)_-_frazione_Borgoforte_-_chiesa_di_San_Giovanni_Battista_-_portale.jpg,eval,CC0; original sha256 156daab0fd6d990439a67468b461fabe34e44f078516d39e5f288f598b4f5caa; PD12M id 5c4f42f6b7b0c6ee86600d3b378ac9eb
ph1_already_good_4a2c870220,experiments/auto/data/ph1/proxy/ph1_already_good_4a2c870220.png,098a72ebe3801706cf70c837b86d014636e1d189e8bd53e2a33dee45a60aa3ce,already_good,,,public_holdout,T2_public_cc0_pd,commons:Catatine,2020:12:14,Samsung,SM-A405FN,https://commons.wikimedia.org/wiki/File:Kanal_Saaleaue_vonS.jpg,eval,CC0; original sha256 831d13f6efa9ef9a3fe59b54b05acb25f10bbe5eaee2a4df38214011e32e18fa; PD12M id 6f7aced193fa2208b604b13c49e84472
ph1_already_good_ad9e9341e6,experiments/auto/data/ph1/proxy/ph1_already_good_ad9e9341e6.png,23bc6c3e5020da0be28e4a911c4ce3fc4ec99be4094c2ce70c2728d259264c6c,already_good,,,public_holdout,T2_public_cc0_pd,commons:Random photos 1989,2020:06:27,Huawei,VOG-L29,"https://commons.wikimedia.org/wiki/File:Budapest,_Nyugati_p%C3%A1lyaudvar,_villamos,_15.jpg",eval,CC0; original sha256 a029d5bebcfd603bcd1f68a62a4c4bbcfac36230c4cc18675eab36d30cab3245; PD12M id 8a4bd89b486e2d14dcc9516a8ef0f768
ph1_already_good_38926711f0,experiments/auto/data/ph1/proxy/ph1_already_good_38926711f0.png,1b4ceeb97361fcf76ad2ff45cdc97a723317452398f9e92ac8b9e739b26a5be0,already_good,,,public_holdout,T2_public_cc0_pd,commons:Kosun,2023:06:08,Huawei,MRD-LX1F,https://commons.wikimedia.org/wiki/File:%D0%A3%D0%B7%D0%B5%D0%BD%D0%B1%D0%B0%D1%88%D1%81%D0%BA%D0%B8%D0%B9_%D0%BA%D0%B0%D0%BD%D1%8C%D0%BE%D0%BD_2.jpg,eval,CC0; original sha256 ee95b510d74a8afb88d6f2ec4dac8105f136c7e1d51fd59f97a49bd9657d099a; PD12M id 8e4a8cb1323348d275a2eeff00f195db
ph1_already_good_0b82e6d983,experiments/auto/data/ph1/proxy/ph1_already_good_0b82e6d983.png,7c97cc2f2858838bba288b499d96198f962f512a218aa2626a3bdd44a7640eca,already_good,,,public_holdout,T2_public_cc0_pd,commons:Rakoon,2022:06:01,Samsung,SM-A720F,https://commons.wikimedia.org/wiki/File:20220601_150524_June_2022_in_Bia%C5%82ystok.jpg,eval,CC0; original sha256 1d80c7376783c8596d27528d08f2d269e39d9ebb877af2fa37b4afe40b0a23ce; PD12M id 933f1423844d3b7743613dcdff80fbc8
ph1_already_good_3c4671148e,experiments/auto/data/ph1/proxy/ph1_already_good_3c4671148e.png,6e92ca6ef1df49655e408f39cd729d2276f614ff1dc04c76da233e123e9df141,already_good,,,public_holdout,T2_public_cc0_pd,commons:Andy Li,2022:11:03,Samsung,SM-G9650,https://commons.wikimedia.org/wiki/File:Eastbourne_beach_evening.jpg,eval,CC0; original sha256 76f4bcad1e825c7c1f3bf724763d646d7ed57635677a00f582fb4ce733beed87; PD12M id 966edfe21c4c0061aaefada48b60e990
ph1_already_good_40693825ad,experiments/auto/data/ph1/proxy/ph1_already_good_40693825ad.png,7c635959e42c3c3fc05c34bc0d8231fbeace85e5b6e3dab2b646d1842b355b88,already_good,,,public_holdout,T2_public_cc0_pd,commons:Mx. Granger,2020:05:25,Motorola,moto g(7) power,"https://commons.wikimedia.org/wiki/File:Wilkinson_Creek,_North_Carolina.jpg",eval,CC0; original sha256 cc61b0971f0fceeea68bea281ebc6d292650193a2ba6a8601d907c73c4119263; PD12M id a44eabbeed0f68cd39f63ac138273ac4
ph1_already_good_e9a7be4771,experiments/auto/data/ph1/proxy/ph1_already_good_e9a7be4771.png,ce70472925ca581d9e95b5123f1b8973d43878e906b2113e013ea774db8de81c,already_good,,,public_holdout,T2_public_cc0_pd,commons:Kosun,2023:06:08,Huawei,MRD-LX1F,https://commons.wikimedia.org/wiki/File:%D0%A3%D0%B7%D0%B5%D0%BD%D0%B1%D0%B0%D1%88%D1%81%D0%BA%D0%B8%D0%B9_%D0%BA%D0%B0%D0%BD%D1%8C%D0%BE%D0%BD_1.jpg,eval,CC0; original sha256 f807c0f8b8dee05465dabd55881beb75f5ad7d5a398734a5b0e43fab1f0d51b5; PD12M id ceebc1a5029824e895648b85a5ca60c6
ph1_already_good_f548d4cb32,experiments/auto/data/ph1/proxy/ph1_already_good_f548d4cb32.png,0652a16a93ff0ba1569fd786dac94ec9312b56be0004d40af1ecd181891a7666,already_good,,,public_holdout,T2_public_cc0_pd,commons:01x07x2022000,2023:11:12,Apple,iPhone SE (2nd generation),https://commons.wikimedia.org/wiki/File:Chatov%C3%A1_kolonie_u_B%C3%ADlky_IMG_7719.JPG,eval,CC0; original sha256 c4d1cdf3687d5f2390c57978c84579acab490ed3dea8bb1dcaaf3b701157e1ed; PD12M id eae9ecf6d931ba7d0ded961d3294a89f
ph1_backlit_7896743298,experiments/auto/data/ph1/proxy/ph1_backlit_7896743298.png,b07021dd019c01fff63e82a25594c9f0516e6d05494763e03b49204564853ca3,backlit,,,public_holdout,T2_public_cc0_pd,commons:w_lemay,2019:08:03,Apple,iPhone 8,"https://commons.wikimedia.org/wiki/File:Sunken_Lounge_Departures_Board,_TWA_Flight_Center,_John_F._Kennedy_International_Airport,_Jamaica,_Queens,_New_York_City,_NY_-_48581397767.jpg",eval,CC0; original sha256 1f6519fd0318bf1404d8152c3d73b4e85d5bef668edd81d56ac67002529fc64c; PD12M id 005256c8033f7ae69964364df19a923d
ph1_backlit_c4349e0f5a,experiments/auto/data/ph1/proxy/ph1_backlit_c4349e0f5a.png,3d07164501018e49433512c523a4921868d2f0bdea3fad5bdb20dd65562c9038,backlit,,,public_holdout,T2_public_cc0_pd,commons:Imeao,2021:12:18,Xiaomi,Mi A2 Lite,https://commons.wikimedia.org/wiki/File:Akemvxfoxoyp.jpg,eval,CC0; original sha256 cb66499f15144f05daceab6ec21b55fb4f1280a4935f69327cdec0bf9d9c373b; PD12M id 0080fd077a6599d8e5bed4cd126b2b54
ph1_backlit_b1d1ba3baf,experiments/auto/data/ph1/proxy/ph1_backlit_b1d1ba3baf.png,916279cf317eeb339cc3bd00dff85697b1c45172f2c77c032d114602ef91bb50,backlit,,,public_holdout,T2_public_cc0_pd,commons:AnRo0002,2016:11:29,Canon,Canon IXUS 510 HS,https://commons.wikimedia.org/wiki/File:20161129Carduus_acanthoides2.jpg,eval,CC0; original sha256 8f1ef7ee4aea89271e01a6eaa271ed4c50145524cf8f20af73ca825aed9f5f7f; PD12M id 01a3c79c4a72489064bef5d5954d0131
ph1_backlit_c4b3d36761,experiments/auto/data/ph1/proxy/ph1_backlit_c4b3d36761.png,8476e59d479689c33e08fab30633b60c2bae58d23cf7022ebabcf4159445133f,backlit,,,public_holdout,T2_public_cc0_pd,commons:AnRo0002,2012:08:19,Canon,Canon PowerShot A1200,https://commons.wikimedia.org/wiki/File:20120819Pinus_sylvestris3.jpg,eval,CC0; original sha256 dfa4bc7ac3f17ed08b9e291191769e4e6917cdfa508bd328cb26c097387abf82; PD12M id 02e07012b22a8286f5917ee08789298c
ph1_backlit_3cc6759607,experiments/auto/data/ph1/proxy/ph1_backlit_3cc6759607.png,e871d4da20ed0e1c7c95349b523a7fa27e045643aba9669a66f68ded921b831a,backlit,,,public_holdout,T2_public_cc0_pd,commons:B137,2021:03:03,Samsung,SM-T867V,https://commons.wikimedia.org/wiki/File:Washingtonia_x_filibusta_small_01.jpg,eval,CC0; original sha256 65f5fcf692f9952aa7c0cec3c7d69689c8e7541931fb01ad4e9e18ec562722ea; PD12M id 02fca75e984dacacc2b9ea17da71c340
ph1_backlit_13d16e06aa,experiments/auto/data/ph1/proxy/ph1_backlit_13d16e06aa.png,31572de841118ba1c6933c308ed25e33e795e3f43cb7095aafee3974efe2294e,backlit,,,public_holdout,T2_public_cc0_pd,commons:Higa4,2020:11:15,Apple,iPhone SE,https://commons.wikimedia.org/wiki/File:Shiraoi-upopoy_40.jpg,eval,CC0; original sha256 056acb845b84f2b807afca044d6e59097f59d9c44b4c0212d72e6038340beb1b; PD12M id 03039751df7d9efe36f0929ade159d2d
ph1_backlit_a09ce60bf1,experiments/auto/data/ph1/proxy/ph1_backlit_a09ce60bf1.png,9efc569886bb608a9c13eaa9f6f0a3f5ebd0af023f1edaa49028156a950aaf3e,backlit,,,public_holdout,T2_public_cc0_pd,commons:Leonhard Lenz,2022:05:27,Panasonic,DC-S1R,https://commons.wikimedia.org/wiki/File:Antarctica_protection_protest_Berlin_2022-05-27_89.jpg,eval,CC0; original sha256 5882205c2ee0311b36bfc55b140b62f61bce48179294820ce9fcd0e9d20fc938; PD12M id 036ef2475a7dcb2c67d18950c0c8ef3c
ph1_backlit_abe2cd1224,experiments/auto/data/ph1/proxy/ph1_backlit_abe2cd1224.png,711a4e68d7ebda9e3367f1db741ac75ed66d399699ce957136499cc439b8337a,backlit,,,public_holdout,T2_public_cc0_pd,commons:Dɐ,2014:05:31,FUJIFILM,FinePix S8100fd,"https://commons.wikimedia.org/wiki/File:Blue_Impulse_2014,_fly_over_Tokyo_National_Stadium_010.JPG",eval,CC0; original sha256 a83a105a50dc457c8b181957df6c4691d8850d2c38b0e2bd0c825feadfa44e70; PD12M id 0458ee4c4f9c596d1e33785c14c2f6b2
ph1_backlit_b0e0ddf5fe,experiments/auto/data/ph1/proxy/ph1_backlit_b0e0ddf5fe.png,fc822b8a47508900422def38e106ca11c537368fdff1a9c5a135474fbd2ef741,backlit,,,public_holdout,T2_public_cc0_pd,commons:AnRo0002,2016:09:29,Canon,Canon IXUS 510 HS,https://commons.wikimedia.org/wiki/File:20160929Pinus_sylvestris.jpg,eval,CC0; original sha256 8b2d009fd866e4ad6befe686ae407b41019ba8135bdff998c2670abd98aeb202; PD12M id 0539fdf51bd8f97ed5ff49c12843efee
ph1_backlit_4108e65fe7,experiments/auto/data/ph1/proxy/ph1_backlit_4108e65fe7.png,f5f3a3bf998a7d8de6a055e970b5453607bb854e139c898e16dcd231163560c3,backlit,,,public_holdout,T2_public_cc0_pd,commons:peter harris,2017:07:22,Canon,Canon EOS Rebel T6i,https://commons.wikimedia.org/wiki/File:Nepal_and_west_Papua_(39660311073).jpg,eval,CC0; original sha256 d470a7a3a0c24afed9d5439ea209ff2825c2094c2b3dd6041fb9945f1f5d53c9; PD12M id 06848e1d311e0c45aa1043b763b6d247
ph1_backlit_72b874e0c4,experiments/auto/data/ph1/proxy/ph1_backlit_72b874e0c4.png,7caa007ecb23bbd15c61eacdc13129eef96607139b4e96d6492a0a04a4bb252b,backlit,,,public_holdout,T2_public_cc0_pd,commons:Judgefloro,2017:05:09,NIKON,COOLPIX AW100,https://commons.wikimedia.org/wiki/File:05607_jfUbihan_Mecauayan_Taliptip_Bulacan_Abangan_Marilao_River_Districtsfvf_37.jpg,eval,CC0; original sha256 5c39653209de7b530bed762de70b283954b832d999d74cbf1fb2f6edcd672fcb; PD12M id 06c972bda2132908b5befd068a675026
ph1_backlit_98293aa646,experiments/auto/data/ph1/proxy/ph1_backlit_98293aa646.png,299dffd15e8293854b6acedac520f85cc968f47b60c65efb572ec691b138003c,backlit,,,public_holdout,T2_public_cc0_pd,commons:Forestphotograph,2013:12:25,Sony,C5303,"https://commons.wikimedia.org/wiki/File:Street_Mi%C5%A1kinink%C5%B3_g._8,_Jonava_(kids_place).jpg",eval,CC0; original sha256 674592ae6b74d80a987fe3b87dec929e04b92548c3e828a503683e74a3f617e3; PD12M id 06de6c49a58c4e5cfcf5ef14039b0c55
ph1_backlit_6d7fb894f6,experiments/auto/data/ph1/proxy/ph1_backlit_6d7fb894f6.png,27f608cfac7a88d5ffd9fade23ef3a5a06609c2f29cb00109bfce0d4b9adf885,backlit,,,public_holdout,T2_public_cc0_pd,commons:Judgefloro,2017:05:08,NIKON,COOLPIX AW100,"https://commons.wikimedia.org/wiki/File:03342jfSan_Isidro,_Nueva_Ecija_River_Roads_Riverfvf_35.jpg",eval,CC0; original sha256 e990e8b9a3299071a820ec0065ce848f7f7c9593ccd8a9e5d77d1fd55faaa0f1; PD12M id 07186653875784a0e19e2acb18ac05fb
ph1_backlit_a29cbd642e,experiments/auto/data/ph1/proxy/ph1_backlit_a29cbd642e.png,85f286a205172ba6459d19ae9dd2f6fc1f2a71795e627879e0541cf5b040fe31,backlit,,,public_holdout,T2_public_cc0_pd,commons:Judgefloro,2017:03:26,NIKON,COOLPIX AW100,"https://commons.wikimedia.org/wiki/File:08077jfPaddy_fields_Sunset_Plaridel_Bypass_Project_Phase_Contract_Package_San_Rafael,_Bulacanfvf_38.jpg",eval,CC0; original sha256 7f2403303f6533138863746228a4ccba750f699e2b63ca1de1e69317e2a730f8; PD12M id 0726f22d4291c4f4386f3c3527979beb
ph1_backlit_9d4d4c34ab,experiments/auto/data/ph1/proxy/ph1_backlit_9d4d4c34ab.png,a97a134ed03117b9a48e4a72f4330664e1a41892d1e6b1f92b16bccb4b6ace24,backlit,,,public_holdout,T2_public_cc0_pd,commons:Judgefloro,2016:12:29,NIKON,COOLPIX AW100,"https://commons.wikimedia.org/wiki/File:02097jfSunsets_in_Galas_Maasim,_San_Rafael,_Bulacanfvf_18.jpg",eval,CC0; original sha256 69fe2564e61bbbb691a4e5f96fd2112f04062d43cd7b52fae543f0d41c6678e8; PD12M id 1080b4b55596fc00875446b82bcbcb35
ph1_backlit_22701b3556,experiments/auto/data/ph1/proxy/ph1_backlit_22701b3556.png,627e108d6db6d899b04ac5af0a52bb3a475a6b8d2531aa840567f86d34ca3cf4,backlit,,,public_holdout,T2_public_cc0_pd,commons:Leonhard Lenz,2022:01:21,Panasonic,DC-S1R,https://commons.wikimedia.org/wiki/File:Heath_in_Heidehof_-_Golmberg_2022-01-21_230.jpg,eval,CC0; original sha256 a8a209bad7d4bdbe78f8515f5b5e328c0c8ec3894bf654c363755c3c7b39c859; PD12M id 11ea7aba331d323373b507b12ddbe52e
ph1_backlit_3e7884d32b,experiments/auto/data/ph1/proxy/ph1_backlit_3e7884d32b.png,3f5a40128fb647bbe78b86a406a987581593c94563e57c49ef2862b9478262b6,backlit,,,public_holdout,T2_public_cc0_pd,commons:Romainbehar,2019:08:25,Samsung,SM-J500FN,"https://commons.wikimedia.org/wiki/File:Paris_7e_-_Mus%C3%A9e_Rodin,_fen%C3%AAtre_du_premier_%C3%A9tage_donnant_sur_le_jardin.jpg",eval,CC0; original sha256 842d37ca64dd2fd4a1009d66776e6f180e54ef2590cc092c71cc217a7fec6099; PD12M id 1b0f3f6711928aeb2c563ee76511ed9d
ph1_backlit_237638ed8b,experiments/auto/data/ph1/proxy/ph1_backlit_237638ed8b.png,7a7451bbab81a7794836a20cceb3b0f0a96fa403176c77103b2362b4abe5c12a,backlit,,,public_holdout,T2_public_cc0_pd,commons:Ajznponar,2024:02:25,Xiaomi,M2101K9G,"https://commons.wikimedia.org/wiki/File:Gorenji_Logatec,_Holy_Cross_filial_church_04.jpg",eval,CC0; original sha256 699a24dca5416e94b3ea1596be05d070635e44e926f14c49a2eaccdb5ccea68c; PD12M id 1b13f0a3272a76313302f6aa57efe9e9
ph1_backlit_348e4946df,experiments/auto/data/ph1/proxy/ph1_backlit_348e4946df.png,53d305721028259fcf49e7cf1fa7f7f6e6f6d2c10163076e192b51ff86bced75,backlit,,,public_holdout,T2_public_cc0_pd,commons:dankeck,2016:05:16,Apple,iPhone 5,https://commons.wikimedia.org/wiki/File:Smith_Nature_Park_and_Slyh_Run_(26980847322).jpg,eval,CC0; original sha256 eb77e6460cf67b765de3a51e51066b5c469bbebc323b2e04000a0982f47bceb1; PD12M id 1c04a691d5b466141a0cbf28155ed6ae
ph1_backlit_69eaa906da,experiments/auto/data/ph1/proxy/ph1_backlit_69eaa906da.png,85a48468e48437c38663000de667cfd9acfe1cca5302cd7f38e3167009892f1e,backlit,,,public_holdout,T2_public_cc0_pd,commons:Imeao,2022:03:23,Xiaomi,Mi A2 Lite,https://commons.wikimedia.org/wiki/File:Usfvhzjzuuby.jpg,eval,CC0; original sha256 f6807b3153dfec12d2e73102a33742ed66660db20a5706ccbfe615dbe0549b36; PD12M id 1e669193d133ffd2bcab662bc730529b
ph1_backlit_45d16c8ce2,experiments/auto/data/ph1/proxy/ph1_backlit_45d16c8ce2.png,d3581d6b37f205801e0517efa8b44d8a11aeda1969b29d83c30c873238c19703,backlit,,,public_holdout,T2_public_cc0_pd,commons:Romainbehar,2019:06:07,Samsung,SM-J500FN,"https://commons.wikimedia.org/wiki/File:Lyon_1er_-_Rue_des_Capucins,_num%C3%A9ro_6,_cour_(1).jpg",eval,CC0; original sha256 37876114a33c37c800711e0ea7629ca616f5d3229ff3a7d6e340826c15be91b2; PD12M id 1eb59b41dbad26e63016d5c8848d7f0b
ph1_backlit_3d4fc5b485,experiments/auto/data/ph1/proxy/ph1_backlit_3d4fc5b485.png,775602ac21b7980a6dace1610d52dee2561a40557c01c0516ca5eb2461553961,backlit,,,public_holdout,T2_public_cc0_pd,commons:Ubahnverleih,2019:10:13,Apple,iPhone 11,https://commons.wikimedia.org/wiki/File:Wasserkraftwerk_Wiblingen_20_42_41_276000.jpeg,eval,CC0; original sha256 a04841125805fe3cfdde0c32f39840db2590212e3137eb16c18a179f82514cd1; PD12M id 217fcba66758d64bd1c0b4a1797a28e7
ph1_backlit_75c9363c35,experiments/auto/data/ph1/proxy/ph1_backlit_75c9363c35.png,60ac5707eaadbe203e235bab3ac602dabad1cc744d60079356008ee58f24fb97,backlit,,,public_holdout,T2_public_cc0_pd,commons:Themium,2018:04:09,Samsung,SM-J701MT,https://commons.wikimedia.org/wiki/File:Halo_Taubateano_1.jpg,eval,CC0; original sha256 a5c421015443b4f26c4ee51d3d2117dc479007a1fc53e3c78f7d4ece2bb67ac7; PD12M id 246608c7da60c72a025e24a6240a9618
ph1_backlit_d2a6bbdad1,experiments/auto/data/ph1/proxy/ph1_backlit_d2a6bbdad1.png,f1579389328e352ded3a8d6614fbc0036e2e4c8ff72bbead56cbd3a1e42ec994,backlit,,,public_holdout,T2_public_cc0_pd,commons:CAPTAIN RAJU,2023:04:10,Apple,iPhone 6,https://commons.wikimedia.org/wiki/File:Croatia_Highway_route_(E65)_in_2023.11.jpg,eval,CC0; original sha256 5e25879cb98a82c62ce5decf903b38cca70cf693ae00e4b200173ab12e9a49d5; PD12M id 2739e1e1f3862609fb0444c2f2a3566e
ph1_backlit_d098dc61aa,experiments/auto/data/ph1/proxy/ph1_backlit_d098dc61aa.png,434ad72ef08ebbbde596d1edba8a9e7ee27efbc39daecab3dd9a19b935c1c43e,backlit,,,public_holdout,T2_public_cc0_pd,commons:Rakoon,2018:10:24,Samsung,SM-A720F,"https://commons.wikimedia.org/wiki/File:20181024_173947_Polish_language_school,_Lodz._October_2018.jpg",eval,CC0; original sha256 5b442bcbf5ee169f5b66d1588cb122fd45afbdf3b7bb58ff0c56c36feb47632c; PD12M id 2f5586c56c1ba9893ce08dde2f69b571
ph1_backlit_ee43642d66,experiments/auto/data/ph1/proxy/ph1_backlit_ee43642d66.png,476dd3e384080515ef73e95070df69f0941f3eee8b19fba9b5b8cc21d66ddf08,backlit,,,public_holdout,T2_public_cc0_pd,commons:先従隗始,2021:04:04,Huawei,ANE-LX2J,https://commons.wikimedia.org/wiki/File:Konsh%C5%8Dzan_Konsh%C5%8D-ji_Temple_20210404_12.jpg,eval,CC0; original sha256 d1f8cbc822e9004d46cadc4f23a942d9f0a5c287a5735d409bae05d8ca92afca; PD12M id 30012ac5a86dfe5c8302fc95ed61729d
ph1_backlit_9aeb5a4da2,experiments/auto/data/ph1/proxy/ph1_backlit_9aeb5a4da2.png,03ee351019e6322343c8ca0070af30419b7ca14734335dff711af0197785f99e,backlit,,,public_holdout,T2_public_cc0_pd,commons:JWilz12345,2021:07:04,Samsung,SM-A205GN,https://commons.wikimedia.org/wiki/File:NLEX_Karuhatan_Link2jwilz.jpg,eval,CC0; original sha256 1216c1825b47bd0e64554d19e59b57bf85ccb03076bafbbf5eccc3855d4f7b44; PD12M id 3119fc010132422ff57ef309050bbeef
ph1_backlit_034449cbf8,experiments/auto/data/ph1/proxy/ph1_backlit_034449cbf8.png,dc61d46d10c147121c3f9cbf341feb02aded08a2232d12455079a5ea97536239,backlit,,,public_holdout,T2_public_cc0_pd,commons:Romainbehar,2019:08:31,Samsung,SM-J500FN,"https://commons.wikimedia.org/wiki/File:Vichy_-_Centre_thermal_des_D%C3%B4mes_-_Salle_du_grand_d%C3%B4me,_haut_de_la_verri%C3%A8re_(int%C3%A9rieur).jpg",eval,CC0; original sha256 d9a4f2f53bc43dc6ccc46b43a85f6695f7011377f8a6683407ce9a17e11b0d49; PD12M id 3e90828d93b0c2cd3a2a1b31f01e3a1c
ph1_backlit_8407730659,experiments/auto/data/ph1/proxy/ph1_backlit_8407730659.png,0559eb230aa7e6e236ccaf06b0a75277274d375b1c3b8dda52f6f43941d7e54b,backlit,,,public_holdout,T2_public_cc0_pd,commons:Imeao,2022:03:25,Xiaomi,Mi A2 Lite,https://commons.wikimedia.org/wiki/File:Cdyjusyhgyzf.jpg,eval,CC0; original sha256 de79cf5b923b5cb104ec7bfdbfb25cdfe06a365441e97238c420693ae1aeaf0c; PD12M id 422c88747ba0a85191fd41c01eb52ace
ph1_backlit_c008878258,experiments/auto/data/ph1/proxy/ph1_backlit_c008878258.png,ae99b3f720c0a69f1e5725cb41124861336dee0b630d2aa1780672c0249f9e16,backlit,,,public_holdout,T2_public_cc0_pd,commons:Neoclassicism Enthusiast,2023:04:19,Apple,iPhone XR,"https://commons.wikimedia.org/wiki/File:15-17_Strada_Jules_Michelet,_Bucharest_(69).jpg",eval,CC0; original sha256 5d8729bfd92f4dcf185e4630f2915929dc4afe6ad35f0191d74b7d111116e477; PD12M id 4464bb7f80fe48be86c935a161b15e88
ph1_backlit_0800081d6d,experiments/auto/data/ph1/proxy/ph1_backlit_0800081d6d.png,558cc938b1bf8d13d53d94ca2bea76d23eb577e31320f96717725204722fe6b3,backlit,,,public_holdout,T2_public_cc0_pd,commons:150 let MHD Brno,2019:08:31,Samsung,SM-A750FN,https://commons.wikimedia.org/wiki/File:Juli%C3%A1nov_20190831_112435_179.jpg,eval,CC0; original sha256 090f8df83b8c0ab0fef107ef5e586a021a2074c54c0258232c811e45e593739d; PD12M id 4aefd5a53fbecc8f6126f66f00e0eb8c
ph1_backlit_147e7a1ed7,experiments/auto/data/ph1/proxy/ph1_backlit_147e7a1ed7.png,85321f8d23a8dba0155ed8c3e05f658f4a5a36fc5f4fac9595eb52e6567ce80b,backlit,,,public_holdout,T2_public_cc0_pd,commons:ديفيد عادل وهبة خليل 2,2017:06:18,HTC,HTC Desire 816G dual sim,https://commons.wikimedia.org/wiki/File:%D9%81%D9%86%D8%AF%D9%82_%D9%83%D9%84%D9%8A%D9%88%D8%A8%D8%A7%D8%AA%D8%B1%D8%A7_%D9%85%D8%B1%D8%B3%D9%89_%D9%85%D8%B7%D8%B1%D9%88%D8%AD_06.jpg,eval,CC0; original sha256 7f40db7abcb2c0b2c0ea451af59ae7aa7b3500d7f640a1934b3b2501f840b951; PD12M id 4b7e94427350a655c75e373b6cc46145
ph1_backlit_0628bd0271,experiments/auto/data/ph1/proxy/ph1_backlit_0628bd0271.png,9fcd023806fd672a9325e0cf5758f66cab859358d4053b9b3fd14b721065632b,backlit,,,public_holdout,T2_public_cc0_pd,commons:Michael Young,2017:09:01,Apple,iPhone 6s,https://commons.wikimedia.org/wiki/File:Gate_Fanrham_Park_(39085508320).jpg,eval,CC0; original sha256 10831d778cbd64e91dc40094e3b44c820fbfc82781d5f0b58b16e1c4a22b8669; PD12M id 4f7f059b2a536b1a8e195c7798efc46b
ph1_backlit_4a6f93f83c,experiments/auto/data/ph1/proxy/ph1_backlit_4a6f93f83c.png,9e467bfc52b015c215c94c2c5b75b3201b21f6cdf9edd64eceb709e816d77950,backlit,,,public_holdout,T2_public_cc0_pd,commons:Romainbehar,2017:09:17,Samsung,SM-J500FN,https://commons.wikimedia.org/wiki/File:Ch%C3%A2teau_de_Dr%C3%A9e_-_Tour_des_demoiselles_-_Int%C3%A9rieur.jpg,eval,CC0; original sha256 04f4f440c8893e87e07bb957a740a5c8eed60d09005cc55c0d6606f46d77e064; PD12M id 5661aa43daad6cc43c09ee97f0cd4956
ph1_backlit_963f228823,experiments/auto/data/ph1/proxy/ph1_backlit_963f228823.png,94b05a899ec8213953925d9040c635a501e8dfc34ec671c47fd77d0d183afa86,backlit,,,public_holdout,T2_public_cc0_pd,commons:Mantelmoewe,2023:11:22,Samsung,SM-G770F,https://commons.wikimedia.org/wiki/File:Geigenfeige_blatt.jpg,eval,CC0; original sha256 13f4f8a2c57c01a2b751beeb92f01ef82068355f8c817c1a11f867a122e1c48a; PD12M id 5ab9a9ceb8ea29bf58ac856e5222b607
ph1_backlit_8478f0eb77,experiments/auto/data/ph1/proxy/ph1_backlit_8478f0eb77.png,5b5ac1534f5c7d0e5020cd3ce60df97ab24e19c7090fe86d1101dbbdcdff3f92,backlit,,,public_holdout,T2_public_cc0_pd,commons:Rakoon,2022:10:12,Samsung,SM-A720F,https://commons.wikimedia.org/wiki/File:20221012_102857_October_2022_in_Bia%C5%82ystok.jpg,eval,CC0; original sha256 002b79b4342536abd9dc8c08c13d240b2f0f7f1efa1d6e2a80d08a7b8d5f77e6; PD12M id 61af809c702e56a5930db698af3211e8
ph1_backlit_7b07d822a1,experiments/auto/data/ph1/proxy/ph1_backlit_7b07d822a1.png,29632be6f33879304aceaf899e9fa27bf0a8b86e39559ab99f2585c3686d71a3,backlit,,,public_holdout,T2_public_cc0_pd,commons:Hassocks5489,2011:10:20,Samsung,SAMSUNG ST60 / VLUU ST60 / SAMSUNG TL105 / SAMSUNG ST61,"https://commons.wikimedia.org/wiki/File:St_Mary_Magdalene%27s_Church_(The_Barn_Church),_Francis_Edwards_Way,_Bewbush,_Crawley_(NHLE_Code_1354199)_(October_2011)_(Interior)_(5).jpg",eval,CC0; original sha256 ad45e2ef3417a2a143a20b216f5ace5d52973ab5ed659280cbf85be562ee5c24; PD12M id 672b4dbb78bdc00ecc38fc4ea8dd95fc
ph1_backlit_c6cf2b04ae,experiments/auto/data/ph1/proxy/ph1_backlit_c6cf2b04ae.png,fd20afc32421bb62021d1bdf1041ce0c9e1899858e6846ef38deccb7e015bfaf,backlit,,,public_holdout,T2_public_cc0_pd,commons:Romainbehar,2019:09:15,Samsung,SM-J500FN,"https://commons.wikimedia.org/wiki/File:Lyon_5e_-_Quai_de_Bondy,_palais_Bondy,_fen%C3%AAtre_donnant_sur_la_rue_Louis_Carrand.jpg",eval,CC0; original sha256 58b3144b4db888431d94793420834f40c30b04b9a005e0a0352471b11d1bfe10; PD12M id 6b0c28905d39dd240b025b0535a07a8d
ph1_backlit_78ee750ed0,experiments/auto/data/ph1/proxy/ph1_backlit_78ee750ed0.png,6228591944b4a39fd04750820ed3d25c08750be0b942326f201ca93b681c758d,backlit,,,public_holdout,T2_public_cc0_pd,commons:Mychemicalromanceisrealemo,2017:06:04,Samsung,SAMSUNG-SM-G930A,https://commons.wikimedia.org/wiki/File:Kaweah_oaks.jpg,eval,CC0; original sha256 73019ea10cb505927c5d4546a44062d98a0c92c3ebdad67fa6fc42de69d5bbcb; PD12M id 7087e003f805c0b37c58b3b13dc47d64
ph1_backlit_495b384253,experiments/auto/data/ph1/proxy/ph1_backlit_495b384253.png,4bab2719fa0b1ad1d2315f1792e6b020282573a8f9ae0a9525c725afd32db20a,backlit,,,public_holdout,T2_public_cc0_pd,commons:Neoclassicism Enthusiast,2023:04:28,Apple,iPhone XR,"https://commons.wikimedia.org/wiki/File:4_Strada_Anastasie_Simu,_Bucharest_(21).jpg",eval,CC0; original sha256 fef038de4117b50d7b3fc1210b81cfb58d33377820d460c95d91b4df807b95ec; PD12M id 764658378624d27ae9996c0a22d464dd
ph1_backlit_517eca40ac,experiments/auto/data/ph1/proxy/ph1_backlit_517eca40ac.png,881be2bb41dd7df49b32baff825324e1ca2d7cbb55b0b43fbd87326fda6dd0b3,backlit,,,public_holdout,T2_public_cc0_pd,commons:Dan Keck from Ohio,2018:04:30,Samsung,SM-G930V,https://commons.wikimedia.org/wiki/File:Oak_Grove_Cemetery_(41971658792).jpg,eval,CC0; original sha256 f877bdbc2fd48fd3208be8d028f45cbda2b6364c78148843e8a4ec63973d002b; PD12M id 7e3483062464ab3dbc527039ee6a0687
ph1_backlit_732d4b174c,experiments/auto/data/ph1/proxy/ph1_backlit_732d4b174c.png,7b1615d00098cb4908362f9632caaad68d6c145d709074078c3f4a76af57e1af,backlit,,,public_holdout,T2_public_cc0_pd,commons:Levi Clancy,2018:04:08,Huawei,RNE-L21,https://commons.wikimedia.org/wiki/File:The_Monastery_of_Saint_Matthew_and_its_environs_10.jpg,eval,CC0; original sha256 965642df2e169526d10e31dd7aa6e7e35f1d88bf077037f573c91eeffb25f389; PD12M id 7e634d9c4b5090de6e5fa21579135150
ph1_backlit_24e7637dd8,experiments/auto/data/ph1/proxy/ph1_backlit_24e7637dd8.png,37a10a9f1e218694e5b6a2ea0d6a0f3b5e3c20b406f38fbd33d3e933dd46bf39,backlit,,,public_holdout,T2_public_cc0_pd,commons:Benoît Prieur,2021:07:21,Apple,iPhone XS,https://commons.wikimedia.org/wiki/File:Cimeti%C3%A8re_de_K%C3%B3kkino_Chori%C3%B3_(Cr%C3%A8te)_juillet_2021_(9).jpg,eval,CC0; original sha256 99ca857e34ab8e2d2016b8ceacbafdabf8d7a10560fbfbe841a501e9408ee7a9; PD12M id 7f7739c1a2fbf8a4aa639c4c7f7bf1b3
ph1_backlit_e73c57fc67,experiments/auto/data/ph1/proxy/ph1_backlit_e73c57fc67.png,cc82284adce4b36ca6482b272290ab9ac124107b604787f7f3e5db5d345ae476,backlit,,,public_holdout,T2_public_cc0_pd,commons:Gikü,2022:09:11,Samsung,SM-M315F,https://commons.wikimedia.org/wiki/File:MD.OC.Unguri_-_Monument_la_morm%C3%A2ntul_osta%C8%99ului_c%C4%83zut_%C3%AEn_1944_%C8%99i_%C3%AEn_memoria_cons%C4%83tenilor_c%C4%83zu%C8%9Bi_%C3%AEn_1941-1945_-_sep_2022_-_22.jpg,eval,CC0; original sha256 f3fa6a944625c1790d66665800927c52d445252065330ce21d79e17e48b9252f; PD12M id 9422b582f35d8e742208818339236a8c
ph1_backlit_1c00a468be,experiments/auto/data/ph1/proxy/ph1_backlit_1c00a468be.png,df8a41bc285430b2693332b7b21f81a9ae0f2281de494977674dc803d1b9522d,backlit,,,public_holdout,T2_public_cc0_pd,commons:先従隗始,2022:02:24,Huawei,ANE-LX2J,https://commons.wikimedia.org/wiki/File:Konk%C5%8Dzan_My%C5%8Dsh%C5%8D-ji_Temple_20220224_10.jpg,eval,CC0; original sha256 ca3fd626a3df4f389f02459a4402d9cc41c19af593724a885f103d4fc995baf0; PD12M id 94931568bbc6abad05ec67b524a5f53a
ph1_backlit_c7246b8e66,experiments/auto/data/ph1/proxy/ph1_backlit_c7246b8e66.png,17dbda2650ec0f4a9788855ddbb2ad70facf90b0dc2afbf4240300d19f78230f,backlit,,,public_holdout,T2_public_cc0_pd,commons:SIG SG 510,2017:02:20,ZTE,ZTE Blade A452,https://commons.wikimedia.org/wiki/File:Civago276.jpg,eval,CC0; original sha256 c05faa0b891af84bb9435257d61531dd3ff205a679b30f8124181e3e7581df3e; PD12M id 9fdf83d650f81b17d8ca13e73dcabae7
ph1_backlit_9fce8bb82f,experiments/auto/data/ph1/proxy/ph1_backlit_9fce8bb82f.png,ef251551e1dcd6c8851d38dc7b2773ef987dc3e0aac906f15ed8b9d538f6ab04,backlit,,,public_holdout,T2_public_cc0_pd,commons:Alan Mattingly,2023:12:16,Samsung,SM-A520F,https://commons.wikimedia.org/wiki/File:Porta-Pa%C3%AFsos-Catalans.jpg,eval,CC0; original sha256 59cc7a03288913dbd54482de5547b2e760a538ff4ab718ea4279c1feac4258e3; PD12M id b1b4d8a24dcde1088796b021cf383249
ph1_backlit_606c032c6c,experiments/auto/data/ph1/proxy/ph1_backlit_606c032c6c.png,0e4cfb24252c0c6aa2717986f8b550ae7b8417cb55cf2d1e5d70c1c04beb2076,backlit,,,public_holdout,T2_public_cc0_pd,"commons:Dennis Sylvester Hurd from Minuwangoda, WP, Sri Lanka, Canada",2014:04:01,LG,Nexus 5,https://commons.wikimedia.org/wiki/File:Buntzen_Lake_on_April_1_(13569749474).jpg,eval,CC0; original sha256 bc02986c4cef5019079df756a7e044bea6c1f15def66f0d814a8f8edb97c6db3; PD12M id c491e4cdc63cdb944da8dea794d72f9f
ph1_backlit_8495ab738f,experiments/auto/data/ph1/proxy/ph1_backlit_8495ab738f.png,62add8d1395c23ece11a537a6cd968d24264103124366c4b23c60dd3fa500304,backlit,,,public_holdout,T2_public_cc0_pd,commons:Forestphotograph,2013:12:25,Sony,C5303,"https://commons.wikimedia.org/wiki/File:Street_Mi%C5%A1kinink%C5%B3_(g.),_Jonava_(way).jpg",eval,CC0; original sha256 e41a853b18ba5656a14f77fdda4f8587f38174fbd67f1471bd619bfdbec75d6b; PD12M id d2f5df1c7fb0ad602326ec6505f2b1e3
ph1_backlit_c2bf24cb3e,experiments/auto/data/ph1/proxy/ph1_backlit_c2bf24cb3e.png,ebae7be044c66c4ec99c378c55ab99f7f39f55a765d448956b0a666fa025784b,backlit,,,public_holdout,T2_public_cc0_pd,commons:Dan Keck from Ohio,2018:10:01,Samsung,SM-G930V,https://commons.wikimedia.org/wiki/File:Tremont_Fountain_Park_(45095645181).jpg,eval,CC0; original sha256 5272357dbe84c4ac6aa107d1b514bce22b4ebf978d704f8cfb0e7e69ec476048; PD12M id daeefaefdb7158962222ecf2d2ff1d12
ph1_backlit_02e94e2470,experiments/auto/data/ph1/proxy/ph1_backlit_02e94e2470.png,0878ec2bfc8a02440e8dfce09ab21e31b7743a57a090dad4f7f5417156985327,backlit,,,public_holdout,T2_public_cc0_pd,commons:Dan Keck from Ohio,2018:04:30,Samsung,SM-G930V,https://commons.wikimedia.org/wiki/File:Oak_Grove_Cemetery_(41971658722).jpg,eval,CC0; original sha256 22375652c71d4379f6bc00304f4ed74b75845e4bea6595e36f26ccc90adbbd2d; PD12M id e33a8dd1592e5757133a39a6bcbb3018
ph1_backlit_3a9a6ea594,experiments/auto/data/ph1/proxy/ph1_backlit_3a9a6ea594.png,39a50e00d048841b0d500faa49dbc05fe242d4c77ec159af50e742c332de7b6e,backlit,,,public_holdout,T2_public_cc0_pd,commons:dankeck,2016:11:07,Samsung,SM-G930V,https://commons.wikimedia.org/wiki/File:Smith_Nature_Park_and_Slyh_Run_(30227397883).jpg,eval,CC0; original sha256 48677187d49a514fb3b3461eef2f58cf581aec959ac0dff4f8dfb0f467c23203; PD12M id ebca48f402a8ef2575ecc5a61ce6e9ef
ph1_backlit_5688e64ed4,experiments/auto/data/ph1/proxy/ph1_backlit_5688e64ed4.png,bbe9e66cdac1f8aa0739784ed29a644376fe243bb6df7f21b5857ae2d415ddce,backlit,,,public_holdout,T2_public_cc0_pd,commons:Iudexvivorum,2017:04:14,Samsung,SM-G935F,https://commons.wikimedia.org/wiki/File:Hua_Hin_Station_-_2017-04-14_(052).jpg,eval,CC0; original sha256 6541204a1d44d187d451f53c72c21f897a95c8a216bac780bb6e54a0f44f0dce; PD12M id ee0a28bd31fad48f89fcf6d9e6ac9bec
ph1_backlit_12b24c72de,experiments/auto/data/ph1/proxy/ph1_backlit_12b24c72de.png,c19da4b512584146bb9e1bc24a43e70ad8a7ad69e40b8b03f55832ec9f5f779e,backlit,,,public_holdout,T2_public_cc0_pd,commons:Forestphotograph,2014:01:19,Sony,C5303,"https://commons.wikimedia.org/wiki/File:Winter,_Miskininku_Street_Jonava_2014.jpg",eval,CC0; original sha256 73a6c9ac3e5c6c1f819e2159010bc6bdce6d12548bfab9eedad229d370725a87; PD12M id f4afe59223a285bedb1e556d4a826913
ph1_indoor_mixed_0cae841e9e,experiments/auto/data/ph1/proxy/ph1_indoor_mixed_0cae841e9e.png,d2738cb5cc919cd0430de14f2e11bf9bea49639d314da9f8947dc27a1a5d408e,indoor_mixed,,,public_holdout,T2_public_cc0_pd,commons:Romaine,2019:01:29,Samsung,SM-G950F,"https://commons.wikimedia.org/wiki/File:Hack_The_Gender_Gap_edit-a-thon,_29_January_2019_(3).jpg",eval,CC0; original sha256 7b4a0bf2dc2c97bd83dd321fdb13b3ddcbc625784b973ff73e54ca8676ed8cfd; PD12M id 00a40a0b5c963a196b30114ac57e294c
ph1_indoor_mixed_1a6d7a0ff8,experiments/auto/data/ph1/proxy/ph1_indoor_mixed_1a6d7a0ff8.png,bf3a27b5692db6317e8bc44195656c878a03f0ea7fa536f8466e7c0ba82673c1,indoor_mixed,,,public_holdout,T2_public_cc0_pd,commons:YEING Luwem Hai Wangs,2024:02:14,Xiaomi,23030RAC7Y,https://commons.wikimedia.org/wiki/File:SZ_%E6%B7%B1%E5%9C%B3_Shenzhen_%E5%8D%97%E5%B1%B1_Nanshan_%E7%9B%8A%E7%94%B0%E5%81%87%E6%97%A5%E5%BB%A3%E5%A0%B4_Yitian_Holiday_Plaza_%E5%95%86%E5%A0%B4_mall_%E8%9B%99%E5%B0%8F%E4%BF%A0_Frog_Restaurant_February_2024_R12S_01.jpg,eval,CC0; original sha256 2aefa5c997e40e6aa9a6e297c119b0b915b5c2a8faf41e9024f7647dd2890b2a; PD12M id 02710c6b8369058048fe9a0afd739af2
ph1_indoor_mixed_e9efa45e01,experiments/auto/data/ph1/proxy/ph1_indoor_mixed_e9efa45e01.png,96e69d9c9e59d286c6ac6e7e1402f58618029c9aadc66236d234e97ab2fa2807,indoor_mixed,,,public_holdout,T2_public_cc0_pd,"commons:CZmarlin  — Christopher Ziemnowicz, releases all rights but a photo credit would",2014:10:18,Apple,iPhone 4,https://commons.wikimedia.org/wiki/File:1970_AMC_AMX_golden_lime_at_2014_Rockville_Show_-_3.jpg,eval,CC0; original sha256 45a74d9e8548eba920d171151faba51b1bf0d73bf94a9225320e25c65669d267; PD12M id 031f810f6c92d6d41d5b173669caceac
ph1_indoor_mixed_af49db548c,experiments/auto/data/ph1/proxy/ph1_indoor_mixed_af49db548c.png,3b4d2a75a0c07b09346127d7d334fac5aac50a21f465adc235aa15b559cc63b8,indoor_mixed,,,public_holdout,T2_public_cc0_pd,commons:Benoît Prieur,2022:03:20,Apple,iPhone 13,https://commons.wikimedia.org/wiki/File:Aire_de_Sorgues_-_prise_de_commande_KFC_(mars_2022).JPG,eval,CC0; original sha256 8299f7d4d04e50d333750f294368d48ddb9ee83f30771a62b8f95f29c3025915; PD12M id 05572d30b2895ca571b61ee5582b2679
ph1_indoor_mixed_267a9dff4c,experiments/auto/data/ph1/proxy/ph1_indoor_mixed_267a9dff4c.png,997a6fd3635da1a6e728d6fdb1a4b5d69c603f58231808baeedd31c884fcaf76,indoor_mixed,,,public_holdout,T2_public_cc0_pd,commons:Catatine,2021:08:25,Samsung,SM-A217F,"https://commons.wikimedia.org/wiki/File:Gro%C3%9Ft%C3%B6pfer,_Der_gute_Hirte_Innen_1.jpg",eval,CC0; original sha256 f1b6866b175391e536d8dfbabf6b0deb8d7772c2f0dd9ce0b91f3f34a0d60e9c; PD12M id 0ab80ea227772ae12d6ed155e2705be5
ph1_indoor_mixed_2f722ddf04,experiments/auto/data/ph1/proxy/ph1_indoor_mixed_2f722ddf04.png,5fdb6ac27768f159c6594304c603b6c2b77eddd62aa679b2e5a30c06f0512171,indoor_mixed,,,public_holdout,T2_public_cc0_pd,"commons:CZmarlin  — Christopher Ziemnowicz, releases all rights but a photo credit would",2014:08:02,Apple,iPhone 4,https://commons.wikimedia.org/wiki/File:1978_AMC_Concord_DL_wagon_blue_2014-AMO-NC-17.jpg,eval,CC0; original sha256 b125f19b9c2525a1ac1ae177f11eb57afeec995124a1dba42b29b1d6678c4c7d; PD12M id 0b528c285cc6296e0ee1fe2fbe5630ac
ph1_indoor_mixed_f6f50924ed,experiments/auto/data/ph1/proxy/ph1_indoor_mixed_f6f50924ed.png,4b1dda2641d7e02def330ec03c4124ebc6f3db071d64ce0ad6452e41aa8afe9b,indoor_mixed,,,public_holdout,T2_public_cc0_pd,commons:Iudexvivorum,2017:04:22,Samsung,SM-G935F,https://commons.wikimedia.org/wiki/File:Wat_Pho_-_2017-04-22_(044).jpg,eval,CC0; original sha256 a69537a4be5cb05e76bff40cc6d062570e3d64e3ed9b0062ee9b33a5021d29a2; PD12M id 0e973664b12a6fc7ff7fcdc911bd543e
ph1_indoor_mixed_98a6d41bdc,experiments/auto/data/ph1/proxy/ph1_indoor_mixed_98a6d41bdc.png,10bd2a6353bf11344c1a3f8f58abf579568e322270c44f98823b6b875d15fdd7,indoor_mixed,,,public_holdout,T2_public_cc0_pd,commons:Alexis Markwick,2018:02:19,LG,LG-R105,"https://commons.wikimedia.org/wiki/File:Nave,_Beulah_Baptist_Church,_Bexhill_(360_panorama).jpg",eval,CC0; original sha256 1c5287691ea14dc161ffd0020ffd0e9caf48689752e6435c946c177c82fff588; PD12M id 0f357b0cc2710b280dbfd4d459f59fbe
ph1_indoor_mixed_4ecda831c6,experiments/auto/data/ph1/proxy/ph1_indoor_mixed_4ecda831c6.png,bd63dcdbb9b5d2222096f5c4067698246c13bde1f1b77a51ecd974f9b4cb33a9,indoor_mixed,,,public_holdout,T2_public_cc0_pd,commons:Romainbehar,2019:10:13,Samsung,SM-J500FN,"https://commons.wikimedia.org/wiki/File:Lyon_8e_-_Chapelle_de_l%27H%C3%B4pital_Saint-Jean-de-Dieu,_haut_des_colonnes_lat%C3%A9rales.jpg",eval,CC0; original sha256 f104c76507c97b1801a5bd3f91171c941800d476df397a71b7f1888836b8799f; PD12M id 100e488bce00373342187f7f88fc2020
ph1_indoor_mixed_7f672fdb05,experiments/auto/data/ph1/proxy/ph1_indoor_mixed_7f672fdb05.png,1b50dce89f91992eff6a953b455893eea1020101a4683212d8e839d558b1991f,indoor_mixed,,,public_holdout,T2_public_cc0_pd,commons:Romainbehar,2021:12:05,Samsung,SM-J500FN,https://commons.wikimedia.org/wiki/File:Lyon_5e_-_Mus%C3%A9e_Lugdunum_-_EnQu%C3%AAte_de_pouvoir_-_Buste_de_Pertinax_(mus%C3%A9e_Pio_Clementino)_02.jpeg,eval,CC0; original sha256 8fe1a0b70991e49f62b16cfd890f3145190985121c9a3010f29ae6e1f3987682; PD12M id 113f9cc1e69c81a165f66620fecc504f
ph1_indoor_mixed_71c7f7e6f5,experiments/auto/data/ph1/proxy/ph1_indoor_mixed_71c7f7e6f5.png,30fff867d20b36be6ce60c33c02dbf755c23c6ad0fa0da6048b9c846e05f4025,indoor_mixed,,,public_holdout,T2_public_cc0_pd,commons:Romaine,2019:03:04,Samsung,SM-G950F,https://commons.wikimedia.org/wiki/File:Brussels-Open_Belgium_2019_(13).jpg,eval,CC0; original sha256 f10de5c1b952873aade6146fea8923749fcbf79df9af800ef0b1bd1ff0ed6831; PD12M id 123986fac0cd491aedd0508fd6d56cbc
ph1_indoor_mixed_9af809874f,experiments/auto/data/ph1/proxy/ph1_indoor_mixed_9af809874f.png,a97e3cbec0c6491ea5660617664564b1054ac2c11eff2524f50c21b51237a6b1,indoor_mixed,,,public_holdout,T2_public_cc0_pd,commons:Romainbehar,2018:04:07,Samsung,SM-J500FN,https://commons.wikimedia.org/wiki/File:%C3%89glise_de_l%27Immacul%C3%A9e-Conception_-_Nef_-_Tableaux_du_chemin_de_croix.jpg,eval,CC0; original sha256 880fcc1a8f7d418d31e35160036e804535c4953948aebeb0a1115f4bb0145285; PD12M id 12635ed72c66ef96733bd0bfd9c22d59
ph1_indoor_mixed_d621e071ac,experiments/auto/data/ph1/proxy/ph1_indoor_mixed_d621e071ac.png,ca79677504b4820481ccb8248497affdcf4f4cafb2b17c05adbc5d57549d7760,indoor_mixed,,,public_holdout,T2_public_cc0_pd,commons:Kippelboy,2018:04:16,Apple,iPhone 6,https://commons.wikimedia.org/wiki/File:Wikimedia_Open_Science_event_CRG_2018_18.jpg,eval,CC0; original sha256 8691d61f737c9c4b951edbaa644822e53422d5d17bd429f2391c566a898b1f7c; PD12M id 12cf04573a09a3ffdd0a83f73750f4fe
ph1_indoor_mixed_4b4f9803e4,experiments/auto/data/ph1/proxy/ph1_indoor_mixed_4b4f9803e4.png,22c8ba7f4b624acdef289ac77402b76ee3a7aa1d823203afecabf3bb67898c3c,indoor_mixed,,,public_holdout,T2_public_cc0_pd,commons:Benoît Prieur,2022:04:17,Apple,iPhone 13,https://commons.wikimedia.org/wiki/File:Ch%C3%A2sse_du_saint_Cur%C3%A9_d%27Ars_en_avril_2022.JPG,eval,CC0; original sha256 af82268cde5135d4e21d3e248b501d7e9eac33ec5bf70b653cdabe1627f6a2d1; PD12M id 15b50520985d735fb5eca34c215179dd
ph1_indoor_mixed_acd128830b,experiments/auto/data/ph1/proxy/ph1_indoor_mixed_acd128830b.png,50b864edc3c9bc3e4d455ac3cbd2eedebaaf983b05f38d3b8856280936fe7d20,indoor_mixed,,,public_holdout,T2_public_cc0_pd,commons:Rabanus Flavus,2018:08:11,Apple,iPhone 4S,https://commons.wikimedia.org/wiki/File:Bad_Pyrmont_Christuskirche_05.jpg,eval,CC0; original sha256 a29a90783ac4ee866f588179ac754efe75a54c602b2fffe0c509e488d1d56811; PD12M id 19fb22b8789c4c18457704d5f907d05e
ph1_indoor_mixed_a81d0ebd16,experiments/auto/data/ph1/proxy/ph1_indoor_mixed_a81d0ebd16.png,e9a8c53cc7cc10eb874bb7429d56b924b2356f45ba523852c6fb1ddfd184222a,indoor_mixed,,,public_holdout,T2_public_cc0_pd,commons:YEING Luwem Hai Wangs,2024:02:14,Xiaomi,23030RAC7Y,https://commons.wikimedia.org/wiki/File:SZ_%E6%B7%B1%E5%9C%B3_Shenzhen_%E5%8D%97%E5%B1%B1_Nanshan_%E8%8F%AF%E5%83%91%E5%9F%8E_OCT_%E5%83%91%E5%9F%8E%E8%A5%BF%E8%A1%97_QiaoCheng_West_Street_Hotel_Indigo_February_2024_R12S_211_lobby.jpg,eval,CC0; original sha256 5fb205fb2817e85ce9ebdfa8473a2ba19e4ccac06bd51530b7a2d4c7b7e143fe; PD12M id 1a53e4669de6ebd685f47b2101c3ef97
ph1_indoor_mixed_2777bf6b33,experiments/auto/data/ph1/proxy/ph1_indoor_mixed_2777bf6b33.png,751a2eefedd4e995251fceb85ac6b1a04271377bbe3eee0882cdaec99c3c53c2,indoor_mixed,,,public_holdout,T2_public_cc0_pd,commons:Romainbehar,2019:05:31,Samsung,SM-J500FN,"https://commons.wikimedia.org/wiki/File:Caluire-et-Cuire_-_Chapelle_Saint-Boniface,_plafond.jpg",eval,CC0; original sha256 796449d0e4ba90a78b4b000f3d99307e06e5eed1519d70bdfe94aa11b6f981ad; PD12M id 1a68daca22fd485cd307486cbcbdf36c
ph1_indoor_mixed_af4162d93d,experiments/auto/data/ph1/proxy/ph1_indoor_mixed_af4162d93d.png,2cc8616feec4c9cbebd82207878b6ed1ad7a36aab124b4e6cac9b2b37cbaa323,indoor_mixed,,,public_holdout,T2_public_cc0_pd,commons:EditQ,2023:09:15,Samsung,SM-A5160,https://commons.wikimedia.org/wiki/File:Jiaozi_Financial_Museum_7.jpg,eval,CC0; original sha256 266e5bb1c3c78c6766f2bc94b98d33bbae73c02fbf55531a2265607c9feef9a2; PD12M id 1aea0218e8e14a06428377fae50aee46
ph1_indoor_mixed_65e5d96cf7,experiments/auto/data/ph1/proxy/ph1_indoor_mixed_65e5d96cf7.png,eda7884aebf1fda9182960cd471ae1c8d81e751dc6a18deb983e214716f5f932,indoor_mixed,,,public_holdout,T2_public_cc0_pd,commons:H.Helmlechner,2022:08:24,Xiaomi,Mi Note 10 Lite,https://commons.wikimedia.org/wiki/File:Konstantinbasilika_Trier_Innenraum_03.jpg,eval,CC0; original sha256 dec40f6a52fa90305c70a19d2e9af5e9edf83ccd0e188d31f4a50c426a55d748; PD12M id 1bb460042b5458506c2b6838d6adc391
ph1_indoor_mixed_c2557aec7c,experiments/auto/data/ph1/proxy/ph1_indoor_mixed_c2557aec7c.png,b53b6b58b1730a0acf14e66075e24790815b9c0bed61d2d1bb61b84d49c944ce,indoor_mixed,,,public_holdout,T2_public_cc0_pd,"commons:Warren LeMay from Cincinnati, OH, United States",2019:04:02,Apple,iPhone 8,"https://commons.wikimedia.org/wiki/File:Rotunda_Mosaics,_Cincinnati_Union_Terminal,_Queensgate,_Cincinnati,_OH_(32588985987).jpg",eval,CC0; original sha256 8136287ff85fee2b1e94dc50008fb98d9f6e4eb69b11c1beb6bf167799748672; PD12M id 2147a6ab750f2a17ea60afc64a7406e4
ph1_indoor_mixed_2619917f8a,experiments/auto/data/ph1/proxy/ph1_indoor_mixed_2619917f8a.png,65e21f6ac16a0afe7b2cce3aec1ee8bda5fed9df944da90472945acdf838bb4c,indoor_mixed,,,public_holdout,T2_public_cc0_pd,commons:Romainbehar,2018:09:15,Samsung,SM-J500FN,https://commons.wikimedia.org/wiki/File:Chapelle_des_Chartreux_-_Balcon_et_orgues.jpg,eval,CC0; original sha256 89044dbfc534066d453003489c612bda0f6106ad87a52e749b288a953fa5f212; PD12M id 2292358cc15d599513a4efd1a5fbc4b1
ph1_indoor_mixed_bf95034a2c,experiments/auto/data/ph1/proxy/ph1_indoor_mixed_bf95034a2c.png,bff5ddacc9f58642575c9b3a0ce4935655313dcf75bb800622d60c53d50c7d5f,indoor_mixed,,,public_holdout,T2_public_cc0_pd,commons:Daniel Lobo,2018:08:19,Apple,iPhone 7,https://commons.wikimedia.org/wiki/File:Daquella_manera_-_42391846190.jpg,eval,CC0; original sha256 d11e75460655a72682ff6b90aa96c558aea330f4cba0456ed8623a39eb719550; PD12M id 238d263455ea7e3f7123e54198ab5afb
ph1_indoor_mixed_1344e69fbb,experiments/auto/data/ph1/proxy/ph1_indoor_mixed_1344e69fbb.png,0603b57001ff653e932c3a92b06ec92548b19b924961c72e4fa5de557c3d8999,indoor_mixed,,,public_holdout,T2_public_cc0_pd,commons:Romainbehar,2018:06:19,Samsung,SM-J500FN,https://commons.wikimedia.org/wiki/File:%C3%89glise_Notre-Dame_de_Bellecombe_de_Lyon_-_Plafond_du_ch%C5%93ur.jpg,eval,CC0; original sha256 6be9667dc5cf6f46c23b623d311b1ed601115b291288a03097a74df55a6c3bb3; PD12M id 24e940022780a6e479ca13b7708501e4
ph1_indoor_mixed_45dc8a8231,experiments/auto/data/ph1/proxy/ph1_indoor_mixed_45dc8a8231.png,7b9efc6e81b3cc52be547172fb10b1ccc5af38cfc126434ec16255d0115d0238,indoor_mixed,,,public_holdout,T2_public_cc0_pd,commons:Wiki Farazi,2023:09:16,Xiaomi,M2006C3MG,"https://commons.wikimedia.org/wiki/File:Masjid_Jamek_Al-Karomah,_Kampung_Bukit_Naning_20230916_174727.jpg",eval,CC0; original sha256 eadf12bdb98bf9dcf493241a74870708ee513fb622cb024fa2d2b761b565015e; PD12M id 25c41c0b76f9d4b0a15f2c0474294820
ph1_indoor_mixed_987efaa8cf,experiments/auto/data/ph1/proxy/ph1_indoor_mixed_987efaa8cf.png,271fe45a0d7d0499ede423ca6aad14c1569231bb0e6ae3a9389b23366f2d3f4a,indoor_mixed,,,public_holdout,T2_public_cc0_pd,commons:Kitgor Shiklap Poerw,2023:12:10,Xiaomi,23030RAC7Y,https://commons.wikimedia.org/wiki/File:HK_TPD_%E5%A4%A7%E5%9F%94_Tai_Po_Wan_Tau_Street_%E5%A4%A7%E5%9F%94%E5%A2%9F%E8%A1%97%E5%B8%82%E5%8F%8A%E7%86%9F%E9%A3%9F%E4%B8%AD%E5%BF%83_Tai_Po_Hui_Market_and_Cooked_Food_Centre_December_2023_R12S_04.jpg,eval,CC0; original sha256 d7e26462376e40a9b02e8db5531327a11f2b2870af60ad9018b62b1ca4045ecc; PD12M id 2bc8053c904b750f6198071408d625fc
ph1_indoor_mixed_e2336b8a06,experiments/auto/data/ph1/proxy/ph1_indoor_mixed_e2336b8a06.png,2a38b95ac46697049b0337dad7773e7cd2b15121b44bee5ece91e5809dfedef2,indoor_mixed,,,public_holdout,T2_public_cc0_pd,commons:Great11,2017:08:13,Apple,iPhone 7,https://commons.wikimedia.org/wiki/File:Arabic_Wikipedia_workshop_during_Wikimania_2017_at_Banq_14.jpg,eval,CC0; original sha256 59312ce99e7a292f74bd8fe3bd6962c052e6d7b8b920f688a9af0ef9182750c2; PD12M id 2c8c60401201c5aeb7dc7cd2487c4d82
ph1_indoor_mixed_5c35939f3c,experiments/auto/data/ph1/proxy/ph1_indoor_mixed_5c35939f3c.png,5d7f8194a0cde29f90cc2198f847e4ad04d6a7137213f2975d28ded2990a01ee,indoor_mixed,,,public_holdout,T2_public_cc0_pd,commons:Ounfs Robmmy 238,2024:03:10,Xiaomi,23030RAC7Y,https://commons.wikimedia.org/wiki/File:TW_%E5%8F%B0%E7%81%A3_Taiwan_%E5%8F%B0%E5%8C%97_Taipei_%E9%81%BC%E5%AF%A7%E8%A1%97_Liaoning_Street_shop_beverage_March_2024_R12S_10.jpg,eval,CC0; original sha256 7727486ed92772c941bcbcdd779d6e29f0a407b30e97e987f71b8772952dae6b; PD12M id 2cf44be90d92c190dd3a89562f362613
ph1_indoor_mixed_343469fd87,experiments/auto/data/ph1/proxy/ph1_indoor_mixed_343469fd87.png,b4d0053b83710b4d5a219e1c8672249034339f38793dc8f2d218f74e55041af1,indoor_mixed,,,public_holdout,T2_public_cc0_pd,commons:Luhačovice 2021,2021:04:09,Samsung,SM-A750FN,https://commons.wikimedia.org/wiki/File:Mexick%C3%A1_kotleta_20210409_183113.jpg,eval,CC0; original sha256 2d06a90ef235b737b81ecce83a4517108a3603db80992042aafc8afc57f39ac3; PD12M id 2db60ebe3ec1d5d51c6fd6879438538b
ph1_indoor_mixed_fcad76bad2,experiments/auto/data/ph1/proxy/ph1_indoor_mixed_fcad76bad2.png,dcd142f0f13982cd5cd234daf116e9a9320188cd8d59a0cc975485d61005e382,indoor_mixed,,,public_holdout,T2_public_cc0_pd,commons:Andy Li,2021:05:10,Samsung,SM-G9650,"https://commons.wikimedia.org/wiki/File:Burger,_fries,_and_baked_pasta_-_La_Tessa.jpg",eval,CC0; original sha256 966c6aec923960a227f21d09a1967698389454e51b77f3dcc4a124cc9cf6543b; PD12M id 2de93682cb13a520b0581998e2c15b84
ph1_indoor_mixed_78737b9b06,experiments/auto/data/ph1/proxy/ph1_indoor_mixed_78737b9b06.png,f2fc6498a68095cc34200cad3cf1461439f643cfca6365d8342a91363be4bab9,indoor_mixed,,,public_holdout,T2_public_cc0_pd,commons:Tokumeigakarinoaoshima,2014:10:18,Apple,iPad Air,https://commons.wikimedia.org/wiki/File:The_interior_of_Mercedes-Benz_GLA45_AMG_4MATIC_Edition_1_(X156).JPG,eval,CC0; original sha256 e41426674b488d1d3f46f283319bcd450d50e486349576f62e5450128573a4e1; PD12M id 2f523564d62601cbbc6b4d02669ff59e
ph1_indoor_mixed_042282c279,experiments/auto/data/ph1/proxy/ph1_indoor_mixed_042282c279.png,617a16a64287a5ddd271c5d3a3c3a646c918a70b936b8879b4a8483cf90f802c,indoor_mixed,,,public_holdout,T2_public_cc0_pd,"commons:Warren LeMay from Cullowhee, NC, United States",2019:05:16,Apple,iPhone 8,"https://commons.wikimedia.org/wiki/File:Temple_of_Isis,_Philae_Temple_Complex,_Agilkia_Island,_Aswan,_AG,_EGY_(48027096927).jpg",eval,CC0; original sha256 ca63d5d15a5ffdde078dcf9bf73e1149fbbc99d7c418b50554251779352d8757; PD12M id 332b066cec3c6c2069fa24c6a0b06050
ph1_indoor_mixed_735b5af258,experiments/auto/data/ph1/proxy/ph1_indoor_mixed_735b5af258.png,8fcc8937fd3bcd9ec59ba664e2fdcd32e81c2e57eaef27a1ca531f8c664b7e2d,indoor_mixed,,,public_holdout,T2_public_cc0_pd,commons:NikosLikomitros,2023:02:02,Xiaomi,M2102J20SG,https://commons.wikimedia.org/wiki/File:Bus_cockpit.jpg,eval,CC0; original sha256 87a312fda5b2f5393948cdb3e6d98ade093fbd847d6dafeb3288c64d480f632d; PD12M id 378151d724f2937bc04b0fdb011b371b
ph1_indoor_mixed_3142de5056,experiments/auto/data/ph1/proxy/ph1_indoor_mixed_3142de5056.png,c2b42c67566270af9b3e0e8a70028e7cd01ca058b4908e9171940707ae95a1f7,indoor_mixed,,,public_holdout,T2_public_cc0_pd,commons:Rabanus Flavus,2018:08:09,Apple,iPhone 4S,https://commons.wikimedia.org/wiki/File:Bad_Pyrmont_St_Petri_06.jpg,eval,CC0; original sha256 5e9c05997d3d03a61c803a558ec192d4ba0060304eb0591da954978c552d0ca3; PD12M id 3d961709a318eaa3299e9884f74b7755
ph1_indoor_mixed_0ffb195464,experiments/auto/data/ph1/proxy/ph1_indoor_mixed_0ffb195464.png,23951653c1e6b476531786a361f8cd647d74e84558090234a68ba38a2f93a66c,indoor_mixed,,,public_holdout,T2_public_cc0_pd,commons:Andy Li,2024:01:24,Samsung,SM-G9650,"https://commons.wikimedia.org/wiki/File:Interior_of_Pastan,_Brighton_2024-01-24.jpg",eval,CC0; original sha256 9be98ed55c36910e9b0c069fc9f6e2ebe4256a8466ff63b8a03f1ba39c5282b8; PD12M id 3ed3a952180eef45ad1faba227e89f4b
ph1_indoor_mixed_93afc82a2b,experiments/auto/data/ph1/proxy/ph1_indoor_mixed_93afc82a2b.png,322a20bbc718bf0e31337be0f674c1507f712f7d092d7ca715cd11d6964de7b9,indoor_mixed,,,public_holdout,T2_public_cc0_pd,commons:Benoît Prieur,2022:07:10,Apple,iPhone 13,https://commons.wikimedia.org/wiki/File:The_Big_Bang_Theory_(Burbank)_July_2022_(7).JPG,eval,CC0; original sha256 73e768792b829799ffb60fb415a38f9cc9620360047fd52141c95e9478f2ab2c; PD12M id 422c1055e0cf7771c6da5485b5401740
ph1_indoor_mixed_062792a6c8,experiments/auto/data/ph1/proxy/ph1_indoor_mixed_062792a6c8.png,65f42262e191603d01f26152cfc31b6cd17a1eb1d9f25b5e2410e1ce9ee4a84e,indoor_mixed,,,public_holdout,T2_public_cc0_pd,commons:Benoît Prieur,2021:09:11,Apple,iPhone XS,https://commons.wikimedia.org/wiki/File:Dell%27Anima_(Beynost)_vue_int%C3%A9rieure.jpg,eval,CC0; original sha256 a602adaa2221dfbc12fe481d532dbb8679aa01ed6afefcabd52453027d239c53; PD12M id 43fbd172a64be85abf8ddc7458a9bf9a
ph1_indoor_mixed_8fc960e5e2,experiments/auto/data/ph1/proxy/ph1_indoor_mixed_8fc960e5e2.png,00f452c13e2c165eee41e1d332eb84535e1e67a1c26399d662fbcc918924d75c,indoor_mixed,,,public_holdout,T2_public_cc0_pd,commons:KAGYAMIUW Hangmaou,2024:01:23,Xiaomi,23030RAC7Y,https://commons.wikimedia.org/wiki/File:SZ_%E6%B7%B1%E5%9C%B3_Shenzhen_%E7%A6%8F%E7%94%B0_Futian_%E7%9A%87%E5%BA%AD%E5%BB%A3%E5%A0%B4_Wongtee_Plaza_%E5%95%86%E5%A0%B4_Mall_shop_%E9%A6%AE%E5%9B%9B%E5%AD%83_restaurant_January_2024_R12S_08.jpg,eval,CC0; original sha256 e4978353693d8ce3cef169fd4cde7a5fe8292378b1ea8c07b4adae267f42fb8b; PD12M id 4418f480264dc9375235aa2143d69329
ph1_indoor_mixed_f80e203bc5,experiments/auto/data/ph1/proxy/ph1_indoor_mixed_f80e203bc5.png,619631985e58b32570f5fb9bddfbc673d1055a1271ff9768747647c7cf57dcf4,indoor_mixed,,,public_holdout,T2_public_cc0_pd,commons:OaseH PUOOSEAI Lam,2024:02:19,Xiaomi,23030RAC7Y,https://commons.wikimedia.org/wiki/File:HK_SKD_TKO_%E5%B0%87%E8%BB%8D%E6%BE%B3_Tseung_Kwan_O_%E5%9D%91%E5%8F%A3_Hang_Hau_%E8%94%9A%E8%97%8D%E7%81%A3%E7%95%94_Residence_Oasis_%E5%B1%8B%E8%8B%91%E6%9C%83%E6%89%80_Clubhouse_sign_February_2024_R12S_04.jpg,eval,CC0; original sha256 9c32a572466f2b07299944a28ae806e57014cebab6909577dd69e1fc60fbc8d6; PD12M id 477da35987346bd2e8cce24c31d3c45f
ph1_indoor_mixed_08a329f79b,experiments/auto/data/ph1/proxy/ph1_indoor_mixed_08a329f79b.png,57e27a2a129e909483395f9605fcc75cf15b49e2b0ccb545a800cc9a1d1064dc,indoor_mixed,,,public_holdout,T2_public_cc0_pd,commons:Romainbehar,2019:08:25,Samsung,SM-J500FN,"https://commons.wikimedia.org/wiki/File:Paris_7e_-_Mus%C3%A9e_Rodin,_Pers%C3%A9e_et_la_Gorgone,_de_Camille_Claudel,_S.01015,_marbre_taill%C3%A9_par_Fran%C3%A7ois_Pompon_en_1903_(1).jpg",eval,CC0; original sha256 708445a6bc6356505ca5bd0f0c70acbfb3403aa311b568f57aab1576758afcf5; PD12M id 48b8f2e8ccaaa73dcbab374014a8a5e0
ph1_indoor_mixed_bfa834ffc0,experiments/auto/data/ph1/proxy/ph1_indoor_mixed_bfa834ffc0.png,30af725d9394e82284d95d2ff9a0f64a9cac65f9109415f790ac87ebd30a176a,indoor_mixed,,,public_holdout,T2_public_cc0_pd,commons:Netha Hussain,2021:10:24,Huawei,VOG-L29,"https://commons.wikimedia.org/wiki/File:Sculpture_at_Glyptothek_museum,_Munich_71.jpg",eval,CC0; original sha256 5cee803269f92aaefe52fb0e6063c5950a1e30e30019f00fe97815345cbff117; PD12M id 51efdebec70f2a08fe637691e91858b0
ph1_indoor_mixed_cbb20039f3,experiments/auto/data/ph1/proxy/ph1_indoor_mixed_cbb20039f3.png,660353a8fc7ff563b5c3d9e779daedcb609cffb350fe97b5b4cc101b0a947667,indoor_mixed,,,public_holdout,T2_public_cc0_pd,commons:Lau Hau Yatyue Tiger,2024:01:20,Xiaomi,23030RAC7Y,https://commons.wikimedia.org/wiki/File:GD_%E5%BB%A3%E6%9D%B1_Guangdong_%E4%BD%9B%E5%B1%B1_Foshan_%E9%A0%86%E5%BE%B7_Shunde_%E5%9D%87%E5%AE%89%E9%8E%AE_JunAn_Town_%E7%BF%A0%E6%B9%96%E8%B7%AF_Cuihu_Road_%E4%BD%9B%E5%B1%B1%E9%A7%BF%E6%99%AF%E9%85%92%E5%BA%97_Foshan_Panorama_Hotel_January_2024_R12S_31.jpg,eval,CC0; original sha256 e0e6850d576ee5b8dfb375f7227bddca8742bb77a3a3ab778a08cd94b3811f9c; PD12M id 543a8bffe2b162a1708c9d504d3e1f4f
ph1_indoor_mixed_fbc8a0b2f7,experiments/auto/data/ph1/proxy/ph1_indoor_mixed_fbc8a0b2f7.png,ba1e475faee414139679a6b6d1616e6b583281bbcdb37232b0bbacf323e015d8,indoor_mixed,,,public_holdout,T2_public_cc0_pd,commons:Andy Li,2022:12:10,Samsung,SM-G9650,https://commons.wikimedia.org/wiki/File:Baked_goods_by_The_Botanist_Coffee_Co.jpg,eval,CC0; original sha256 4d5f02090ae942047512bfc5314a21ae0b5150c4bf13b49c268122880b8ee7c8; PD12M id 5cc7462ab06733ccd5ec1b85fb0c4c9f
ph1_indoor_mixed_8dde46937b,experiments/auto/data/ph1/proxy/ph1_indoor_mixed_8dde46937b.png,a51a682bbf90da3fa7035ca04f269b99fd657fd5234dd11b9348fc717743cc02,indoor_mixed,,,public_holdout,T2_public_cc0_pd,commons:Singkabee Liam H Tonga,2024:01:18,Xiaomi,23030RAC7Y,https://commons.wikimedia.org/wiki/File:SZ_%E6%B7%B1%E5%9C%B3%E5%B8%82_Shenzhen_Longhua_train_interior_January_2024_R12S_04.jpg,eval,CC0; original sha256 9338a78cd2b39b23827262b9971d8290e1a5580aa5c0010c75d55863877b3c91; PD12M id 626017eb377ec3c6a08ff0f37adc32d3
ph1_indoor_mixed_0c71330a29,experiments/auto/data/ph1/proxy/ph1_indoor_mixed_0c71330a29.png,34f401325815a0ba9ec51706f0131440e2083bb0676cbe5b0560a880b8bf1db1,indoor_mixed,,,public_holdout,T2_public_cc0_pd,commons:Catatine,2022:01:01,Samsung,SM-A217F,"https://commons.wikimedia.org/wiki/File:Neumarktkirche_Merseburg,_Ansicht_nach_Westen.jpg",eval,CC0; original sha256 fd5bdc4cfd3762a5fad79c908b936a48c694f41f6d993c2afabc138049d62310; PD12M id 65560366dc60383ac05916f7a402bdb8
ph1_landscape_ed23d26a1d,experiments/auto/data/ph1/proxy/ph1_landscape_ed23d26a1d.png,5c25e736da0f793bc8418ce3d63244c5f8b6613658ae9bd018caf3db3f49599b,landscape,,,public_holdout,T2_public_cc0_pd,commons:Mx. Granger,2021:12:07,Motorola,moto g(7) power,https://commons.wikimedia.org/wiki/File:The_Phallus_2.jpg,eval,CC0; original sha256 afcfdfe4003f053ff1652dcc07bda0bf909c42ae98af3f6f3455b6615104eb42; PD12M id 012b4b40bad1b6c5163e2ec1fb01f260
ph1_landscape_74d00f9678,experiments/auto/data/ph1/proxy/ph1_landscape_74d00f9678.png,cdf4c8c2385da6786d8106013fe3ed52ca7bf4ebfab78dcf8f88935e07971b2e,landscape,,,public_holdout,T2_public_cc0_pd,commons:Obsidian Soul,2017:01:15,Samsung,SM-G935F,"https://commons.wikimedia.org/wiki/File:View_of_Musuan,_Bukidnon,_Philippines_from_Musuan_Peak_summit.jpg",eval,CC0; original sha256 de743788148f3bf54c8d625d63066fbacd8d255d6549eb453fdb9ead65834738; PD12M id 039cd23bd687e183907bf32a0122c43c
ph1_landscape_890386b130,experiments/auto/data/ph1/proxy/ph1_landscape_890386b130.png,21f60cdbf80bacb94a4d6ca726660399a1133e89f2559d5fb504e157e923a78f,landscape,,,public_holdout,T2_public_cc0_pd,commons:Helmlechner,2022:08:21,Xiaomi,Mi Note 10 Lite,https://commons.wikimedia.org/wiki/File:Blick_auf_Kr%C3%B6v_04.jpg,eval,CC0; original sha256 8ee179d256945ddb6bf0b3c732cd9820ada02c8b59ff39d993c27bb5c999671a; PD12M id 0632eb378245ee68aedf458090ef6eb4
ph1_landscape_ee045cafb6,experiments/auto/data/ph1/proxy/ph1_landscape_ee045cafb6.png,e8eb9a0b098e47dacf48b2b5255d7ca2dd3a9995943fbfcc5d6d6a63cf674005,landscape,,,public_holdout,T2_public_cc0_pd,commons:Cobija,2014:03:02,Samsung,SAMSUNG ES73 / VLUU ES73 / SAMSUNG SL605,https://commons.wikimedia.org/wiki/File:%C3%87avu%C5%9Fin_k%C3%B6y%C3%BC_yama%C3%A7_yerle%C5%9Fim_ve_g%C3%BCvercinlik_(2).JPG,eval,CC0; original sha256 1f00c8b93392e95673d8332df0b6ba3dbf18ad445ca586127976f537628beffe; PD12M id 077707a7bebfe96a1f160ce5ad094ba6
ph1_landscape_6746eea9c8,experiments/auto/data/ph1/proxy/ph1_landscape_6746eea9c8.png,525e19076c1cb8893a78ffbd05fb58cba1ffbb15e8f280a0ef7b84f1939d1fec,landscape,,,public_holdout,T2_public_cc0_pd,commons:Wiki Farazi,2023:11:25,Xiaomi,M2006C3MG,https://commons.wikimedia.org/wiki/File:Aerial_view_of_Seksyen_U4_Shah_Alam_20231125_104355.jpg,eval,CC0; original sha256 3b3d3c4a1b92736ac5d089076a80630c6b88be8de3e180c7b10e5c53dfd0f0e6; PD12M id 0a675ed05363860baee9c78eef472558
ph1_landscape_23a1d5d840,experiments/auto/data/ph1/proxy/ph1_landscape_23a1d5d840.png,05f137903aa0f7b5700e6ae6c47ac89b1ea65e23aea584d501d35c80018a4081,landscape,,,public_holdout,T2_public_cc0_pd,commons:Mx. Granger,2019:11:19,Motorola,moto g(7) power,https://commons.wikimedia.org/wiki/File:%E6%B0%B4%E4%B8%AD%E7%A2%89%E6%A5%BC_1.jpg,eval,CC0; original sha256 09508b3da5ae88377aed431acf27a0fa2ab3b654573cd2808082d1a5f5d8ba7b; PD12M id 0b0a1989d6593a8419d0348a95e67bfc
ph1_landscape_c11da4d075,experiments/auto/data/ph1/proxy/ph1_landscape_c11da4d075.png,36b4615d0d38e0684b3ace1dee3b61c44fe83087bfcb2a18d2f5e3753dd435e3,landscape,,,public_holdout,T2_public_cc0_pd,commons:Mostafameraji,2022:01:14,Samsung,SM-G988B,https://commons.wikimedia.org/wiki/File:%D8%B5%D8%B9%D9%88%D8%AF_%D8%B2%D9%85%D8%B3%D8%AA%D8%A7%D9%86%DB%8C_%D8%A8%D9%87_%D9%82%D9%84%D9%87_%D9%82%D9%88%DA%86%DA%AF%D8%B1_%D8%AF%D8%B1_%D8%A7%D8%B3%D8%AA%D8%A7%D9%86_%D8%AE%D8%B1%D8%A7%D8%B3%D8%A7%D9%86_%D8%B1%D8%B6%D9%88%DB%8C_-_%D8%B1%D9%88%D8%B3%D8%AA%D8%A7%DB%8C_%D8%AF%DB%8C%D8%B2%D8%A8%D8%A7%D8%AF_%D8%A8%D8%A7%D9%84%D8%A7_-_%D8%B7%D9%84%D9%88%D8%B9_%D8%A2%D9%81%D8%AA%D8%A7%D8%A8.jpg,eval,CC0; original sha256 92f267fc4c2e899dc25c38ec9edb7c82fa1a0d971417f045ae91ba0512fad344; PD12M id 0e45aecaf59c3e9e10faaca3ab72d4e9
ph1_landscape_ac5afc4c4b,experiments/auto/data/ph1/proxy/ph1_landscape_ac5afc4c4b.png,9c760e6abb4cda7c96324d106578b279336080c804913400ace74da7937ae5db,landscape,,,public_holdout,T2_public_cc0_pd,commons:Marcos Elias de Oliveira Júnior,2017:06:06,Motorola,MotoG3,"https://commons.wikimedia.org/wiki/File:Marcelino_Vieira,_Rio_Grande_do_Norte_(Brasil).jpg",eval,CC0; original sha256 c036586ddd9b92338626a0435f162284b0f9d7be1a9998dd83731f1ad4c45ffc; PD12M id 0f54e14f6041a3cf6d57b0567cbdb21c
ph1_landscape_533a58e1b3,experiments/auto/data/ph1/proxy/ph1_landscape_533a58e1b3.png,2c90f5b1cc6bde658806a7896f603180c0cb6cece4c025be4ed6f1c112b69098,landscape,,,public_holdout,T2_public_cc0_pd,commons:Safranek-interia.eu,2010:08:09,Samsung,SAMSUNG ES15 / VLUU ES15 / SAMSUNG SL30,https://commons.wikimedia.org/wiki/File:Vylet_k_Cernemu_jezeru_Sumava_-_9.srpna_2010_194.JPG,eval,CC0; original sha256 542aa6f5db6460b706db2dc4ee9368f07d22b23bcadd0875a234335a1c765947; PD12M id 118c30e6da2b58fc1188417859ead366
ph1_landscape_b883be4769,experiments/auto/data/ph1/proxy/ph1_landscape_b883be4769.png,fb5feeb22960e0652eb6e9a46c9e3d7444dcd4bcb5affb6a25c3af01ddc70992,landscape,,,public_holdout,T2_public_cc0_pd,commons:Ivano Giambattista,2020:09:07,Xiaomi,M2003J15SC,https://commons.wikimedia.org/wiki/File:Vlahina_and_Maleshevo_Mountain_from_Sinanitsa_peak.jpg,eval,CC0; original sha256 4856f70c6a0320d35701ecf7477fa854208b28055365a46fbcbbb316260286ca; PD12M id 120a81f359dfb441fe8dd9e8d8107f17
ph1_landscape_5eb499b867,experiments/auto/data/ph1/proxy/ph1_landscape_5eb499b867.png,eae260c595fb8301809bebd6b9f9ae88c783b487a861f3f16f2120a87508f26c,landscape,,,public_holdout,T2_public_cc0_pd,commons:Rakoon,2019:09:28,Samsung,SM-A720F,https://commons.wikimedia.org/wiki/File:20190928_180308_Park_Pi%C5%82sudskiego_in_%C5%81%C3%B3d%C5%BA.jpg,eval,CC0; original sha256 29645359cbc70b93a41e0672f2ec32081dab5012ce236808e8b66c1b2fb6c60a; PD12M id 1406b2ca2522e0356122b8854c1350dc
ph1_landscape_3aab9780ea,experiments/auto/data/ph1/proxy/ph1_landscape_3aab9780ea.png,cdebcd7db704e87605c4f769f58a086b47c4fc9c9cce691ba3376a9197f5483c,landscape,,,public_holdout,T2_public_cc0_pd,commons:Safranek-interia.eu,2010:08:09,Samsung,SAMSUNG ES15 / VLUU ES15 / SAMSUNG SL30,https://commons.wikimedia.org/wiki/File:Vylet_k_Cernemu_jezeru_Sumava_-_9.srpna_2010_51.JPG,eval,CC0; original sha256 296344b12eb43a05b9d18ddfa0a841caa77e5caeb648e3fe06f2e8fa6c6e3ac5; PD12M id 1646a99358fbd99290702fa2f3650c15
ph1_landscape_862a6bc759,experiments/auto/data/ph1/proxy/ph1_landscape_862a6bc759.png,01e5e36139f787edd2fcf25fb36636bc433c4c89d80730c1cd67028ba4ee09f8,landscape,,,public_holdout,T2_public_cc0_pd,commons:Gerda Arendt,2024:01:31,Motorola,motorola one vision,"https://commons.wikimedia.org/wiki/File:View_to_Bejenado,_with_almond_blossom,_La_Palma.jpg",eval,CC0; original sha256 9f668895528bc4f9e9dba271f8b860f740258a44eaa039f74a8cfca091b848d1; PD12M id 18a18abf6d8bbea0630edc98bafdc7d5
ph1_landscape_066ce0d8d3,experiments/auto/data/ph1/proxy/ph1_landscape_066ce0d8d3.png,89fba005a1301e34631c8fca55f03a6d637648694ad9d25fa75266af972e5f1d,landscape,,,public_holdout,T2_public_cc0_pd,commons:Pxchanh,2019:02:11,Xiaomi,MI4,"https://commons.wikimedia.org/wiki/File:Bi%E1%BB%83n_H%E1%BB%93_-_Pleiku,_Gia_Lai,_Vi%E1%BB%87t_Nam.jpg",eval,CC0; original sha256 cf5dad80ffa59a8b09c6854f25ef46127a4e4ba25b6cd1452bbeb6dc9b7c6a13; PD12M id 18ee6eb896ed137e8583f18882b7dd9e
ph1_landscape_17548f8cbc,experiments/auto/data/ph1/proxy/ph1_landscape_17548f8cbc.png,b20cf5764289aaa51189f4659ca62ccb4ceaa45b39c43b76e2937b5b5bd4ead6,landscape,,,public_holdout,T2_public_cc0_pd,commons:TotalAnarchy,2023:04:30,Samsung,SM-A320FL,https://commons.wikimedia.org/wiki/File:Mele%C8%99eni_-_Cet%C4%83%C8%9Buie._La_marginea_nordic%C4%83_a_cet%C4%83%C8%9Bii_(3).jpg,eval,CC0; original sha256 65de87ba214e3de69368b0d4ca41e500d8bad4cd7b6cbb6250fd190dd8e24a11; PD12M id 1b08e5ddb9eb78c0a05035eef229340a
ph1_landscape_441de321cd,experiments/auto/data/ph1/proxy/ph1_landscape_441de321cd.png,0edcc214fafe77f274238e30595d7cd763c6d9a10dc064813bc902861ea7c755,landscape,,,public_holdout,T2_public_cc0_pd,commons:Own work.,2014:05:25,Apple,iPhone 5s,https://commons.wikimedia.org/wiki/File:G%C3%B8rrtjennet.jpg,eval,CC0; original sha256 15e195a43d9bad05ffe078240e831edb8a613bd3e9e5aa863ea1c976a97bee54; PD12M id 1e2a6116d6eebab2ed69e46af3140dad
ph1_landscape_2783904f8c,experiments/auto/data/ph1/proxy/ph1_landscape_2783904f8c.png,f5291ba714c4f5cc844bf300e9dc3fbe0dcf5662a38ad70d531eb9b736e90321,landscape,,,public_holdout,T2_public_cc0_pd,commons:Romainbehar,2022:10:22,Google,Pixel 6a,https://commons.wikimedia.org/wiki/File:Marseille_-_Carri%C3%A8re_Galland_05.jpg,eval,CC0; original sha256 d6984fd9fed39bce16ed3ee4b161e86f20608fe68474c9053a4405d7b0413c37; PD12M id 1e8ffd184cfbc367dd6a1cae2953c0cb
ph1_landscape_c536b0ac24,experiments/auto/data/ph1/proxy/ph1_landscape_c536b0ac24.png,b5a2aec7a68903ec0ba1755775efeb7bbbcc62345e72cf4ea73ac555ca5a1ba9,landscape,,,public_holdout,T2_public_cc0_pd,commons:Slleong,2019:07:25,Apple,iPhone 6s,https://commons.wikimedia.org/wiki/File:Golden_Triangle_Special_Economic_Zone_1.jpg,eval,CC0; original sha256 a0832f9345dcfc4144f1f00cc8fe4cd051d11d81e30c5fd6190484e2ad6f79ae; PD12M id 1f8a75fcc1ac669ca8020c8c7a3757ec
ph1_landscape_fe6dd172d9,experiments/auto/data/ph1/proxy/ph1_landscape_fe6dd172d9.png,edbb4cee8ee920a949a95167b9b96eea2f0926c39bcc0b5da3c6a4ca60e58e2a,landscape,,,public_holdout,T2_public_cc0_pd,commons:Hiba.dhaouadi,2021:03:01,Huawei,INE-LX1,https://commons.wikimedia.org/wiki/File:Metline_bizerte.jpg,eval,CC0; original sha256 31c35bc16017216e101bb52fa917f42ba4065c7a75df91f88ed2b5b975a77f3a; PD12M id 218a2c3847bc01fa2eef85e75f1496c0
ph1_landscape_9c18eb39c8,experiments/auto/data/ph1/proxy/ph1_landscape_9c18eb39c8.png,6099a413b5035f3d6a1c6b707201b404e548f25f7e7abe96a6b8b94508e3afcb,landscape,,,public_holdout,T2_public_cc0_pd,commons:Angela Huster,2009:06:25,Samsung,VLUU L200  / Samsung L200,https://commons.wikimedia.org/wiki/File:Reschensee_South_Tyrol.JPG,eval,CC0; original sha256 a5070038a416cabced15d2dbe664460a4526c88f4a78ea138dd04a088321b609; PD12M id 22aeb9c34b49fd9e62745482995b2118
ph1_landscape_ace0b4dd35,experiments/auto/data/ph1/proxy/ph1_landscape_ace0b4dd35.png,9d02c62c6992cbff8e14582349454b5ac2791171d2c039418378ea61a5fc2e9a,landscape,,,public_holdout,T2_public_cc0_pd,commons:先従隗始,2021:04:06,Huawei,ANE-LX2J,https://commons.wikimedia.org/wiki/File:Oki-no-shiraishi_20210406_15.jpg,eval,CC0; original sha256 83602aa4ff914b1b15d37b59755a408a3538929e1b4376fdd38e01cc35edc2d8; PD12M id 237bca36d9f5c2f72cb84ffdec9376a1
ph1_landscape_ac238bcd7c,experiments/auto/data/ph1/proxy/ph1_landscape_ac238bcd7c.png,9f98f03ad5b18a07d39b3c6b24d7f18f4ecebe5455d3ff5d5c2babb2c6c1d956,landscape,,,public_holdout,T2_public_cc0_pd,commons:Mostafameraji,2022:01:07,Samsung,SM-G988B,https://commons.wikimedia.org/wiki/File:%D8%B5%D8%B9%D9%88%D8%AF_%D8%A8%D9%87_%D9%82%D9%84%D9%87_%D8%AA%D9%88%DA%86%D8%A7%D9%84_%D8%AA%D9%87%D8%B1%D8%A7%D9%86_-_%DA%A9%D9%88%D9%87%D9%86%D9%88%D8%B1%D8%AF%DB%8C_%D8%AF%D8%B1_%D8%A7%DB%8C%D8%B1%D8%A7%D9%86_-_%D8%B9%DA%A9%D8%A7%D8%B3%DB%8C_%D8%A8%D8%A7_%D9%85%D9%88%D8%A8%D8%A7%DB%8C%D9%84_-_%D9%85%D8%B5%D8%B7%D9%81%DB%8C_%D9%85%D8%B9%D8%B1%D8%A7%D8%AC%DB%8C_04.jpg,eval,CC0; original sha256 7225da6a23676e5a49adf16362e207faa31f866e8699a9e6c0079194deaf4f80; PD12M id 246fd5ef1faf91f37359238591c7362a
ph1_landscape_ddf6e4a481,experiments/auto/data/ph1/proxy/ph1_landscape_ddf6e4a481.png,8af859518c2a40b0d8aef29a6bd749ba40e7f045057c3b40829f3923952eb0e1,landscape,,,public_holdout,T2_public_cc0_pd,commons:Hiba.dhaouadi,2020:12:20,Huawei,INE-LX1,https://commons.wikimedia.org/wiki/File:Mateur_Bizerte_tunisia.jpg,eval,CC0; original sha256 4be054ff5f3d9e8503c6811144497d8dbfe72d79df64ee91d31c2ae023c4b2fa; PD12M id 2579636c9916b828b3072cb5e4ce3fb0
ph1_landscape_0c4af34bbb,experiments/auto/data/ph1/proxy/ph1_landscape_0c4af34bbb.png,a8938c8aa4e76fab04bab1db7403262d8c9a2777d8ed6763509c5cd85d0ab5e5,landscape,,,public_holdout,T2_public_cc0_pd,commons:Broc,2022:11:29,Samsung,SM-G973F,"https://commons.wikimedia.org/wiki/File:Misfat_Al_Abriyeen_Village,_Oman.jpg",eval,CC0; original sha256 bc90b0c8427899632bbff86d054eab851c6a848b2fb2077663547c6e4496bb94; PD12M id 283f726477be03074ae76363d4e26201
ph1_landscape_06022913df,experiments/auto/data/ph1/proxy/ph1_landscape_06022913df.png,988a415ff9f0930d88a76353809145bb4107fcb81bda8f74fa68758f383ba70e,landscape,,,public_holdout,T2_public_cc0_pd,commons:先従隗始,2021:04:06,Huawei,ANE-LX2J,https://commons.wikimedia.org/wiki/File:Adogawa_offshore_General_Automatic_Observatory_20210406_07.jpg,eval,CC0; original sha256 78da2cf7e3783d0f683fee4ceafc80971f56b20ec7d595fb59fb791759f1f25a; PD12M id 2a8b09cd9164e5e19b1d279e1b359d85
ph1_landscape_e70410af53,experiments/auto/data/ph1/proxy/ph1_landscape_e70410af53.png,fd9ae28003d1c0cf3f08d9d40f5bf008526f2357aee0452f02c2529dac9aaf26,landscape,,,public_holdout,T2_public_cc0_pd,"commons:Alex Liivet from Chester, United Kingdom",2017:03:04,Motorola,Moto G Play,https://commons.wikimedia.org/wiki/File:Lake_District_(32907678860).jpg,eval,CC0; original sha256 fd3fc4cb8d90f6e4ad023ff52ba5e4d3aadd19d4ca137d8a1e3008e37ce80bdb; PD12M id 2ae1b3d38c4ef05c477686f9f338c171
ph1_landscape_a0b4db1355,experiments/auto/data/ph1/proxy/ph1_landscape_a0b4db1355.png,3f76a39c22406a801a8f1c535d16272680e9c40a71472d886ecc38b60d17ddf4,landscape,,,public_holdout,T2_public_cc0_pd,commons:Huangdan2060,2018:06:13,Huawei,BLN-AL10,"https://commons.wikimedia.org/wiki/File:Panorama_of_Hedong_Reservoir,_Xiangxiang,_Hunan,_China3.jpg",eval,CC0; original sha256 e7aa626a42a89d35d9a8f06a3636b4ae41ec09be8b86c1a25445a1a8fe007dda; PD12M id 2e4fade4fe6456f1ff7418baf3c29ad6
ph1_landscape_534a5db3c1,experiments/auto/data/ph1/proxy/ph1_landscape_534a5db3c1.png,2ed1e0c1d5073e60951d6157b8219ae582d97690ff73048dbc3172b508c84807,landscape,,,public_holdout,T2_public_cc0_pd,commons:Rschroeder1985,2018:04:27,LG,Nexus 4,https://commons.wikimedia.org/wiki/File:Snowy_Rocky_Mountains_in_Banff_1.jpg,eval,CC0; original sha256 110a7a2af818818bb80b33e64772b85d0fa449686a269523fec55cde55d328ed; PD12M id 32b632841246cf9897dc10d1d36ee854
ph1_landscape_4d406db460,experiments/auto/data/ph1/proxy/ph1_landscape_4d406db460.png,8792ab1ceeda164ae0cbedea378fb8d484af0161dcb51ba3643d1a1b6de1ece2,landscape,,,public_holdout,T2_public_cc0_pd,commons:Alexxxos,2011:04:20,Nokia,5130c-2,https://commons.wikimedia.org/wiki/File:Laguna_verde_8.jpg,eval,CC0; original sha256 96a3f307a13f54d982ec6dd64ef2174ae605dff7e929e3810ea17d4c90348c97; PD12M id 3354b54d4ee3fb70292fdd5eeb5a2dfd
ph1_landscape_9260a47db8,experiments/auto/data/ph1/proxy/ph1_landscape_9260a47db8.png,3fba439cbd27b27df8689dcb120c3869c09e12d0ca20b0f9e25811a5a9fab6e5,landscape,,,public_holdout,T2_public_cc0_pd,commons:Ajznponar,2023:09:27,Xiaomi,M2101K9G,"https://commons.wikimedia.org/wiki/File:Tolminka_Gorge,_The_Devil%27s_Bridge.jpg",eval,CC0; original sha256 9eff07b69862395ed0c8f8a81cf1cf2bdf63dbd6a4fc680f5b58d10553c0f7a7; PD12M id 339580da6efb62fc5617289adbed68aa
ph1_landscape_b806aac576,experiments/auto/data/ph1/proxy/ph1_landscape_b806aac576.png,e315b6be7263e05a684d079ce673f38a50e32643695632aa271c0bf8f3e33eba,landscape,,,public_holdout,T2_public_cc0_pd,commons:Romainbehar,2018:07:27,Samsung,SM-J500FN,https://commons.wikimedia.org/wiki/File:Jaizkibel_-_Falaises_sur_l%27oc%C3%A9an.jpg,eval,CC0; original sha256 bedfa41769c158033c738d695bb09d8b9fb49b04893fdbc7a6e1aba865c4ace2; PD12M id 3633f0e897ddf86fcf8c69b59e33a6a7
ph1_landscape_0fc58013ec,experiments/auto/data/ph1/proxy/ph1_landscape_0fc58013ec.png,cf4af0ba44c78de8ac9c1299c26e061053e16cb0ef725582d88da79302b7fe6d,landscape,,,public_holdout,T2_public_cc0_pd,commons:Benoît Prieur,2019:10:14,Apple,iPhone XS,"https://commons.wikimedia.org/wiki/File:Cluse_des_H%C3%B4pitaux,_Tenay,_2019_(3).jpg",eval,CC0; original sha256 9e63bdcf48002c98fc1a606be53d7dcbf8c0cd35307558d72d1bfab1c091bb74; PD12M id 3914421714610d685c68fd534c4e1938
ph1_landscape_abc4afd610,experiments/auto/data/ph1/proxy/ph1_landscape_abc4afd610.png,fa5ce11042e8771a94fe0b6981920c985bc8280e60ae06300de145291dafbf89,landscape,,,public_holdout,T2_public_cc0_pd,commons:Messner92,2023:11:05,Xiaomi,2201117SY,https://commons.wikimedia.org/wiki/File:Sorgente_di_Vas_2.jpg,eval,CC0; original sha256 c43dedc3adac0a98d83d43fcbc4dc506ef3c2adeece147a882ec10cd4f38498f; PD12M id 394f04af774e55be8d15becf7171ef65
ph1_landscape_8ca5dbed24,experiments/auto/data/ph1/proxy/ph1_landscape_8ca5dbed24.png,86a06ff548d72be63f75525fca7924f5873d5996959a046cdd5f270ca9c19492,landscape,,,public_holdout,T2_public_cc0_pd,commons:Angel Angel 2,2019:10:20,Huawei,MAR-LX1A,https://commons.wikimedia.org/wiki/File:Spasovica.jpg,eval,CC0; original sha256 609e17a7302398cddd2da4b8ce235e9336e393d999d0decdfebd625570abcbe1; PD12M id 3b6d37c597b82a649e5e55120d013708
ph1_landscape_b84040272f,experiments/auto/data/ph1/proxy/ph1_landscape_b84040272f.png,a638bb0cd7ae062533842152e4a223213eec0c69e37421ed4f1d561fccd211c4,landscape,,,public_holdout,T2_public_cc0_pd,commons:Eddau,2011:03:07,Apple,iPhone 3GS,https://commons.wikimedia.org/wiki/File:Ein_Avdat_IMG_1257.JPG,eval,CC0; original sha256 428da1de4efe3b5f035c45be2f429e7e50f6888f0a098e30e6211847636e69ff; PD12M id 5255ad755afac960e6fbc2cdab4b712b
ph1_landscape_7e30d6d612,experiments/auto/data/ph1/proxy/ph1_landscape_7e30d6d612.png,f75230886c39cddfb2c92928e86deb6fa46616b8a31fbcda04fdf4b819683571,landscape,,,public_holdout,T2_public_cc0_pd,commons:9002Jack,2023:12:29,Apple,iPhone 11,"https://commons.wikimedia.org/wiki/File:Teide,_Pico_Viejo_e_Roques_de_Garc%C3%ACa.jpg",eval,CC0; original sha256 e0c7d1430873840a02ab130dfb76a44440775d42d75a220e87dd8338ef254a11; PD12M id ab7d5d4dd9b7157c405fe3c614f9b403
ph1_landscape_31daf2fd47,experiments/auto/data/ph1/proxy/ph1_landscape_31daf2fd47.png,a5489815d9099d0410473c2569d04ee716e8e35435a6088cbb238175e01e4ec9,landscape,,,public_holdout,T2_public_cc0_pd,commons:cotterillmike,2012:10:21,Apple,iPhone 4S,"https://commons.wikimedia.org/wiki/File:Axum,_Ethiopia_(27167570040).jpg",eval,CC0; original sha256 49c84a72445a2d0a38ec79042f5e4c5c7dda1fac64b9f91044c90e68f4a9d10e; PD12M id ac4604fe3d28c46943e92ce051804d99
ph1_landscape_d9a3883917,experiments/auto/data/ph1/proxy/ph1_landscape_d9a3883917.png,49b772c4ada599a604bbf2d818edb31589db6b6f67c787203598c117816ae9f2,landscape,,,public_holdout,T2_public_cc0_pd,commons:Netha Hussain,2022:07:02,Huawei,VOG-L29,https://commons.wikimedia.org/wiki/File:Blue_Lagoon_Geothermal_pool_04.jpg,eval,CC0; original sha256 caeb2612c1b392ce7de7f146b4153803381c6cd9b4dcaaf3351c24db39cc9954; PD12M id ba659f6692e6fffa17c73c3be9f0d69c
ph1_landscape_980683dc66,experiments/auto/data/ph1/proxy/ph1_landscape_980683dc66.png,38a8b645cd2a5071142d5e10127b373517191277afb8b93c89d9a221f711a41d,landscape,,,public_holdout,T2_public_cc0_pd,commons:Ivano Giambattista,2021:12:29,Xiaomi,M2003J15SC,https://commons.wikimedia.org/wiki/File:The_Skrino_Gorge.jpg,eval,CC0; original sha256 037e0b47dcc0b261148b72d34e567df855da2c11a4dcc99dd9f906004499d1fb; PD12M id c59b26b83cde2eee88534571c77966bc
ph1_night_fe42b25d55,experiments/auto/data/ph1/proxy/ph1_night_fe42b25d55.png,48852976c31eb5ff1557b07b6ac4a9900b796f06ddbcaa59ba96153ed0c74581,night,,,public_holdout,T2_public_cc0_pd,commons:Warszawska róg Szerokiej w Tomaszowie Mazowieckim w województwie łódzkim,2018:05:03,LG,LG-M160,"https://commons.wikimedia.org/wiki/File:Tomasz%C3%B3w_Mazowiecki,_iluminacje_na_placu_Ko%C5%9Bciuszki,_maj_2018.jpg",eval,CC0; original sha256 e4bae9ba3ca900c6b73b794b6ab8a59aa4af29e033d34dc4443d835acf58052e; PD12M id 00ea993f2857bf46bd9466d8f9de6375
ph1_night_d5620a4f45,experiments/auto/data/ph1/proxy/ph1_night_d5620a4f45.png,225f0e76c445887eb401c3ef3a61f544f149c69b2a57bbbdef6320b32270cb09,night,,,public_holdout,T2_public_cc0_pd,commons:Imeao,2020:11:20,Xiaomi,Mi A2 Lite,https://commons.wikimedia.org/wiki/File:Rcrjphqwtwnr.jpg,eval,CC0; original sha256 6249f4bbf709d425573dd43cd1fddeb55189993264ce52eb027fc3b086512b64; PD12M id 010b9f9811eb9512283dc06a5a9ad7f2
ph1_night_f66c0792fd,experiments/auto/data/ph1/proxy/ph1_night_f66c0792fd.png,37b99958bf143f0e0e9b70aeff1537da583146d5a05b3c9bad78c10c784f7f1c,night,,,public_holdout,T2_public_cc0_pd,commons:Rakoon,2019:12:21,Samsung,SM-A720F,https://commons.wikimedia.org/wiki/File:20191221_201812_December_2019_in_%C5%81%C3%B3d%C5%BA.jpg,eval,CC0; original sha256 41520f29cb90062993883838a4f2eb62262fc966349ccbcca872256f95f2ce5c; PD12M id 0233789337161454a12aa52e62ca6466
ph1_night_881773394e,experiments/auto/data/ph1/proxy/ph1_night_881773394e.png,e7b3f702685c59b0390e8d8e353fc1cad6c56d32caf10421d835ac9d717a741d,night,,,public_holdout,T2_public_cc0_pd,commons:BuSea BaSze Mi HKer,2024:01:02,Xiaomi,23030RAC7Y,https://commons.wikimedia.org/wiki/File:SZ_%E6%B7%B1%E5%9C%B3_Shenzhen_%E9%B9%BD%E7%94%B0%E5%8D%80_Yantian_%E5%A4%A7%E6%A2%85%E6%B2%99_Dameisha_%E9%80%9A%E5%AF%B6%E8%B7%AF_Tongbao_Road_night_January_2024_R12S_132.jpg,eval,CC0; original sha256 c6355015a12ed969077b03c5572439318d992a2045bee359017103c4ce94c3a9; PD12M id 03d5ad5135da109d552ca3412758705a
ph1_night_9627c4e775,experiments/auto/data/ph1/proxy/ph1_night_9627c4e775.png,4b365afc5477e8e571425dd3d9eb575a0ff82da9b9b368f48b5d90572a979f51,night,,,public_holdout,T2_public_cc0_pd,commons:Benoît Prieur,2015:07:14,Apple,iPhone 6,https://commons.wikimedia.org/wiki/File:Avion_Avianca_-_a%C3%A9roport_de_Bogota.jpg,eval,CC0; original sha256 fa5b344e6d7c30f904bbfe35e2215d46cb5b417dc637e40ec080f36369235cd9; PD12M id 04b434e2f60b2162c3d46d08948d43e6
ph1_night_96d5f179b4,experiments/auto/data/ph1/proxy/ph1_night_96d5f179b4.png,255e88a590dafa3c9ef00291c9a50f108c3d7dfdd28f4ba181ac86e048e28fd2,night,,,public_holdout,T2_public_cc0_pd,commons:01x07x2022000,2023:12:04,Apple,iPhone SE (2nd generation),https://commons.wikimedia.org/wiki/File:Renovace_ulice_Antonina_Dvoraka_IMG_8982.JPG,eval,CC0; original sha256 f12e93d49eca28a07c8b069c08f9329353e278fc1f94a4ce52271b3808b84810; PD12M id 05a7157e5c3376565b166908931d7764
ph1_night_db047d84de,experiments/auto/data/ph1/proxy/ph1_night_db047d84de.png,4e963a88afdedeafe551ee2e7ec7505c25338e5c010f0ff893405a6fad80d90d,night,,,public_holdout,T2_public_cc0_pd,commons:BuSea BaSze Mi HKer,2024:01:02,Xiaomi,23030RAC7Y,https://commons.wikimedia.org/wiki/File:SZ_%E6%B7%B1%E5%9C%B3_Shenzhen_%E9%B9%BD%E7%94%B0%E5%8D%80_Yantian_%E5%A4%A7%E6%A2%85%E6%B2%99_Dameisha_%E7%92%B0%E6%A2%85%E8%B7%AF_Huanmei_Road_night_January_2024_R12S_322.jpg,eval,CC0; original sha256 4c41613646131db18df0a691e9ed5a2de81f78b6e0968814c2986c7d0a000820; PD12M id 09ca0dd3e1e919bbe8ceb6d99753a7a2
ph1_night_a1710f775d,experiments/auto/data/ph1/proxy/ph1_night_a1710f775d.png,98e827fb0e44c2e322531bb5effcb344d40e7dde62e1c3398393e6ef291c76ce,night,,,public_holdout,T2_public_cc0_pd,commons:Petrik2000,2023:12:30,realme,realme GT NEO 3T,https://commons.wikimedia.org/wiki/File:%D0%92%D0%BE%D0%BA%D0%B7%D0%B0%D0%BB_%D0%B3%D0%BE%D1%80%D0%BE%D0%B4%D0%B0_%D0%94%D1%8F%D1%82%D1%8C%D0%BA%D0%BE%D0%B2%D0%BE.jpg,eval,CC0; original sha256 3313d472e6cf435ae18874d454c25aa330b0c6cc3bf336f75dec6de5526f52f6; PD12M id 0c00a433b73ef55887be00bd72de586f
ph1_night_eb0d37443c,experiments/auto/data/ph1/proxy/ph1_night_eb0d37443c.png,703236341f80d9a0cf061dcafbe480ccf708fe7edc02ce029fa58ee0110f611a,night,,,public_holdout,T2_public_cc0_pd,commons:Rakoon,2019:02:18,Samsung,SM-A720F,https://commons.wikimedia.org/wiki/File:20190218_182620_February_2019_in_Moscow.jpg,eval,CC0; original sha256 3064d32c9abc9e3873b19c9f1b83fc73c228545b04e4f8c3ff4862eb01fe1746; PD12M id 0c6c820b099e677eaad07c8a6fd3fd94
ph1_night_0e9563191f,experiments/auto/data/ph1/proxy/ph1_night_0e9563191f.png,1bd1eea504505fadc826c6bcc1f16e77ba6ade8cfe697b573227579fed51ddd8,night,,,public_holdout,T2_public_cc0_pd,commons:Ivano Giambattista,2021:12:13,Xiaomi,M2003J15SC,https://commons.wikimedia.org/wiki/File:View_of_Kyustendil_from_Hisarlaka_Park.jpg,eval,CC0; original sha256 b8a4b6d11ac3af74d83c5e07f2d3e2614942c112a905e8179ae6527961106e03; PD12M id 0c92eafaa65ff236e2402597d9c3f2e8
ph1_night_9eddd6c079,experiments/auto/data/ph1/proxy/ph1_night_9eddd6c079.png,2b5d21eeb55956864e50a67040592fb3a05f844caeb00ff4d82b11f9dfd5b587,night,,,public_holdout,T2_public_cc0_pd,"commons:Alex Liivet from Chester, United Kingdom",2015:01:10,Sony,D5503,https://commons.wikimedia.org/wiki/File:Eiffel_Tower_(37578892684).jpg,eval,CC0; original sha256 a548170c26078f60c61fc897f7bb7d39cf241b9d1b15fb074dc95acb54a96dc7; PD12M id 0e153a9f2626c30c35a473d2a2f7f8ce
ph1_night_04ee08cac6,experiments/auto/data/ph1/proxy/ph1_night_04ee08cac6.png,8427b936af229ea177f669973a30c86b2d2235adf0e779def803a56ffb6a265f,night,,,public_holdout,T2_public_cc0_pd,commons:Rakoon,2021:02:13,Samsung,SM-A720F,https://commons.wikimedia.org/wiki/File:20210213_192507_Rynek_Ko%C5%9Bciuszki_in_Bia%C5%82ystok.jpg,eval,CC0; original sha256 ae2cba6d1321ab652639efc35721fade412e1702a42980f2fa043bf71de7b50e; PD12M id 1030a455e72563eaa5cd8cdc022f5b3a
ph1_night_836c1adc91,experiments/auto/data/ph1/proxy/ph1_night_836c1adc91.png,a2a1c3861b344534ebac16b1a78176cbe3c6fcbdd34a129386f31f697f6e03b2,night,,,public_holdout,T2_public_cc0_pd,commons:PvOberstein,2018:01:25,Apple,iPhone 7,https://commons.wikimedia.org/wiki/File:CityNews_Van_01.jpg,eval,CC0; original sha256 8573d7e9975bed8d155b57ad0e7ba280776749bc292f914c3f29da295a181be9; PD12M id 1242259835a2a750d9ddb0164c890f62
ph1_night_8e404ce223,experiments/auto/data/ph1/proxy/ph1_night_8e404ce223.png,62414d45432acc4a12eaee0d2aec67ef110e39cabe379c93e49eb6e5f99c0287,night,,,public_holdout,T2_public_cc0_pd,commons:Rakoon,2022:03:13,Samsung,SM-A415F,https://commons.wikimedia.org/wiki/File:20220313_023604_Przej%C5%9Bcie_graniczne_Dorohusk-Jagodzin_(drogowe).jpg,eval,CC0; original sha256 d3b83843dd743b3ca3bf26b9c6fced2470834a8aafd3db3ffed6a6e77eb9f20a; PD12M id 12472b144c045ba2bd04e6867510789b
ph1_night_d06afc0fd0,experiments/auto/data/ph1/proxy/ph1_night_d06afc0fd0.png,2e2495ccc0d9ef23beeca647cce721e16e504b46bebe08b772cfabe9effa25e3,night,,,public_holdout,T2_public_cc0_pd,commons:ubahnverleih,2016:01:23,Apple,iPhone 6,https://commons.wikimedia.org/wiki/File:ODEG_Regio_Shuttle_im_Bahnhof_G%C3%B6rlitz.jpg,eval,CC0; original sha256 cb2d2ac3af06205d47fb09312c30a3971daece1e13d563482f56bb4402b47099; PD12M id 124e9106ec181649cc09a6cc9be216ce
ph1_night_ebb8795703,experiments/auto/data/ph1/proxy/ph1_night_ebb8795703.png,27ac4d6b8b506c64037094dfefc3480e790e7779779af2ef6dbe0c36e3038274,night,,,public_holdout,T2_public_cc0_pd,commons:Paul W,2024:02:28,Samsung,SM-G991B,"https://commons.wikimedia.org/wiki/File:Southeastern_view_from_The_Look_Out,_the_50th_floor_of_8_Bishopsgate,_London.jpg",eval,CC0; original sha256 c2cf15c316a2798a912feb0b2423857a8cbaab7e5782e9463994f46ee7e4c8cf; PD12M id 1365f507107ceae9d1d26308035da4be
ph1_night_7c48c5dab2,experiments/auto/data/ph1/proxy/ph1_night_7c48c5dab2.png,ccb13d915243fc0bb8da3693be5f7672b5b51067d5131b3b5d2c2abdb7171a24,night,,,public_holdout,T2_public_cc0_pd,commons:Triplec85,,Huawei,VOG-L29,https://commons.wikimedia.org/wiki/File:2019-09-14_K%C3%B6nigsh%C3%B6fer_Messe_7.jpg,eval,CC0; original sha256 5620a0f4e78c65f4a20fa112d49b066ce0d563761c8971ede4a1a8133515569e; PD12M id 173d81e6bc3368a5070954f327ede1c4
ph1_night_8d83207fae,experiments/auto/data/ph1/proxy/ph1_night_8d83207fae.png,8025887f53cd2bc59ed7a12cea40f82b4becce2a8a1aed0cad4958091a34f908,night,,,public_holdout,T2_public_cc0_pd,commons:EditQ,2023:12:24,Samsung,SM-A5160,https://commons.wikimedia.org/wiki/File:Xuexiang_5.jpg,eval,CC0; original sha256 3aeefcc837ab01db1d121bf3a1095b1461145de719a1973bc9fe20202a9be930; PD12M id 18c02417ab785d2ee39be02882a5da39
ph1_night_af0411c801,experiments/auto/data/ph1/proxy/ph1_night_af0411c801.png,5faf525632c31e328b549486f5f632a5f5782f531e1a1df7005195c0d6bb1005,night,,,public_holdout,T2_public_cc0_pd,commons:Benoît Prieur,2022:01:30,Apple,iPhone 13,https://commons.wikimedia.org/wiki/File:Grande_roue_%C3%A0_Miami_(janvier_2022)_de_nuit.JPG,eval,CC0; original sha256 b1e6add88708003527b2a360669648a31013da74664e0ac4ed5b354aa3ab87b9; PD12M id 1ad8e7cb46b8546cf6f413e6c4d15b82
ph1_night_df4221587c,experiments/auto/data/ph1/proxy/ph1_night_df4221587c.png,acec8608518d13695cb4b26256bbefa39856f56a83e81269e20807ef2083b0c3,night,,,public_holdout,T2_public_cc0_pd,commons:ArnoBOUJIKA,2023:08:17,Apple,iPhone 11 Pro Max,"https://commons.wikimedia.org/wiki/File:S%C3%A9jour_%C3%A0_Singapour,_Wikimania_2023._01.jpg",eval,CC0; original sha256 e712e20e71c02ef807214bac5fa95be57c9308bd96e4c5e5518b34fdffabf3c1; PD12M id 1cca21bc8563a84a89cde4f84c9f9821
ph1_night_08e0a14a6d,experiments/auto/data/ph1/proxy/ph1_night_08e0a14a6d.png,9d579270e690cabb4b902ae8bfc4e334bedc5d800564ee5bf770addab15e9caf,night,,,public_holdout,T2_public_cc0_pd,commons:Shyamal,2022:07:30,Xiaomi,M2012K11AI,https://commons.wikimedia.org/wiki/File:Bangalore_20220730_035206.jpg,eval,CC0; original sha256 da93dafa0c7a97cc68f6ca580b9ed615edad543accdcc05561e51fc6c58aac19; PD12M id 1cf141c126161f4a1df82bb0e70b0377
ph1_night_1cfa9f5edd,experiments/auto/data/ph1/proxy/ph1_night_1cfa9f5edd.png,63a9063a4a6085abbeae3a756f8904b331b4aa737b395a2333431e06b3381f74,night,,,public_holdout,T2_public_cc0_pd,commons:Trop86,2024:01:01,Samsung,SM-A127F,https://commons.wikimedia.org/wiki/File:Maritim_Hotel_Ulm_174842.jpg,eval,CC0; original sha256 b6f36d59e4ca27ff168e13a4e617d3cb1deba4fff7a79db1ad4b33f2bb2a0154; PD12M id 1ebc7e2e2dec8f076ce1cee2c8ba88b8
ph1_night_c6c9029d00,experiments/auto/data/ph1/proxy/ph1_night_c6c9029d00.png,9768eb54d1f21110f1aec9866d6b4663b64149f6c0499ab7b2f1a05495a3c6c6,night,,,public_holdout,T2_public_cc0_pd,commons:TheFrog001,2022:01:16,Apple,iPhone 12 Pro Max,"https://commons.wikimedia.org/wiki/File:Stockport,_Platform_0,_Jan_2022_04.jpg",eval,CC0; original sha256 e9f30786857cc24a8c5e9b12c8c04130eff212d9cab441a965a2f13c527a7875; PD12M id 1fc54c93d2d5977bb46e435b618e0e23
ph1_night_5350514f08,experiments/auto/data/ph1/proxy/ph1_night_5350514f08.png,727b385ed25bde60ec0ce89d741bbd1e1ee3bd73b40e0c8595a75de0f03d9d8a,night,,,public_holdout,T2_public_cc0_pd,commons:Romaine,2018:05:19,Samsung,SM-G950F,https://commons.wikimedia.org/wiki/File:Brussels-Belgian_Pride_2018_(13).jpg,eval,CC0; original sha256 59e9118bd36fa5a87e387c82b0f6b45634da397cdf88396ccccbe47b2f584469; PD12M id 21ca07b0b798b24eaaf51b87e626fbc0
ph1_night_88ccdff30f,experiments/auto/data/ph1/proxy/ph1_night_88ccdff30f.png,003b8f1403fe0aac635f88f5a29dde2729e702c314d128960e3ff7b3ec8900fa,night,,,public_holdout,T2_public_cc0_pd,commons:AITFFan1,2023:07:30,Apple,iPhone 13 Pro Max,"https://commons.wikimedia.org/wiki/File:Red_Light_Camera_on_NY_25A,_Flower_Hill,_NY_July_30,_2023.jpg",eval,CC0; original sha256 fcc14e2e0444641bbabb494721678b77c8f4551a50d1516a36ae09b0abeb3b75; PD12M id 22a3fb8f96e61cddb77e471aabf4c34c
ph1_night_51767cc6c2,experiments/auto/data/ph1/proxy/ph1_night_51767cc6c2.png,a9382e026373abce5fc3e72b65156256923d3c3869d64eb2384a671cd3cb9dd5,night,,,public_holdout,T2_public_cc0_pd,commons:Leiem,2023:02:04,Xiaomi,Redmi K30 5G,https://commons.wikimedia.org/wiki/File:Guanyinqiao_station_L9.jpg,eval,CC0; original sha256 6e3184fd86dc46acd876b0d9404d009b26bf2b19c61bd317eb4bd9456c401104; PD12M id 234d905615e5c20f597cf33ad740938b
ph1_night_1a073fcf9d,experiments/auto/data/ph1/proxy/ph1_night_1a073fcf9d.png,cd30d8d8f9163575b9a9d880dea12aa8bdf8146db800aabe2024aa9a09ae886a,night,,,public_holdout,T2_public_cc0_pd,commons:Imeao,2020:09:30,Xiaomi,Mi A2 Lite,https://commons.wikimedia.org/wiki/File:Jastsrkfcpij.jpg,eval,CC0; original sha256 faf0862da9793da5bb4c81a5645b0b027d3575c271f9cf3f09a0c59433fe6e8f; PD12M id 23785465ea1ca76d963df77555fbefb1
ph1_night_3e437c072f,experiments/auto/data/ph1/proxy/ph1_night_3e437c072f.png,fda168d822c46207abbf6c283be6e92292ed631d5a9172a543eb2af9e0eadd41,night,,,public_holdout,T2_public_cc0_pd,commons:神樂坂秀吉,2019:07:18,Samsung,SM-C9000,https://commons.wikimedia.org/wiki/File:%E6%A1%82%E6%9E%97%E8%A7%A3%E6%94%BE%E6%A1%A5%E4%B8%8B%E5%A4%9C%E6%99%AF.jpg,eval,CC0; original sha256 126a2418fdd448f854d5ac31551d9f7833d2407d5eec2c420e11bd58cc1285f4; PD12M id 248e76637a5312d11013156464909a48
ph1_night_287cb97a07,experiments/auto/data/ph1/proxy/ph1_night_287cb97a07.png,e5cff3ca5707d93cb60741829787c6a8ce9f60d13b0a4ec2a0953009579f1554,night,,,public_holdout,T2_public_cc0_pd,commons:Ii2nmd,2024:02:03,Apple,iPhone 12 Pro Max,"https://commons.wikimedia.org/wiki/File:Manayunk,_PA_3.jpg",eval,CC0; original sha256 04a231c61c294618efc19230c8a0efb7b98ad81d489d6cdb9b991e72e47366ca; PD12M id 262006bf63bf6bd36ffbe3708c933542
ph1_night_31039d11bc,experiments/auto/data/ph1/proxy/ph1_night_31039d11bc.png,11666850e57f7c6adcde6b61b94afea5990637a45a0f4dbcd054a359ec9e26be,night,,,public_holdout,T2_public_cc0_pd,commons:Studio Incendo,2019:06:16,Google,Pixel 3 XL,https://commons.wikimedia.org/wiki/File:HK_Protest_Incendo_20190616_214842.jpg,eval,CC0; original sha256 522703b60cac213854148afda1cccc053f163db397eb8c18696ccbd6d11b42bc; PD12M id 275db1cfff4222d0887dc9ef90916fee
ph1_night_8e7489f42d,experiments/auto/data/ph1/proxy/ph1_night_8e7489f42d.png,3766e510a2b8995d0e14e3d97eef473efdb14b30bdf15fd7cf6319a8b955826a,night,,,public_holdout,T2_public_cc0_pd,commons:12akd,2023:11:08,LG,LG-H525n,https://commons.wikimedia.org/wiki/File:Museum_of_Hungarian_Agriculture_in_evening25.jpg,eval,CC0; original sha256 dc99edbfe24e8f00984a72b68e8b4dde46f613e0557cae58ceb09250188968bd; PD12M id 2819d4a588ab2722ffffd4ae9903614e
ph1_night_c370b65365,experiments/auto/data/ph1/proxy/ph1_night_c370b65365.png,5c13d91fc1bc5e004d026ca55c7beb7fa9b37b4d50c234a032846c5a6a647376,night,,,public_holdout,T2_public_cc0_pd,commons:Rakoon,2023:11:24,Samsung,Galaxy A54 5G,https://commons.wikimedia.org/wiki/File:20231124_183603_November_2023_in_Bia%C5%82ystok.jpg,eval,CC0; original sha256 50022352f341c697691310dc4c7de319f331a707233f2032ea52ec6f5fb69fd4; PD12M id 29525eb8e57da2984f1480d65ca098a8
ph1_night_398196e0f2,experiments/auto/data/ph1/proxy/ph1_night_398196e0f2.png,5b7ce1160a22badeb5db40596d3b6117bb3b7df58b1872d8c2451b7f52a5c2c3,night,,,public_holdout,T2_public_cc0_pd,commons:12akd,2023:10:30,LG,LG-H525n,https://commons.wikimedia.org/wiki/File:Sz%C3%A9pm%C5%B1v%C3%A9szeti_M%C3%BAzeum_este18.jpg,eval,CC0; original sha256 bb21027ae96b343453a0723a3211a45225dd68e80e81997aa5e778b4b0059df2; PD12M id 2b29c4b4e15ae8876bc2ec42c89a1628
ph1_night_9a398bafeb,experiments/auto/data/ph1/proxy/ph1_night_9a398bafeb.png,a5d464f2b96cb9b71c50b782886d293bb37043f07cf9f45e7633307346754834,night,,,public_holdout,T2_public_cc0_pd,commons:Svetlov Artem,2022:02:19,Samsung,SM-G7810,https://commons.wikimedia.org/wiki/File:Best_Western_hotel_Kaluga_2022-02.jpg,eval,CC0; original sha256 0c1d96bc66356b38957231fc15f7f97d1ac1fe7dbff7dde4db1d2ec75135b079; PD12M id 2b6c7953cb385ada2bc211e185df4ac5
ph1_night_e4809a6740,experiments/auto/data/ph1/proxy/ph1_night_e4809a6740.png,b2915f331802448e224bd1979e2923ffce8d5bd570a29bd66a5cae8fa33f634a,night,,,public_holdout,T2_public_cc0_pd,commons:Amenoc,2017:09:16,LG,Nexus 5,https://commons.wikimedia.org/wiki/File:Street_scene_while_walking_in_Hanoi_b_01.jpg,eval,CC0; original sha256 2c728af0cc7b95456dfea3d8455aa2a0faeaddebf7c91b1780fec8c79217aba4; PD12M id 32346702505cb214a6ae06edd8975040
ph1_night_cfe1af1be4,experiments/auto/data/ph1/proxy/ph1_night_cfe1af1be4.png,e8c0bba9d97a63533a3c1752d475a2c60014173e2347f22b4309d252f91667d8,night,,,public_holdout,T2_public_cc0_pd,commons:Mikefoxtrot,2016:10:15,Apple,iPhone 6,https://commons.wikimedia.org/wiki/File:Gare_de_Louvain_SNCB_-_NMBS.jpg,eval,CC0; original sha256 238fa58905f21101b4642d9de295c575c0676d5d32259e54a84fa2a3175bc68f; PD12M id 341e8193cb500731885637cde3932653
ph1_night_844c3297d9,experiments/auto/data/ph1/proxy/ph1_night_844c3297d9.png,5140c7dc2b6f2f02b919778a9f7f7057bccedb5bce98f2e7346563a4a2d11096,night,,,public_holdout,T2_public_cc0_pd,commons:Huangdan2060,2018:07:22,Huawei,BLN-AL10,"https://commons.wikimedia.org/wiki/File:Nightscape_of_Anshun_city_in_Guizhou,_China2.jpg",eval,CC0; original sha256 a95c0756f2e0011d7bb702972ecbeeb2d8bf1274247e2aae8b4c413bdb26053e; PD12M id 34c9b3b8685d3bf5a2c6810909876928
ph1_night_7c07dad8d9,experiments/auto/data/ph1/proxy/ph1_night_7c07dad8d9.png,d7c3007bab605d8b43e324a371bd44cc30e2139b4e4b4dbeb31d853749d9dc58,night,,,public_holdout,T2_public_cc0_pd,commons:Artur Andrzej,2010:12:25,Samsung,VLUU L310W L313 M310W / Samsung L310W L313 M310W,https://commons.wikimedia.org/wiki/File:PESA_120Na_in_Gda%C5%84sk_-_winter_night.JPG,eval,CC0; original sha256 ca34028f166645a9b2990f158fe4e4c763b62166c2f2d365becb4590484b3132; PD12M id 35623c18b2dbbad43f4729e69c841314
ph1_night_632ddb7c5a,experiments/auto/data/ph1/proxy/ph1_night_632ddb7c5a.png,078881e29fd04a10aaf184dbb0d78314d6be59de97b854d8f51aa56345994569,night,,,public_holdout,T2_public_cc0_pd,commons:Imeao,2020:09:29,Xiaomi,Mi A2 Lite,https://commons.wikimedia.org/wiki/File:Sqbspxtvnbkd.jpg,eval,CC0; original sha256 1b1cd252d9b69d3082d43c6302b0344e4aa62584b09abf11ab852ee4d9622ac1; PD12M id 3766240407efb0c202505be2afb532e0
ph1_night_0f80c4e872,experiments/auto/data/ph1/proxy/ph1_night_0f80c4e872.png,89cbf591b3b410b1a0e9dbff42b5a4ab8a049e66a6d971691228467e3fffe963,night,,,public_holdout,T2_public_cc0_pd,commons:Jim McIntosh,2021:12:05,Apple,iPhone 13 Pro Max,"https://commons.wikimedia.org/wiki/File:Placencia_Belize,_December_2021_-_Night_Time.jpg",eval,CC0; original sha256 c1e4efb0ef4f85d181ba09c9e051300d238d4295e8963b9adffc9712e0d3c2fe; PD12M id 3767d2931b0b6ddcb8ebe39f8ca430c4
ph1_night_02b23a826b,experiments/auto/data/ph1/proxy/ph1_night_02b23a826b.png,e4863b74f5e23ad31e66edfdee78ce0e2dfedee4e7dcef41fd1be6fd253fde99,night,,,public_holdout,T2_public_cc0_pd,commons:Imeao,2021:12:13,Xiaomi,Mi A2 Lite,https://commons.wikimedia.org/wiki/File:Bozenkigvjsp.jpg,eval,CC0; original sha256 28a8bc4d21c335479e368404b0aeabb4511467d6bbbedc64e9a4a8aeb08e621e; PD12M id 37b519840b9fbe8680c03f4b7ab834d5
ph1_night_3e777edba7,experiments/auto/data/ph1/proxy/ph1_night_3e777edba7.png,e9862d015ecee0944f72a3a5068bee4c85ca19049bfaf6b63ada1c13695d9658,night,,,public_holdout,T2_public_cc0_pd,commons:klankbeeld,2022:11:21,Samsung,SM-G973F,https://commons.wikimedia.org/wiki/File:Mist_in_Kruiskampsingel.jpg,eval,CC0; original sha256 20c627b7e6a493a1622ed83f57b55a8dc8fb8aaa1ce7aa1838d3242c8f6c13e4; PD12M id 3874f46fbd7014c33cbe376c9cddbcf4
ph1_night_2723790ba7,experiments/auto/data/ph1/proxy/ph1_night_2723790ba7.png,8c79b3baab6e6a1ce1bdd3726591f5acf94a3c5d9b260827d11d0a6cf6456af3,night,,,public_holdout,T2_public_cc0_pd,commons:Aliceinthealice,2023:12:31,Apple,iPhone 13,https://commons.wikimedia.org/wiki/File:Woodford_Folk_Festival_2023-2024_05.jpg,eval,CC0; original sha256 ab40d42a381aee901fc46ca95d35636689dba32c98ad7135eedd8f9d7c4068b6; PD12M id 39c4fabe55c24d5baa54eb9542351214
ph1_night_a8d7b90449,experiments/auto/data/ph1/proxy/ph1_night_a8d7b90449.png,0074eb34b6392500a6a0129282c6c235acb1705dce55677d6b368f9d3a445bc0,night,,,public_holdout,T2_public_cc0_pd,commons:Kristianbang,2014:09:12,Apple,iPhone 5s,https://commons.wikimedia.org/wiki/File:PHONO_Festival_2014.JPG,eval,CC0; original sha256 68e2e785162cee81d9eff051e4574dac95218902fa8c65a9dc9c06931ddf5169; PD12M id 3a5ecaab3040990808094c024c43e624
ph1_night_223ac4fa88,experiments/auto/data/ph1/proxy/ph1_night_223ac4fa88.png,a3abdf1970d0296166a7285ad1f33125ee58ce78970d342c23b5d7c93800ed1c,night,,,public_holdout,T2_public_cc0_pd,commons:Kitabc12345,2020:12:14,OPPO,OPPO Reno4 5G,https://commons.wikimedia.org/wiki/File:Mmexport1607884821724.jpg,eval,CC0; original sha256 fb1e135a95b8099ecc2b797995d154d02282050f25bba1f85fb7bedbf19cb4f5; PD12M id 3a76c763b5b63329302ed8f97592e2e0
ph1_night_f17531b165,experiments/auto/data/ph1/proxy/ph1_night_f17531b165.png,4e62871ae401bd977d27c980cc82b6252bb01bb8fa6218df6b248dd2a761343a,night,,,public_holdout,T2_public_cc0_pd,commons:Romaine,2018:05:19,Samsung,SM-G950F,https://commons.wikimedia.org/wiki/File:Brussels-Belgian_Pride_2018_(16).jpg,eval,CC0; original sha256 885c441abbb6c3f807901bd96515d1abad912d5dff8c2c5f3ed3f81f5ab05cb4; PD12M id 3c3a4ad18898909eaa61bd6000b013a8
ph1_night_4d3c21c9fa,experiments/auto/data/ph1/proxy/ph1_night_4d3c21c9fa.png,e3083532a6339604a126b9bf7af415b0df0612c1a00765654fb22e7dbbd1feb9,night,,,public_holdout,T2_public_cc0_pd,commons:Аимаина хикари,2018:12:06,Xiaomi,Mi A2 Lite,https://commons.wikimedia.org/wiki/File:Malbork_dworzec_03.jpg,eval,CC0; original sha256 1f3116e2b6f54eb9b419aa80a559e67811a14f313625044fbfe85fb57370addf; PD12M id 3e46a25c26bd4969cb799b529eb6ad1e
ph1_night_ab63b7a6ee,experiments/auto/data/ph1/proxy/ph1_night_ab63b7a6ee.png,da363aefeaa30e71bc72d8c139ca92d2eb2a54692dc3446ee9cf3287cc336a13,night,,,public_holdout,T2_public_cc0_pd,commons:Hahifuheho,2019:05:23,Apple,iPhone 7 Plus,https://commons.wikimedia.org/wiki/File:Ohmi_1805_Musa_20190523.jpg,eval,CC0; original sha256 a95961a9b325e25433c5dfc0159a49a4e611622fcb7fc3ca6b9d982a4f690622; PD12M id 3ee0d1012168a0a0cab285ba7639745f
ph1_night_5c9e7575f2,experiments/auto/data/ph1/proxy/ph1_night_5c9e7575f2.png,ce66919e9020d329765687071cb67caee402812670736c0af69221f09cd63d9b,night,,,public_holdout,T2_public_cc0_pd,commons:先従隗始,2021:11:26,Huawei,ANE-LX2J,https://commons.wikimedia.org/wiki/File:The_views_of_Shibuya_Sky_20211126_02.jpg,eval,CC0; original sha256 11e199a895594348147a93ee8330023cae6b050451d6b4e1290b63cdfbf8268d; PD12M id 3f1bce8167f243d656dd97ce210e746d
ph1_night_ad5eb02fcf,experiments/auto/data/ph1/proxy/ph1_night_ad5eb02fcf.png,827ba4fd5de5d3c3a07fa6131239182d019f23953a83dd7abf604631fab2cc6e,night,,,public_holdout,T2_public_cc0_pd,commons:01x07x2022000,2022:12:21,Samsung,SM-A750FN,https://commons.wikimedia.org/wiki/File:N%C3%A1mraza_na_Teplicku_-_strome%C4%8Dek.jpg,eval,CC0; original sha256 4c5b60f98af67ac9913ef76f7a8eeb2788ed27df824d358e2d5c921145d4f913; PD12M id 41b4ec92952e65cac98fee45a4c17874
ph1_night_ba4180b9c5,experiments/auto/data/ph1/proxy/ph1_night_ba4180b9c5.png,fefac825b1ab6178e041708fa02f32071a542fb98d6857b2c97eb942b649e17b,night,,,public_holdout,T2_public_cc0_pd,commons:Balaenicactus,2024:03:08,Motorola,motorola edge 30,https://commons.wikimedia.org/wiki/File:Manifestaci%C3%B3n_8M_Palacio_de_Gobierno_Monterrey_4.jpg,eval,CC0; original sha256 90615dc9e70f8be795f2aa8c0ac35822187ccf97d045cf7effcc658e0afcea5b; PD12M id 4288028334aeef24a4b751a3521b5f01
ph1_night_abd717eea9,experiments/auto/data/ph1/proxy/ph1_night_abd717eea9.png,3069a9ce432528f2e36f69d0d4ee2fbc1aa4d81cc7baeb0ea4be227d51ab36ef,night,,,public_holdout,T2_public_cc0_pd,commons:Lt2818,2022:03:19,Samsung,SM-G9910,https://commons.wikimedia.org/wiki/File:%E6%97%A0%E9%94%A1%E4%B8%87%E8%B1%A1%E5%9F%8E.jpg,eval,CC0; original sha256 7570307f905e343d03a7c27c34aa8fcb5cf1ca187f26e0e2388de2fc34c455eb; PD12M id 4448825eaaa1841086ec79538a34f45d
ph1_night_c2bdace824,experiments/auto/data/ph1/proxy/ph1_night_c2bdace824.png,ce46094f9c7b26b0e5d087e10e55455937ecca1f036fb19834e8fe0d7248de7c,night,,,public_holdout,T2_public_cc0_pd,"commons:Warren LeMay from Chicago, IL, United States",2019:05:15,Apple,iPhone 8,"https://commons.wikimedia.org/wiki/File:Columns,_Kom_Ombo_Temple,_Kom_Ombo,_AG,_EGY_(48004988861).jpg",eval,CC0; original sha256 e24462ad7dac8faada474d3e21a323b6b820d706bab4b96238ce069ec961e20d; PD12M id 44ce0a15f6a0bf2f5e11daf6deca65e5
ph1_night_02f7eb3fa3,experiments/auto/data/ph1/proxy/ph1_night_02f7eb3fa3.png,248ac1c235dd8d3447068ad3bd5696edc779295f25b97b18c6531c59eab499d0,night,,,public_holdout,T2_public_cc0_pd,commons:Julianibarra,2019:07:13,Apple,iPhone X,https://commons.wikimedia.org/wiki/File:In-n-Out_Burger_at_Night.jpg,eval,CC0; original sha256 46b7cae37ff14908efe88232211ffdc44f4375218cb82425399937c597090f80; PD12M id 451cc1821c0c499bfc25e82da6c268fc
ph1_night_022f277a44,experiments/auto/data/ph1/proxy/ph1_night_022f277a44.png,b56d7e80b46b6f77e19b53910edd536c10b27a2765dece560e1ead85f0f0d213,night,,,public_holdout,T2_public_cc0_pd,commons:Rakoon,2023:01:13,Samsung,SM-A720F,https://commons.wikimedia.org/wiki/File:20230113_163444_January_2023_in_Bia%C5%82ystok.jpg,eval,CC0; original sha256 cf5e11b850ea6ad846e327e3b000262c06b087dc5c6fa19230a14c691ba04c0a; PD12M id 49f85a59632a3ab0a40fc152cdd67670
ph1_night_5894d22ea0,experiments/auto/data/ph1/proxy/ph1_night_5894d22ea0.png,6db62f2f71fcdaad6d4bcb8bcc45a09c706e2e3f1242e1d359134928fa3558c6,night,,,public_holdout,T2_public_cc0_pd,commons:기여자,2017:03:31,Samsung,SM-A510S,https://commons.wikimedia.org/wiki/File:%EC%82%BC%EC%84%B1%EB%9D%BC%EC%9D%B4%EC%98%A8%EC%A6%88%ED%8C%8C%ED%81%AC.jpg,eval,CC0; original sha256 5222836625b486868b896a03dffc27f91d194c757171e16d56734294ace01803; PD12M id 4bb49ea5f8097aaecfebbe013fd06815
ph1_night_56cd2e4c33,experiments/auto/data/ph1/proxy/ph1_night_56cd2e4c33.png,52a55e85f575eb0c70c69a783cd47f218be7dc2b125ebbc210156eacd0645a11,night,,,public_holdout,T2_public_cc0_pd,commons:Carmelovunque,2024:01:01,Samsung,SM-M325FV,https://commons.wikimedia.org/wiki/File:Monterosso_Almo_(RG)_-_chiesa_di_Sant%27Antonio_Abate_-_facciata_-_vista_notturna.jpg,eval,CC0; original sha256 cf7056303e27f41c1f55bee53b9c38db1cccab73806e7dbda17c2352332d62e5; PD12M id 519cff602ef006cdd1afe64231b51395
ph1_night_7533d46547,experiments/auto/data/ph1/proxy/ph1_night_7533d46547.png,42bbb4e09c7362efd79fa714c1e323ed694a51bd3764794fee46adbb6243e294,night,,,public_holdout,T2_public_cc0_pd,commons:Random photos 1989,2020:07:25,Huawei,VOG-L29,"https://commons.wikimedia.org/wiki/File:Gy%C5%91r,_Kisb%C3%A1csa,_templom,_1.jpg",eval,CC0; original sha256 a9a62664bd195d427e74c04f444cb15de725822573d37c7e7418c82fead53545; PD12M id 6278501b46f2efa7f3709990b13ef434
ph1_night_644d5b799d,experiments/auto/data/ph1/proxy/ph1_night_644d5b799d.png,59da120d196918b08a56cb7dc1337e3f48710adba6ad7fd539c95d99ee08b4df,night,,,public_holdout,T2_public_cc0_pd,commons:Falilou224,2023:08:19,Samsung,SM-A217N,https://commons.wikimedia.org/wiki/File:La_belle_vue_de_la_ville_de_Singapour_33.jpg,eval,CC0; original sha256 27b83a5f91c1124df6e7dfcd6e374a0decabfa826cbdfe881637b0df23060501; PD12M id b723a2df8b38a50dacf2b77c208d6e92
ph1_night_b9c77a21bf,experiments/auto/data/ph1/proxy/ph1_night_b9c77a21bf.png,34fa9b8646358199520ddc931577505dda8264c8c32e215837ff3c5c1db77ea8,night,,,public_holdout,T2_public_cc0_pd,commons:BelovedFTM,2023:12:18,Xiaomi,Redmi Note 9 Pro,https://commons.wikimedia.org/wiki/File:Sunset_view_at_Shivnala_(Gondi)_village.jpg,eval,CC0; original sha256 5327443b40a4e7cffa72331655201486f296e87e2542faa79aac2b9d36e00005; PD12M id c8954609f02a4f76ddfa575d71823e59
ph1_portrait_cac5efa8fb,experiments/auto/data/ph1/proxy/ph1_portrait_cac5efa8fb.png,3880e22dbbf4723a31b8c007da54ee3892dd7b593042a81bd64ecac918e688f7,portrait,,,public_holdout,T2_public_cc0_pd,commons:Adoscam,2023:09:23,NIKON CORPORATION,NIKON D5300,https://commons.wikimedia.org/wiki/File:WikiConvFr23_%C3%A0_Abidjan_en_Cote_d%27Ivoire_-Journ%C3%A9es_de_conf%C3%A9rences_36.jpg,eval,CC0; original sha256 ecd3cb74b481f16b10f28f29529de48252dd9476b7f680451e7c64784a042653; PD12M id 00c096539d9c34949dfedde0bfb3c2b3
ph1_portrait_089c55803b,experiments/auto/data/ph1/proxy/ph1_portrait_089c55803b.png,9a5a8725dad17235fda98c98e934eeb9c3bea7b107cb1593853a98dd48cc61af,portrait,,,public_holdout,T2_public_cc0_pd,commons:Falilou224,2023:08:15,Samsung,SM-A217N,https://commons.wikimedia.org/wiki/File:Photo_des_wikimedien.es_au_jardin_botanique_de_Singapour_03.jpg,eval,CC0; original sha256 e4371f76a8dd5a7e97929054ced917922092f3a316d881f9c96a4a2a067a04a6; PD12M id 01e33d8d47adf317771bc554e62999d8
ph1_portrait_7accc379c6,experiments/auto/data/ph1/proxy/ph1_portrait_7accc379c6.png,35f3798cb0a6a55055271aef559d19810485573049c23b4de25f7aec46731e8c,portrait,,,public_holdout,T2_public_cc0_pd,commons:Adoscam,2023:09:23,NIKON CORPORATION,NIKON D5300,https://commons.wikimedia.org/wiki/File:WikiConvFr23_%C3%A0_Abidjan_en_Cote_d%27Ivoire_-Journ%C3%A9es_de_conf%C3%A9rences_39.jpg,eval,CC0; original sha256 6a9318fc7c682bc42930d04e3b9c121fb44c87e6fbbedb950c0b50c989da1b06; PD12M id 0324695c567a8880e95353764666ffe3
ph1_portrait_7d7e08c94b,experiments/auto/data/ph1/proxy/ph1_portrait_7d7e08c94b.png,32331e2cce4100ccf7c044c253ffde6737f578eced5ff43b31c43e64775d3d07,portrait,,,public_holdout,T2_public_cc0_pd,commons:Adoscam,2023:09:23,NIKON CORPORATION,NIKON D5300,https://commons.wikimedia.org/wiki/File:WikiConvFr23_%C3%A0_Abidjan_en_Cote_d%27Ivoire_-Journ%C3%A9es_de_conf%C3%A9rences_40.jpg,eval,CC0; original sha256 ab6f1450c1226a90f2847307e22ae45f086fc11df02188e3279257a5b8526fee; PD12M id 0360e76c9040285e1d57cc762c26d348
ph1_portrait_02cc6f1653,experiments/auto/data/ph1/proxy/ph1_portrait_02cc6f1653.png,1697abcede265ef34f3c1e8c34b90ac5d56e03441e06202d9f950c784bae80bd,portrait,,,public_holdout,T2_public_cc0_pd,commons:Exchanges Photos,2017:06:22,Canon,Canon EOS 7D,https://commons.wikimedia.org/wiki/File:U.S._TEFL_Exchange_Alumni_Photoshoot_(35529878682).jpg,eval,CC0; original sha256 aa8074a882f943e678f5c55a471a118af00ccef0a40aec1fd147b405889f753a; PD12M id 0607ef04a5281044e1f8407cb52c4266
ph1_portrait_0c759ceea1,experiments/auto/data/ph1/proxy/ph1_portrait_0c759ceea1.png,3e3bb537b76636a1a98996b5887c37bbcb94d737cccec67eaa63f70abcea25aa,portrait,,,public_holdout,T2_public_cc0_pd,commons:Luke Harold,2018:11:30,OLYMPUS CORPORATION,E-M10 Mark III,https://commons.wikimedia.org/wiki/File:Lin-Manuel_Miranda_Walk_of_Fame_star_ceremony_(46074097282).jpg,eval,CC0; original sha256 968ce29d50295bb10551bccf68311e066375a31ac0a2e0d830057035c090e557; PD12M id 08711cdbe171708ee56c1207bba2a4b1
ph1_portrait_56140c8e19,experiments/auto/data/ph1/proxy/ph1_portrait_56140c8e19.png,9dda34c2165476c4e675740f008d2364b5ece4f0aee19b0818992e7614a243f6,portrait,,,public_holdout,T2_public_cc0_pd,commons:Asadbek Bekchonov,2024:03:05,Apple,iPhone 12 Pro Max,https://commons.wikimedia.org/wiki/File:Wikioromgoh_4-mavsum_1-guruh_talabalari.jpg,eval,CC0; original sha256 54124375e4f4cbefe126a169b777d6340831766596aec830d905779e3947ce5c; PD12M id 08bacd7e129a73fed86402af6f68a9c4
ph1_portrait_f464ced109,experiments/auto/data/ph1/proxy/ph1_portrait_f464ced109.png,1be65d5804e393ecd71ef79496673004477b187e2b2938574907cba30e0380fb,portrait,,,public_holdout,T2_public_cc0_pd,commons:Mostafameraji,2016:06:13,Canon,Canon EOS 6D,https://commons.wikimedia.org/wiki/File:%D9%86%D9%85%D8%A7%DB%8C%D8%B4_%D9%85%D9%86%D8%B8%D9%88%D9%85%D9%87_%D8%A8%D9%87_%DA%A9%D8%A7%D8%B1%DA%AF%D8%B1%D8%AF%D8%A7%D9%86%DB%8C_%D8%B9%D9%84%DB%8C_%D9%81%D8%B1%D8%AD%D9%86%D8%A7%DA%A9_%D8%AF%D8%B1_%D9%82%D9%85_-_%D8%AA%D8%A6%D8%A7%D8%AA%D8%B1_%D8%A2%D8%A6%DB%8C%D9%86%DB%8C-%D8%AA%D8%A6%D8%A7%D8%AA%D8%B1_%D9%85%D8%B0%D9%87%D8%A8%DB%8C_27.jpg,eval,CC0; original sha256 9ede75f954c26ac895b461501b567a462c9a52bec5a5fe152db8a830058e977a; PD12M id 139ce1d959761e3538b5015cccd74fc8
ph1_portrait_3ed94dd6dc,experiments/auto/data/ph1/proxy/ph1_portrait_3ed94dd6dc.png,75566ee5b847fa028f73b465f5e6941f78c8036fa067ce6a0c8b119bc9a23613,portrait,,,public_holdout,T2_public_cc0_pd,commons:ArnoBOUJIKA,2024:02:10,Apple,iPhone 11 Pro Max,https://commons.wikimedia.org/wiki/File:Club_Wikip%C3%A9dia_Douala_-_Atelier_de_Contribution_du_10_f%C3%A9vrier_2024._09.jpg,eval,CC0; original sha256 aea645f35ee7e6c96cc1298c2ea63e9b1c3306276d15628c8d302c66a2bc47cd; PD12M id 13ac1c7b41fc8f91fed8712fcaabab6e
ph1_portrait_9e4f3c5c16,experiments/auto/data/ph1/proxy/ph1_portrait_9e4f3c5c16.png,c5316922e33ca8b10a6206a553ceaca7e330587081774e252498b3a6975f132d,portrait,,,public_holdout,T2_public_cc0_pd,commons:Rutgers CSO,2016:03:06,Canon,Canon EOS REBEL T3i,https://commons.wikimedia.org/wiki/File:CHINANITE_XXI_IMG_1439_(26193038372).jpg,eval,CC0; original sha256 7c8b369adfaad381e28393f19968a69834b8327d493039c90e3f2afa49815b9c; PD12M id 17498c6482583304315c93617e573af9
ph1_portrait_2c97523fbe,experiments/auto/data/ph1/proxy/ph1_portrait_2c97523fbe.png,4038cdc7d2bc4fbcbc402b3c59f0ec366aa02992a2992f2bd193bf315a1ded84,portrait,,,public_holdout,T2_public_cc0_pd,commons:Mirzoulugʻbek,2023:06:20,Xiaomi,2201117TG,https://commons.wikimedia.org/wiki/File:Chor_Chinor_WikiTour_2023_(2).jpg,eval,CC0; original sha256 4066dd99499809bcb36ec05b7f290a4d2eaea26d60d0e63a26ba88ac291e120c; PD12M id 1779160114749785c5687f0eb21f6c7d
ph1_portrait_7e402b6601,experiments/auto/data/ph1/proxy/ph1_portrait_7e402b6601.png,2467dd9c453bf483bd656bcf5b8e928ae9c7d11f6693a7e473556a6de4976b3c,portrait,,,public_holdout,T2_public_cc0_pd,commons:Wikimadari,2012:05:27,SONY,DSC-W510,https://commons.wikimedia.org/wiki/File:Jose_Mari_Madariaga.Omenaldi_egunean_dantzariekin.jpg,eval,CC0; original sha256 93ff7ab07a63d4ae3be40830a5014883ef26a2a51da207e8866381a3ca33cc28; PD12M id 17b04d304c5518f2fde72d2427efa365
ph1_portrait_d156511f3a,experiments/auto/data/ph1/proxy/ph1_portrait_d156511f3a.png,c83459722245ed2a502e846bcbbd9b808e0d6393cfe237a65775eadaa5263c6f,portrait,,,public_holdout,T2_public_cc0_pd,commons:Yusuf Sa'adu,2022:12:18,Infinix,Infinix X625B,https://commons.wikimedia.org/wiki/File:Jpg6.Wiktionary_Workshop_And_Training_In_Karadua_day2.jpg,eval,CC0; original sha256 94cbe04295a233dacf98bafd20c79c5807f73205489e59c66041d430c37d691f; PD12M id 17fd47aca6848d3a32d28487ca041299
ph1_portrait_bdbdb2f649,experiments/auto/data/ph1/proxy/ph1_portrait_bdbdb2f649.png,af0b6c4d90fe601b58b11cd4105d030cc0fcffa0a12ea02e5f8e72f8ebfa29c3,portrait,,,public_holdout,T2_public_cc0_pd,commons:Supporterhéninois,2016:07:02,Samsung,SM-G920F,https://commons.wikimedia.org/wiki/File:Valenciennes_-_UNFP_FC_(02-07-2016)_40.jpg,eval,CC0; original sha256 1dbc91f38a17ca7e2d5e0ded898006dc30be3f5ae7a5c5539d5dd42e003997b6; PD12M id 1fff0a33834bb6ee24fe682dc0e77b17
ph1_portrait_546667fe3b,experiments/auto/data/ph1/proxy/ph1_portrait_546667fe3b.png,03dc8ace7673dff50ae98f6d2aa10b7f5fe1209249fecd21aad6a1fbc20ce287,portrait,,,public_holdout,T2_public_cc0_pd,commons:Gowdu59,2024:03:09,Apple,iPhone XR,https://commons.wikimedia.org/wiki/File:Christophe_SAVOCA_entra%C3%AEneur_Grappling.jpg,eval,CC0; original sha256 9e2cb6c15d2dc691dc412a30d438091cfcb8fe2c5776d45445e5dde531482a99; PD12M id 268eb4d4f7d4631970cd5ba19c0eecdd
ph1_portrait_99bb482329,experiments/auto/data/ph1/proxy/ph1_portrait_99bb482329.png,92ac3b190fc5011009556c085b3dc347e3753793dc169eff499b883047f245d3,portrait,,,public_holdout,T2_public_cc0_pd,commons:Zmechowiec 75,2023:11:08,Samsung,SM-G935F,https://commons.wikimedia.org/wiki/File:PGE_Sp%C3%B3jnia_Stargard_-_Adam_%C5%81apeta.jpg,eval,CC0; original sha256 bf5664004d0aa0932e212efad30530523f49fa4bb333b4aadd6a8820f06c5541; PD12M id 27db07c97263503b1e0b2aa46dee4d50
ph1_portrait_0a74f2c4b4,experiments/auto/data/ph1/proxy/ph1_portrait_0a74f2c4b4.png,0321df6bfdbb1a3f6bd0398143202bd5ccf16dcdbdf09f9ae71b0f491d4e7fb4,portrait,,,public_holdout,T2_public_cc0_pd,commons:Khristell,2016:10:04,OLYMPUS IMAGING CORP.,E-300,"https://commons.wikimedia.org/wiki/File:P._Mauro_J%C3%B6hri,_Ministro_Generale_OFM_Capp._con_Samantha_Palazzi.jpg",eval,CC0; original sha256 f829c41b06ff00fc7b109ecc6f457189a8d37d4aa185daa57951a18d59f1e491; PD12M id 309cab24e5ab2f8a5251809fe117d80e
ph1_portrait_273087a6e6,experiments/auto/data/ph1/proxy/ph1_portrait_273087a6e6.png,5837ab9b8372d6cdaa9627432ebbf2d2867306b49c1384f253b247d552c2b144,portrait,,,public_holdout,T2_public_cc0_pd,commons:Rutgers CSO,2016:03:06,Canon,Canon EOS REBEL T3i,https://commons.wikimedia.org/wiki/File:CHINANITE_XXI_IMG_1467_(25680599554).jpg,eval,CC0; original sha256 f3e6cef9add412d457df808e5d862bd073ffe5d3d78bfa34d3724a0b7cb4ea3e; PD12M id 36dccdf6344d5f3b175b657894b6fb32
ph1_portrait_f027170956,experiments/auto/data/ph1/proxy/ph1_portrait_f027170956.png,2080bce1f10997c4e1c3441fb1ba06220b1abcc933a09df39ed7c52738aac96e,portrait,,,public_holdout,T2_public_cc0_pd,commons:Astro Debarati Chakraborty,2024:01:10,Samsung,SM-A315F,https://commons.wikimedia.org/wiki/File:Astro_Debarati_(10).jpg,eval,CC0; original sha256 122e449e6b7f25d88911d386eb34ba944dc98378e0745269c3acc11e63e3a328; PD12M id 3735c5b581a0859be388948c4f706d1a
ph1_portrait_665961cabb,experiments/auto/data/ph1/proxy/ph1_portrait_665961cabb.png,13a074b24d61b447cbdc0fa4bd9cd5f1e84803574c4d35deec06a99451fe980c,portrait,,,public_holdout,T2_public_cc0_pd,commons:M keita1321,2024:02:10,Apple,iPhone 11,https://commons.wikimedia.org/wiki/File:Festivale_baga_en_Guin%C3%A9e_15.jpg,eval,CC0; original sha256 04df755a237fc569ca30a90ca7f1969abc533aaeafa3f03e440cf8b4024ba4be; PD12M id 39ca763b7882d61f2f8c6ba94aa4a788
ph1_portrait_16925b4b46,experiments/auto/data/ph1/proxy/ph1_portrait_16925b4b46.png,7ce9848c2171859c99197fae8b4c0a0bcd474087d06171452954972bd99be1f0,portrait,,,public_holdout,T2_public_cc0_pd,commons:Umarxon III,2022:11:28,Xiaomi,2201116PG,https://commons.wikimedia.org/wiki/File:WikiOromgoh_II_8th_Group_2022_03.jpg,eval,CC0; original sha256 1a2120722803f5ee8fd3b0e74ccbc5d4beb3e83e1b4cc2379f04c9b321e28f2d; PD12M id 3a049217d77221180a0a431dcac62289
ph1_portrait_3b0657142e,experiments/auto/data/ph1/proxy/ph1_portrait_3b0657142e.png,41f30dfef2d6b9e3b8970f485419d93a732053c069b5712bffae27530be266d2,portrait,,,public_holdout,T2_public_cc0_pd,commons:Velkovski.b,2024:01:15,Samsung,Galaxy A54 5G,https://commons.wikimedia.org/wiki/File:Wikimedia_MKD_celebrates_23th_birthday_in_Skopje_10.jpg,eval,CC0; original sha256 9aea98445030b1d2777e214bdddccef228aaf7b398da8e0cfe3cab9dd81af36b; PD12M id 42dbc8d23089273ff808bff80f9b0941
ph1_portrait_be3d3539e5,experiments/auto/data/ph1/proxy/ph1_portrait_be3d3539e5.png,a8c25e390d0514b5827947de097bad7688e67be5db26b626cdc4b18614a4a201,portrait,,,public_holdout,T2_public_cc0_pd,commons:Akouete,2023:09:23,Infinix,Infinix X6716B,https://commons.wikimedia.org/wiki/File:WikiConFr2023_Session_de_cl%C3%B4ture_C%C3%B4te_d%27Ivoire_Abidjan_17.jpg,eval,CC0; original sha256 75385ce9c5434d9d425f56b87d4ec3e6c275ce301d79be9aab47872dceb6311f; PD12M id 47297f143299b8bd1e34843b3240cc7a
ph1_portrait_24ec66bc73,experiments/auto/data/ph1/proxy/ph1_portrait_24ec66bc73.png,8aef9a60a66fada90c55f43fc9b093533329957fd8032e8654ed2fcd32a65ec1,portrait,,,public_holdout,T2_public_cc0_pd,commons:N. Vivekananthamoorthy,2023:09:28,Motorola,motorola edge 40,https://commons.wikimedia.org/wiki/File:Cycle-Pedalling-Central%CC%9E-Station-Chennai-India.jpg,eval,CC0; original sha256 187de4e7178fba950acd6639a23a249fef8cb91b046737c4e3d7f1a9b5cf753d; PD12M id 490dc655f89d6d7efa4ca21919caaf67
ph1_portrait_7d86c828d0,experiments/auto/data/ph1/proxy/ph1_portrait_7d86c828d0.png,9bec2373ea55fb31f5515ef24c5385f25f39d2e67807857689995f820f3e48c8,portrait,,,public_holdout,T2_public_cc0_pd,commons:Gobierno CDMX,2016:09:12,Canon,Canon EOS 6D,https://commons.wikimedia.org/wiki/File:Constituyentes_de_la_Ciudad_de_M%C3%A9xico_(29371163950).jpg,eval,CC0; original sha256 f0ed98c46fd600f62242766b641a93d86cd64e7d8f7248c6ff9b957647d55caf; PD12M id 4a9249fc56f726809bbe36c30bd0377a
ph1_portrait_170126afee,experiments/auto/data/ph1/proxy/ph1_portrait_170126afee.png,c6e65b486427bf8cc4216cd43fe71884ed68c6706e58d3075c923912ad1cdffe,portrait,,,public_holdout,T2_public_cc0_pd,commons:Andrew Scheer,2018:06:29,Canon,Canon EOS 5D Mark IV,https://commons.wikimedia.org/wiki/File:Andrew_Scheer_with_Tiger_Jeet_Singh_and_Tiger_Ali_Singh_in_Brampton_(29303924108).jpg,eval,CC0; original sha256 f2003e6991fe915bbdda312c90c305b6943c7d713a218bfb6f3d957bbb1b7345; PD12M id 5046a8cd8898e24ab0f97418db177d97
ph1_portrait_c30ad84d7e,experiments/auto/data/ph1/proxy/ph1_portrait_c30ad84d7e.png,5dee3aacb2cb2c44b5d05806cafa237d2d725950c91543173896f3f225be97a9,portrait,,,public_holdout,T2_public_cc0_pd,commons:Supporterhéninois,2016:07:02,Samsung,SM-G920F,https://commons.wikimedia.org/wiki/File:Valenciennes_-_UNFP_FC_(02-07-2016)_106.jpg,eval,CC0; original sha256 508a15c13f9cf91d6be70eb506d458a9a682d33c14261b6494e436125f9d82e6; PD12M id 5047633cd4eb22efb4b54b40874d3167
ph1_portrait_1a2af49cd4,experiments/auto/data/ph1/proxy/ph1_portrait_1a2af49cd4.png,628ca727f3040d4f231d07a99eff9ffa60a18a338f0834c0ab6762472e5c82c6,portrait,,,public_holdout,T2_public_cc0_pd,commons:Aristidek5maya,2023:11:05,OPPO,OPPO Find X2 Pro,https://commons.wikimedia.org/wiki/File:Aristidek5maya_at_Wiki_Indaba_2023_99.jpg,eval,CC0; original sha256 5773e2af4d1b058bd2d84d6f55c73c8a73023a16018595417aa6f4ceb8c046e2; PD12M id 5b24a7232f94971a830b986c324a9658
ph1_portrait_32a705812a,experiments/auto/data/ph1/proxy/ph1_portrait_32a705812a.png,5caa4f54aa6a107055b56fe3ade568645df01e40634c2c4fd4879f9cd31a8cab,portrait,,,public_holdout,T2_public_cc0_pd,commons:Laura Harring,2016:10:27,Canon,Canon EOS 5D Mark II,https://commons.wikimedia.org/wiki/File:Laura_Harring_2016_(cropped).jpg,eval,CC0; original sha256 f42bf22947d2a27d5ee4206bd173d6a624c04145181e53890f91f56b54f01704; PD12M id 5d6be613832bb9fe9c697c48e105e8cc
ph1_portrait_c3c2b2a782,experiments/auto/data/ph1/proxy/ph1_portrait_c3c2b2a782.png,54bac3e78e1cc66b42f8808c547ed3a724f8aab4efe8b6cb277835ff6679bf76,portrait,,,public_holdout,T2_public_cc0_pd,commons:Aedoming,2020:04:19,Apple,iPhone 6s,https://commons.wikimedia.org/wiki/File:Amy_Domingues.jpg,eval,CC0; original sha256 919228373c73053f80b9c616e471b27ef0ea6d962274a23cbc3ebfed65b0fa39; PD12M id 6220a41d716ea9a48e2715f1bba75056
ph1_portrait_141c93c6e1,experiments/auto/data/ph1/proxy/ph1_portrait_141c93c6e1.png,db673090c3c3afa7162b1d7a4b08a0c44fc8689b949304f239ed19b059916386,portrait,,,public_holdout,T2_public_cc0_pd,commons:Gobierno CDMX,2017:05:09,Canon,Canon EOS 6D,https://commons.wikimedia.org/wiki/File:Inaguraci%C3%B3n_Centro_de_Salud_T_%E2%80%93_III_Arenal_-i---i-_(33751675583).jpg,eval,CC0; original sha256 9c0eaadd02a62243ffabcb9c24d1b4c36888c3330702d44c81a18bcf49daaeb3; PD12M id 7181e198cdb63e80bf1a1e671d431b7b
ph1_portrait_eb92745262,experiments/auto/data/ph1/proxy/ph1_portrait_eb92745262.png,453a43918fb52dda7ee8e0fa54ca8a3452070c6ba9f6cd5a2076a1fa62c14e4e,portrait,,,public_holdout,T2_public_cc0_pd,commons:BrillLyle,2015:11:04,Apple,iPhone 6,https://commons.wikimedia.org/wiki/File:ABOedit2015-03.jpg,eval,CC0; original sha256 1091cb0e74d1a9ea034f98e9960a14a21c05e96f5747bf29d3d8967b1b0c9861; PD12M id 76232ece844006178763448024ddc76f
ph1_portrait_80523823d5,experiments/auto/data/ph1/proxy/ph1_portrait_80523823d5.png,fdd9dc61e1f64ada8584fa99746eecfa92171f2beb08c234083b33043bb059a8,portrait,,,public_holdout,T2_public_cc0_pd,commons:Tunesh247,2024:01:17,vivo,V2201,https://commons.wikimedia.org/wiki/File:Training_for_yoruba_language_teachers_and_the_training_coordinators_2.jpg,eval,CC0; original sha256 5cd3a9c4538ecd6b1841e095991064836a51b8877bed247b71d730ab13ada077; PD12M id 838ef69c8905d4dcae627ee22bdb78b8
ph1_portrait_54017b3e3f,experiments/auto/data/ph1/proxy/ph1_portrait_54017b3e3f.png,845e74df00d62b089e7df653cf15c161d1b729f026e9cf601e3192f299919ed4,portrait,,,public_holdout,T2_public_cc0_pd,commons:Bjmarc,2010:02:14,Panasonic,DMC-FS3,https://commons.wikimedia.org/wiki/File:Groupe_de_carnavaleux_-_Photo_prise_au_Carnaval_de_Paris_2010..JPG,eval,CC0; original sha256 47105e073e0e77f84d13475f9bf29e1060b5deeac2074f53e37750a508b6dd9c; PD12M id 87f358ed192b644f4955d9102826cb1e
ph1_portrait_52c06c8974,experiments/auto/data/ph1/proxy/ph1_portrait_52c06c8974.png,4720147da76c0a7c8396e9842f6fac0c670b7ca1c7233cc8e6c0b48a179784e5,portrait,,,public_holdout,T2_public_cc0_pd,"commons:File:Meeting Civic Chamber with Russian Wikimedia 30.jpg: DonSimon
derivative wo",2018:01:30,Canon,Canon EOS REBEL T1i,"https://commons.wikimedia.org/wiki/File:Leonid_Shafirov,_2018-01-30.jpg",eval,CC0; original sha256 afc6d0c885911eb4d1d317856ef7f07eccbb69b5d676188f8afb4bc4e8e87575; PD12M id 912899c60f3dfa79c570d14735731e8f
ph1_portrait_39b3679864,experiments/auto/data/ph1/proxy/ph1_portrait_39b3679864.png,047e7dc95feb25ea74dcffa3f366d76800626e6dfb69945ed9ee8c2447037527,portrait,,,public_holdout,T2_public_cc0_pd,commons:RUhNUudpi2,2023:01:14,ASUS,ASUS_AI2201_F,https://commons.wikimedia.org/wiki/File:%E9%AB%98%E9%9B%84%E9%A4%90%E6%97%85%E5%A4%A7%E5%AD%B8%E5%A4%8F%E5%AD%A3%E5%88%B6%E6%9C%8D.jpg,eval,CC0; original sha256 38f3ddda6c9b35ebc5c22f939831b8cac11f92c33a7b5a6784fc4903e5172a9f; PD12M id 94ecb83cee02418c55a612ebae99e5d9
ph1_portrait_a7a249a753,experiments/auto/data/ph1/proxy/ph1_portrait_a7a249a753.png,5fba77987071279ae84d4027c896c77f6fab755b9bfda50519974d131912ec38,portrait,,,public_holdout,T2_public_cc0_pd,commons:ArnoBOUJIKA,2023:07:15,Apple,iPhone 11 Pro Max,https://commons.wikimedia.org/wiki/File:Club_Wikip%C3%A9dia_Douala_-_Atelier_de_contribution_-_Ao%C3%BBt_2023._25.jpg,eval,CC0; original sha256 af34e2ecadcffc87adbe9d38ef0075f68c2f91596dafc58c914f261e1a805525; PD12M id 952306a74998f82beeb27981e96bf2a8
ph1_portrait_9b3683f793,experiments/auto/data/ph1/proxy/ph1_portrait_9b3683f793.png,351b2ade0e805ba0d4bfc3c1dc145508b762cc8edcfd8fb7dd8b55f97c04ad70,portrait,,,public_holdout,T2_public_cc0_pd,commons:Rutgers CSO,2016:03:06,Canon,Canon EOS REBEL T3i,https://commons.wikimedia.org/wiki/File:CHINANITE_XXI_IMG_1240_(26193020162).jpg,eval,CC0; original sha256 e4f8f005bbfb9313b2551e6013d3f7a6fbb81c3ef2efd6b3892e3e89497ca034; PD12M id 97bf95b5886a213a5c6edf4c71260ead
ph1_portrait_d2984b25eb,experiments/auto/data/ph1/proxy/ph1_portrait_d2984b25eb.png,83e5957fb2cf3ea291153f2dc5fb987778b9528fd72ce97e2cb93718b57d0a23,portrait,,,public_holdout,T2_public_cc0_pd,commons:최광모 (Choe Kwangmo),2013:05:17,Apple,iPhone 4S,https://commons.wikimedia.org/wiki/File:2013-05-17_20.55.09_%EC%B5%9C%EA%B4%91%EB%AA%A8.jpg,eval,CC0; original sha256 9e6bcbe1329798057d79222aab78e2a7fd9b6e4ce2bc083756d8da4708806602; PD12M id 9d1367028451f769c5f99adca07ccc5c
ph1_portrait_dc96d02184,experiments/auto/data/ph1/proxy/ph1_portrait_dc96d02184.png,a876460e5c355ff4dbda0f9382e22e37def853ee1b5a213e36143aee1edcc17f,portrait,,,public_holdout,T2_public_cc0_pd,commons:Rudolph.A.furtado,2018:08:18,NIKON,COOLPIX L29,https://commons.wikimedia.org/wiki/File:Rudolph_on_walls_of_Dubrovnik.JPG,eval,CC0; original sha256 f4230b3b8240991dc6fa46480e495f7211e24cfcfd30a60b907229845d3f91a1; PD12M id 9dd74d5a952f8e0875f0c7dfca068efe
ph1_portrait_43d44242f5,experiments/auto/data/ph1/proxy/ph1_portrait_43d44242f5.png,b3b4ad2ae9c980276455aa9a4cefcbd4cd8d420d7d1b9d072ddd456ab4e810eb,portrait,,,public_holdout,T2_public_cc0_pd,commons:Aristidek5maya,2023:11:05,OPPO,OPPO Find X2 Pro,https://commons.wikimedia.org/wiki/File:Aristidek5maya_at_Wiki_Indaba_2023_113.jpg,eval,CC0; original sha256 22c45e6d0b1af704501f8386ecbf47cdf32271f2b8d3b4488edbb5d0a82b8faf; PD12M id a781deaca4392e6101d39eced336a193
ph1_portrait_7ea28e8734,experiments/auto/data/ph1/proxy/ph1_portrait_7ea28e8734.png,f3ba19aeb85296661d94fa50b2729c6c683ac3c22b8d6c55e1c00daf2f6e32c8,portrait,,,public_holdout,T2_public_cc0_pd,commons:Rutgers CSO,2016:03:06,Canon,Canon EOS REBEL T3i,https://commons.wikimedia.org/wiki/File:CHINANITE_XXI_IMG_1628_(26259587156).jpg,eval,CC0; original sha256 e686b1c5753fb64fca2ac1b2c17523aa4745fd762842a3156b741f203cb318d0; PD12M id a84b647b14c1fa131ef26cf252e13e39
ph1_portrait_939459a952,experiments/auto/data/ph1/proxy/ph1_portrait_939459a952.png,0822a69f8564130088f8348f5349ceb347ff446ea1e251ac4b997fca0382e1d9,portrait,,,public_holdout,T2_public_cc0_pd,commons:TBB-Bilder,2014:06:23,PENTAX Corporation,PENTAX K100D,https://commons.wikimedia.org/wiki/File:FT_KSTBB_2014_Berlinfahrt_Redaktion_Bundespresseamt_1.jpg,eval,CC0; original sha256 145d10409fae0f637d138ddc133a9122af05dcfd9c2300290c1dc47024a5a4c2; PD12M id b8dd5602ce4b2f3778c43775cf939185
ph1_portrait_4c868b4e72,experiments/auto/data/ph1/proxy/ph1_portrait_4c868b4e72.png,a131b7d2e655e9ef545109c484d79df153ee3f71bd79b6440b4b2da30182b5db,portrait,,,public_holdout,T2_public_cc0_pd,commons:Thomson200,2019:02:01,Canon,Canon EOS REBEL T3i,"https://commons.wikimedia.org/wiki/File:Alshon_Jeffrey,_Jan_2019.jpg",eval,CC0; original sha256 db48e677a54d6e70fe45956db9287e1c8e4a43d5abeebe920ed732b51ff30bd1; PD12M id bbab4499dd6fde165b90f0ea5d96bc2d
ph1_portrait_815ee3c926,experiments/auto/data/ph1/proxy/ph1_portrait_815ee3c926.png,9120eddff0f020b539fe414162a331001781ef033e42acee8299fc3d165187b0,portrait,,,public_holdout,T2_public_cc0_pd,commons:玄史生,2019:02:17,Apple,iPhone 7 Plus,https://commons.wikimedia.org/wiki/File:Cosplayers_of_Kuroko_Shirai_and_Mikoto_Misaka_20190217b.jpg,eval,CC0; original sha256 85f678bc1ef64714d5943f6288f05f3e4fdaf936ec969a7887d231d90dc24eb5; PD12M id ce282592c7c1bc51751ad04d805fbecb
ph1_portrait_a98f7ee9cd,experiments/auto/data/ph1/proxy/ph1_portrait_a98f7ee9cd.png,79be8c00b4e772c71b14019650d92eb4e0730b3d8eb2da1a2565fcc100a9c078,portrait,,,public_holdout,T2_public_cc0_pd,commons:Umarxon III,2023:04:14,Xiaomi,M2003J15SC,"https://commons.wikimedia.org/wiki/File:WikiOromgoh-3,_6th_group_39.jpg",eval,CC0; original sha256 314b1a40fe83f9f25b3a972f5e3a765c44be04560cc428996f942f677c724879; PD12M id d5c3687887eca5992e9d1e952cbcdf1f
ph1_portrait_3cafaed077,experiments/auto/data/ph1/proxy/ph1_portrait_3cafaed077.png,702da38ad8b9488b6a6ef88c76d6c40d67925cf39da9911b2051a42f5119b49c,portrait,,,public_holdout,T2_public_cc0_pd,commons:ArnoBOUJIKA,2023:10:07,Apple,iPhone 11 Pro Max,https://commons.wikimedia.org/wiki/File:Club_Wikip%C3%A9dia_Douala_Atelier_du_07.10.2023_07.jpg,eval,CC0; original sha256 b7fc6ef748ec36c5c4afeadca3f6fabd07152fbe5ed522505d0a46aeb64ab5b7; PD12M id d8e7c4bea3218c92cc508846368ebf6e
ph1_portrait_3ee4048cde,experiments/auto/data/ph1/proxy/ph1_portrait_3ee4048cde.png,cfe88b9525213818d068ebbd2d26ccff061ff9a6f0b10a0098635245d49d7131,portrait,,,public_holdout,T2_public_cc0_pd,commons:Gula Ram Undkha Barmer,2024:03:10,TECNO,TECNO LH8n,https://commons.wikimedia.org/wiki/File:With_foreigner.jpg,eval,CC0; original sha256 b5f450d5cb5f37bb375d2add3c348c8d912594fbb1409900fa08e60d82327f25; PD12M id dc72f30729a072320e35c954d5f60e5c
ph1_portrait_d037d4eb01,experiments/auto/data/ph1/proxy/ph1_portrait_d037d4eb01.png,48438ea0694ee86de9e9e16a59c7f9cc9ebb00664567b978fe0111075e4f5b72,portrait,,,public_holdout,T2_public_cc0_pd,commons:Rutgers CSO,2016:03:27,NIKON CORPORATION,NIKON D5100,https://commons.wikimedia.org/wiki/File:DSC_0140_(26285511025).jpg,eval,CC0; original sha256 e01d88be5c3b3428c06dde6ed3cbe201ab7ebb8646d2922c7511061b791acceb; PD12M id e5dc061f181d06e183b6af7f95a64fba
ph1_portrait_69c315b99c,experiments/auto/data/ph1/proxy/ph1_portrait_69c315b99c.png,242a7934ce86e9c1e427e044dc886ea5cb900b61a76ebe100919612a0b23603c,portrait,,,public_holdout,T2_public_cc0_pd,commons:Shams948,2022:10:06,Samsung,SM-J500H,https://commons.wikimedia.org/wiki/File:Saman_Village_04.jpg,eval,CC0; original sha256 8a21c31e5d959bab4d1ef7148ad4581ba85ba238018334c56107fff132f15cf3; PD12M id ec321c2ff9d0b9870b22b73a303ea07e
ph1_portrait_f2893e5e4d,experiments/auto/data/ph1/proxy/ph1_portrait_f2893e5e4d.png,9fdae521ff6762f76a412b42fad4dca509b2abf3f686c74106e5e0d6f3745c7d,portrait,,,public_holdout,T2_public_cc0_pd,commons:Ning Gusti,2024:01:06,SONY,ZV-1,https://commons.wikimedia.org/wiki/File:Berpose_ria_di_depan_Museum_Simalungun.jpg,eval,CC0; original sha256 ef84fc2bfd70c83e19dffe5af5ad65f109582d06333d42548e5600ace102a613; PD12M id f031230541432af6b5b8d603ab7993ef
ph1_portrait_5ac2275608,experiments/auto/data/ph1/proxy/ph1_portrait_5ac2275608.png,bec169d9e725f4ed35d9a0bfd795f4c28ced17ec480ddff129ce75fd7a5606f6,portrait,,,public_holdout,T2_public_cc0_pd,commons:DonSimon,2017:04:23,Canon,Canon EOS REBEL T1i,https://commons.wikimedia.org/wiki/File:Wiki-award_2017_(2017-04-25)_95.jpg,eval,CC0; original sha256 b99b2f1bc91d301a4c432163537c6c8ad1199c518bbc5d0d3782b2d9fe8bf298; PD12M id f06da1b1d55298e1ea5d5e9ca1814b13
ph1_portrait_badd0d26d7,experiments/auto/data/ph1/proxy/ph1_portrait_badd0d26d7.png,322bca5ca1260442344734f5f5ef99335a75dc94e4a31442066cf2fc9b6928cc,portrait,,,public_holdout,T2_public_cc0_pd,commons:Werner100359,2014:06:27,PENTAX Corporation,PENTAX K100D,https://commons.wikimedia.org/wiki/File:Testspiel_Red_Bull_Salzburg_vs._Schachtar_Donezk_17.JPG,eval,CC0; original sha256 1ed7eef40d1321791a42024eb0053b6a99ff379417c14dc2ec9b425ce397558b; PD12M id f370d8efe83bf765696728103c329306
ph1_portrait_ee20100080,experiments/auto/data/ph1/proxy/ph1_portrait_ee20100080.png,5f0e0200c3d3b26c1c60977c44b2050a7e547b91ae338458c1110372db78e26c,portrait,,,public_holdout,T2_public_cc0_pd,commons:kevin ryder,2017:07:01,Samsung,SAMSUNG WB600 / VLUU WB600 / SAMSUNG WB610,https://commons.wikimedia.org/wiki/File:Three_princesses.jpg,eval,CC0; original sha256 4b660df686a143f8a4e4c7b546fd8348d58fdb30fa1f6c6d4d5856692aadab1d; PD12M id f6d6423fb96eecddabc3d3bdc5d3e16f
ph1_portrait_14e5024668,experiments/auto/data/ph1/proxy/ph1_portrait_14e5024668.png,64d5fcde227f1ccd2b632c10a0f9a030199c5f99959baa844ecd008ad2e94bfb,portrait,,,public_holdout,T2_public_cc0_pd,commons:Rudolph.A.furtado,2014:12:05,Canon,Canon PowerShot A810,https://commons.wikimedia.org/wiki/File:%27REBEL%27_autobiography_launch..jpg,eval,CC0; original sha256 d4ec31ff2ebb0cdea219c80b2150d1faee9835491075817680718343a0339691; PD12M id f6df67d2d410a981712cda36c5dc6155
ph1_portrait_890c5dd86f,experiments/auto/data/ph1/proxy/ph1_portrait_890c5dd86f.png,cece6325a886a209cdb6639c15eb12340b3beb186b7a6f0b9e373ebb8e7a73f1,portrait,,,public_holdout,T2_public_cc0_pd,commons:Luke Harold,2018:11:30,OLYMPUS CORPORATION,E-M10 Mark III,https://commons.wikimedia.org/wiki/File:Lin-Manuel_Miranda_Walk_of_Fame_star_ceremony_(46074095722).jpg,eval,CC0; original sha256 685cd7a96575f78127565d65802fa10d3752d95fe5f683a3c90cecd36aebaad8; PD12M id f84b88342d27e965c8e32d56781e806a
ph1_portrait_2a07421f40,experiments/auto/data/ph1/proxy/ph1_portrait_2a07421f40.png,2b0b794201725b5ee1e2181e9ecfb4b756fc8b7dc0a0a2d1b3a86b6955d77ab7,portrait,,,public_holdout,T2_public_cc0_pd,commons:Lt2818,2012:05:01,Nokia,N8-00,https://commons.wikimedia.org/wiki/File:%E5%B0%BA%E7%B4%A0%E6%B1%89%E6%9C%8D%E7%A4%BE_01.jpg,eval,CC0; original sha256 73a9092b615d47ae182c477316afa34c3bd9cc0bbd4aabf1be249a870a60eb14; PD12M id f901432d55a291b39bb3a93544340cf2
ph1_portrait_cb7db7086f,experiments/auto/data/ph1/proxy/ph1_portrait_cb7db7086f.png,1966b4d3093d3e3faf96dc59d123971b0e925aeeca26911c885b6a1b578c2db4,portrait,,,public_holdout,T2_public_cc0_pd,commons:Romaine,2016:10:01,Samsung,SM-G920F,https://commons.wikimedia.org/wiki/File:Wikimania_2016-Afterparty_volunteers_(5).jpg,eval,CC0; original sha256 acf34c31a186884f3c064a8b7d348a6db7e1539de99d0d753dbb94de9bf339df; PD12M id fcd65713b97a1d02839487cbdbbe8618
ph1_portrait_31e31a6d63,experiments/auto/data/ph1/proxy/ph1_portrait_31e31a6d63.png,9d7764aa8f52e99e4ad1f94b30fae16e119db3f2b8ee5b4236b1fac3b9dc8025,portrait,,,public_holdout,T2_public_cc0_pd,commons:Bristol Green Party,2016:05:13,Panasonic,DMC-GF3,https://commons.wikimedia.org/wiki/File:Bristol_Green_councillor_group_2016-2020_(44637171071).jpg,eval,CC0; original sha256 fab228d429fec201f14e2d0d0171bdc1470da323d023f61eb92ae6de4a80a55c; PD12M id fece8a40cf62d0fab24be459decc6335
ph1_sunset_1cc82a73b1,experiments/auto/data/ph1/proxy/ph1_sunset_1cc82a73b1.png,2c93f32e2e2714a9c44486541f0bb15b43e8eb96647664279ba1885a864b7762,sunset,,,public_holdout,T2_public_cc0_pd,commons:G.inuae,2024:01:05,Apple,iPhone 14 Pro Max,https://commons.wikimedia.org/wiki/File:Sunset_of_Abu_dhabi.jpg,eval,CC0; original sha256 0ad944da69db904411abb4836a807ceced22069b468d860f41790a6c3d5b99f9; PD12M id 0347acbe22944a0ba4d6539046237082
ph1_sunset_432dc90327,experiments/auto/data/ph1/proxy/ph1_sunset_432dc90327.png,3b9e22a1e1ca2f75aa6059ae9773b72d35b9074c30c1263d330b21b8c556b92f,sunset,,,public_holdout,T2_public_cc0_pd,commons:Tulipasylvestris,2021:04:30,Apple,iPhone 12,https://commons.wikimedia.org/wiki/File:Himlinge%C3%A5sen_naturreservat_solnedg%C3%A5ng.jpg,eval,CC0; original sha256 efe320cbccc7f92de1bf82755ab84b3fa10ac0dc7ab1bf65f6da5009d5cf8f81; PD12M id 077eab56e40c1073d11a63a07cb0f1bc
ph1_sunset_974cc52f23,experiments/auto/data/ph1/proxy/ph1_sunset_974cc52f23.png,05cd6ac6d0ca94b57079dc89696bb15d53038c1ae5a8abd285e84be443a442be,sunset,,,public_holdout,T2_public_cc0_pd,commons:Slleong,2022:12:31,Apple,iPhone 11,https://commons.wikimedia.org/wiki/File:Petaling_Jaya_2.jpg,eval,CC0; original sha256 540eee9d7840ef7cd51190ab7ce8705afb2043e903846532f7de9b21324f9c7d; PD12M id 0a601e38f451a0ab54d118f4d15bf21e
ph1_sunset_763c426080,experiments/auto/data/ph1/proxy/ph1_sunset_763c426080.png,095dbe0715fc3915ec3416b8004082531ad1a24d6630b4f4b7e63425a5b56757,sunset,,,public_holdout,T2_public_cc0_pd,commons:Huangdan2060,2018:02:05,Huawei,BLN-AL10,"https://commons.wikimedia.org/wiki/File:Changsha-Shaoshan-Loudi_Expressway_under_the_sunset_shine_in_February_2018,_picture4.jpg",eval,CC0; original sha256 7425baea6ef26c170010b35747c778cf9c61756fb5b6b4922fb02ff38f223963; PD12M id 102f4176fb245c76f97d5d4621d6ae22
ph1_sunset_66ce4f1272,experiments/auto/data/ph1/proxy/ph1_sunset_66ce4f1272.png,77580160c96e74a06e7f614ede64126b00a153f7132ad732fcd72cedc7680117,sunset,,,public_holdout,T2_public_cc0_pd,commons:Anfecaro,2021:12:24,Apple,iPhone 8,https://commons.wikimedia.org/wiki/File:Atardecer_en_El_Faro_de_Cabo_de_la_Vela.jpg,eval,CC0; original sha256 e15719767e4aa108678f46327876184b9ee46d602028cd989e076625a6c6f462; PD12M id 1583e941af87837235cbf7e06815b11d
ph1_sunset_8ad0dd170f,experiments/auto/data/ph1/proxy/ph1_sunset_8ad0dd170f.png,1c957736ef8de83545a75c7ee151736d6add23dfec09faae16410c83abaa497b,sunset,,,public_holdout,T2_public_cc0_pd,commons:terri_bateman,2017:01:26,Samsung,SM-N920W8,https://commons.wikimedia.org/wiki/File:Puerto_Vallarta_Jan_2017_20170126_001_(32716525075).jpg,eval,CC0; original sha256 f12ac98cef01def16c5b09254767ca583cc5168bd34a9e9aa56925cfccf37a07; PD12M id 173e1428f72fa49411c167b5bb168511
ph1_sunset_307aae2be1,experiments/auto/data/ph1/proxy/ph1_sunset_307aae2be1.png,23a7d63b86cfb6c59db4045c5f5b2d377c8053740bec0b9b25ea0ac00842c766,sunset,,,public_holdout,T2_public_cc0_pd,commons:Stesso,2020:12:11,Samsung,SM-A310F,https://commons.wikimedia.org/wiki/File:Stuttgart_early_morning_industrial_architecture_3.jpg,eval,CC0; original sha256 9da68e152d08d56df0604fcd5640951e76d359f23ea984280455789c1239134b; PD12M id 1a05101a0c23ad8724e5fa33246659bc
ph1_sunset_8fd0fc22b6,experiments/auto/data/ph1/proxy/ph1_sunset_8fd0fc22b6.png,f8ef2912a739ffec0cbf4b04d75e0950ceb4ced3a344d8cba367b7fd4d55351a,sunset,,,public_holdout,T2_public_cc0_pd,commons:Кичинекей Поллианна,,Samsung,SM-A115F,https://commons.wikimedia.org/wiki/File:%D0%9A%D2%AF%D0%B7_%D0%BA%D2%AF%D0%BD%D0%B4%D3%A9%D1%80%D2%AF.jpg,eval,CC0; original sha256 94e07fe9cda67ff466634e0d84467e72f20bd49ddea0ac009fe50c1b6bf76288; PD12M id 1a3c50c067369c3ba099f5b3068fafaa
ph1_sunset_404b689337,experiments/auto/data/ph1/proxy/ph1_sunset_404b689337.png,922c0129af4256f858254becafb6ca36f6410034ad4ceb93bc9f36a9bd7c4e16,sunset,,,public_holdout,T2_public_cc0_pd,commons:CAPTAIN RAJU,2023:11:18,Honor,CRT-LX1,https://commons.wikimedia.org/wiki/File:Sunsets_(Sant%27Agata_Bolognese)_in_2023.03.jpg,eval,CC0; original sha256 3057a87e6c9a5cc16a5945c8597f733a657c90f37f508caeecee7831505cf1a6; PD12M id 1cc2e05493ce38239a2108f4b0c37091
ph1_sunset_6151bdf27e,experiments/auto/data/ph1/proxy/ph1_sunset_6151bdf27e.png,084ec97bd459671da8bcdd33044ab63309e35dc52523e53a7e453ab02c1d7536,sunset,,,public_holdout,T2_public_cc0_pd,commons:CAPTAIN RAJU,2023:12:21,Honor,CRT-LX1,https://commons.wikimedia.org/wiki/File:Sunsets_(Via_Gregorio_Agnini)_in_2023.01.jpg,eval,CC0; original sha256 d6bb34f47d9783290cafe261473d3ff76e3ea4df5f221b3c0bdc30ce02f8e664; PD12M id 24f37ce87dc70e6e813a4e01abfe6830
ph1_sunset_4866a5a327,experiments/auto/data/ph1/proxy/ph1_sunset_4866a5a327.png,da89deca8b39d42038ca4468f00f5d275aca8fc6c5e9abaf34f2f4c51399dcaf,sunset,,,public_holdout,T2_public_cc0_pd,commons:Rakoon,2021:12:01,Samsung,SM-A720F,https://commons.wikimedia.org/wiki/File:20211201_072503_December_2021_in_Bia%C5%82ystok.jpg,eval,CC0; original sha256 9b8859ef6ad7a445cdc90cf195454004acb8203b387a2dcd27b6133846148481; PD12M id 344a4c0d834be4cad770da2ea374cc58
ph1_sunset_010972d346,experiments/auto/data/ph1/proxy/ph1_sunset_010972d346.png,4c7c395d14cdf225e0092c2641cf8fe00f40f178de523be5079c7911c19ac575,sunset,,,public_holdout,T2_public_cc0_pd,commons:CAPTAIN RAJU,2024:02:05,Honor,CRT-LX1,https://commons.wikimedia.org/wiki/File:Sunsets_(Via_Giordano_Bruno)_in_2024.04.jpg,eval,CC0; original sha256 7dbc40b84df524b12afff41473c7a3987e2edfb4202299e94651242c15d699f3; PD12M id 34abda8a90a73bb0497ee9f845b6e4c0
ph1_sunset_92be64f56e,experiments/auto/data/ph1/proxy/ph1_sunset_92be64f56e.png,4337069624f5530c63c5164384fecd16720a2e57cec602a635307761fdd8951b,sunset,,,public_holdout,T2_public_cc0_pd,commons:Dasilva27,2024:01:01,Apple,iPhone 11,https://commons.wikimedia.org/wiki/File:La_Paz_BCS.jpg,eval,CC0; original sha256 f6735f01ac5b251f4231395f659e6ed123421956671bedc886dd2334f104ead3; PD12M id 34f8d03cfe0bf231ba6267e967f573b2
ph1_sunset_c6fe999cbd,experiments/auto/data/ph1/proxy/ph1_sunset_c6fe999cbd.png,079bd3e20ed9490be509cd118d891a3350d00a717f4c48716a9c7b1d71e8f7a6,sunset,,,public_holdout,T2_public_cc0_pd,commons:Imeao,2021:02:02,Xiaomi,Mi A2 Lite,https://commons.wikimedia.org/wiki/File:Cpavfbncodsc.jpg,eval,CC0; original sha256 5f4eca233fcf9cd6ac4bafd73750f0ac1fbc636d8be49ab4891c4896647b0394; PD12M id 38e282f9afecc2e8bbea54c98077a71c
ph1_sunset_983083b480,experiments/auto/data/ph1/proxy/ph1_sunset_983083b480.png,befb280812bf159b13e8823abfb79079caa9737d3fa8b1a36fff7c02473dbdaa,sunset,,,public_holdout,T2_public_cc0_pd,"commons:Warren LeMay from Cullowhee, NC, United States",2019:05:16,Apple,iPhone 8,"https://commons.wikimedia.org/wiki/File:Pyramisa_Isis_Island_Resort_Aswan,_Aswan,_AG,_EGY_(48025395471).jpg",eval,CC0; original sha256 4108a2223a4396a652a0ed881d614b55ef0ca83f89f3a87b96a192318496585c; PD12M id 3d7d513b7d53ba6147c564e989ffeaf0
ph1_sunset_595708144c,experiments/auto/data/ph1/proxy/ph1_sunset_595708144c.png,734fa48f520100bbdb68f6b7642a621e352c3074c391d9cc8566958ecb45d62a,sunset,,,public_holdout,T2_public_cc0_pd,commons:GALAXY 2018 A7,2020:07:31,Samsung,SM-A750FN,https://commons.wikimedia.org/wiki/File:WISTRON_CZ_20200731_052617.jpg,eval,CC0; original sha256 7fb4b6062df7b94cbdd8177a4317d095ca0cbf6026bb01290ba5ae1938f0472b; PD12M id 3f2c0eadc9dba09e6cc9d52d6d03aa9c
ph1_sunset_20a3199a8e,experiments/auto/data/ph1/proxy/ph1_sunset_20a3199a8e.png,91c54cb60d1c659df231befc460e2db700548308e3b0182c4b94aa2ccfd9aa4b,sunset,,,public_holdout,T2_public_cc0_pd,commons:Doggo19292,2021:03:10,Motorola,moto e6 play,https://commons.wikimedia.org/wiki/File:Sun_on_Mountain.jpg,eval,CC0; original sha256 3031b59a20399fc1327054ea5c058148b4748a5820fdda25b8b16d019f734515; PD12M id 408d5a4608e0b3c6ccf26f64128fca29
ph1_sunset_73a9a0531a,experiments/auto/data/ph1/proxy/ph1_sunset_73a9a0531a.png,124d70127e9fe801196ac76c7080d706be9c17ceeaba8c3afe3dcc1af650ecef,sunset,,,public_holdout,T2_public_cc0_pd,commons:Huangdan2060,2018:10:28,vivo,vivo X20,"https://commons.wikimedia.org/wiki/File:Heimi_Peak,_Changsha,_Hunan,_Picture3.jpg",eval,CC0; original sha256 873418944cc81dee28eb410f087d8cef36175b3edb2e36a858d4754ec448a1fd; PD12M id 4180d4622ae4e0239c780cdb3c16653f
ph1_sunset_95fb768b82,experiments/auto/data/ph1/proxy/ph1_sunset_95fb768b82.png,a73a8e3276227e94d863d10285684774b19ff57342b61b314dbe815b0e89a513,sunset,,,public_holdout,T2_public_cc0_pd,commons:আজিজ,2016:03:05,OPPO,1201,https://commons.wikimedia.org/wiki/File:%E0%A6%AC%E0%A7%8B%E0%A6%B0%E0%A6%BF%E0%A6%AC%E0%A6%BE%E0%A6%B2%E0%A6%BF_(%E0%A6%AA%E0%A6%83)_%E0%A6%8F%E0%A6%B0_%E0%A6%A6%E0%A7%83%E0%A6%B6%E0%A7%8D%E0%A6%AF.jpg,eval,CC0; original sha256 eadc7279d7f59cd1899067eb1a8142360e6562c7ceede78552870e6d5c0c1aa7; PD12M id 436e33a55f3b04bfa556964bac74342a
ph1_sunset_b90a5a7a7f,experiments/auto/data/ph1/proxy/ph1_sunset_b90a5a7a7f.png,95895fdc0407516d78f79e5da6ed64666e02b3f2e181ed9aa987fc41d8a25c33,sunset,,,public_holdout,T2_public_cc0_pd,commons:Brylie,2014:09:17,Samsung,EK-GC100,https://commons.wikimedia.org/wiki/File:S%C3%A4rk%C3%A4nniemi_view_on_hazy_sunset.jpg,eval,CC0; original sha256 86414ce860ec8f30115f9f7e730202038736b0dae632220062e4a39df6d4a48d; PD12M id 4b6a45674d0fdbc29e8fb183eeb61129
ph1_sunset_a26d18961c,experiments/auto/data/ph1/proxy/ph1_sunset_a26d18961c.png,9ea1922e5c5243125b88d3a866d5d6b1e8a4b1e61e0286bbed7a7e32af59df11,sunset,,,public_holdout,T2_public_cc0_pd,commons:Rakoon,2023:08:06,Apple,iPhone 14 Pro Max,https://commons.wikimedia.org/wiki/File:20230806_204530_August_2023_in_Bia%C5%82ystok.jpg,eval,CC0; original sha256 e04ec40bfea290ef266cc39c8319f60edcf2a40618c1dbe9ea591fee6e205589; PD12M id 4f21f645386d6d8d105b336296f75215
ph1_sunset_7329ce5380,experiments/auto/data/ph1/proxy/ph1_sunset_7329ce5380.png,9a0a6b73a5528c72f06ad7bc4f35b548bdde5c63e422631046a1bb4a76577387,sunset,,,public_holdout,T2_public_cc0_pd,commons:Hassocks5489,2013:09:04,Samsung,"SAMSUNG PL210, PL211 / VLUU PL210, PL211","https://commons.wikimedia.org/wiki/File:Westward_view_along_Blatchington_Road,_Hove_(August_2013).JPG",eval,CC0; original sha256 e6385f004d49107be37de49e165d092f0e3deddebacf3aeedbb18029d44db3e7; PD12M id 5b3c0f2977aa327cf598d9b2666ba61c
ph1_sunset_80e0eeb10b,experiments/auto/data/ph1/proxy/ph1_sunset_80e0eeb10b.png,30d87a27f0f067cc5e409c6d7ffbba441edfbfb95d674ad6b9c6a3fdc3773a4d,sunset,,,public_holdout,T2_public_cc0_pd,commons:Berishasinan,2023:11:20,Apple,iPhone 11,"https://commons.wikimedia.org/wiki/File:Vrella,_Carravran%C3%AB_-_2023.jpg",eval,CC0; original sha256 13e30ed670fb803dbdf5ad8ac43ff30384675da41aa1ba7ba87c762e5d2ed0b7; PD12M id 66ad09cfad6a32bc36e45c9451f04a89
ph1_sunset_151bcb4d4d,experiments/auto/data/ph1/proxy/ph1_sunset_151bcb4d4d.png,515095c97aa36fd526d8a23a5004036dd8ca5d6f7bf528fd8f802773e26f7e91,sunset,,,public_holdout,T2_public_cc0_pd,commons:Josefito123,2024:01:17,Samsung,SM-A226B,https://commons.wikimedia.org/wiki/File:Gambia_20240117_073354.jpg,eval,CC0; original sha256 95b9c4547a9104c5354a72faedf1851bef5a689d6488b2dbe3f56ec683ef0f76; PD12M id 68a93d8ae31c9b92d3f47071e40f8d6b
ph1_sunset_538827d400,experiments/auto/data/ph1/proxy/ph1_sunset_538827d400.png,9c79838ac38c37d51279dda26b33d9a0b68052e10da3c2ccf7db05ab46ae980b,sunset,,,public_holdout,T2_public_cc0_pd,commons:CAPTAIN RAJU,2024:02:23,Honor,CRT-LX1,https://commons.wikimedia.org/wiki/File:Sunsets_(Via_San_Lorenzo)_in_2024.11.jpg,eval,CC0; original sha256 6b24231fee4b557696e7d756afb09b83f4b8f9f267b69a9d3eb5ba2980f2c458; PD12M id 69264ab1b0625df1532c9d4ef3060ec5
ph1_sunset_1b901cf60b,experiments/auto/data/ph1/proxy/ph1_sunset_1b901cf60b.png,5fceb89a05fa3ec5eaf00194fe7a8e2d7d5cf25c484e20f4af2ee352e7e3f38e,sunset,,,public_holdout,T2_public_cc0_pd,commons:Salim_Khandoker,2018:03:10,Xiaomi,Redmi 3,https://commons.wikimedia.org/wiki/File:Ramna_Park_.jpg,eval,CC0; original sha256 224e839929d28abb5b7415653fa927bff40220eeef3cee41bbca7c8cd99bbc39; PD12M id 69e77953c72d80f1ee33fa6172ace869
ph1_sunset_9f98c2765b,experiments/auto/data/ph1/proxy/ph1_sunset_9f98c2765b.png,5476a573f3ac790ecf765a802fd00a0b2b63c847e9c3bbb7d17ae25e3abb4c51,sunset,,,public_holdout,T2_public_cc0_pd,commons:SIG SG 510,2017:02:17,ZTE,ZTE Blade A452,https://commons.wikimedia.org/wiki/File:4Castella_67.jpg,eval,CC0; original sha256 04e6dcb04259991778f4d3c6e95cc553a33dec66e188e13bcf2185a450b23b6f; PD12M id 6c9867e40ed916736ce491c8145e4ed3
ph1_sunset_362e23f914,experiments/auto/data/ph1/proxy/ph1_sunset_362e23f914.png,36e171993a22fe606b48562f477ec42eec7812fed6ffa3ca565a2700002eb799,sunset,,,public_holdout,T2_public_cc0_pd,commons:Effems,2023:12:10,Huawei,ANE-LX1,https://commons.wikimedia.org/wiki/File:Panorama_(Caltagirone)_10_12_2023_10.jpg,eval,CC0; original sha256 58feb32fe1f23a524b1b4fdc9337b2dd3c1fe8fe6424addd183d831d6a872359; PD12M id 6e1d163b4c6cfa9a39fda707451501f5
ph1_sunset_318dc01b4c,experiments/auto/data/ph1/proxy/ph1_sunset_318dc01b4c.png,47e7dca6daa17409bfd0b3d5a9dc70e470a4ce73a1d93fe203f4ad3c5bfb6d2d,sunset,,,public_holdout,T2_public_cc0_pd,commons:Gerda Arendt,2023:10:26,Motorola,motorola one vision,"https://commons.wikimedia.org/wiki/File:Sunset_at_Western_coast,_Ibiza.jpg",eval,CC0; original sha256 8afa6b26c6d803f8096e4033cd269806601b3d08f88ba0152718aa2f308ad7db; PD12M id 74d064be29bee1a496b9947b9d42f42b
ph1_sunset_33591d1984,experiments/auto/data/ph1/proxy/ph1_sunset_33591d1984.png,8c6654356026e22f6505b799f8ce8e62876b06ba61f6cb9edc4eecfbb27ec657,sunset,,,public_holdout,T2_public_cc0_pd,commons:Netha Hussain,2018:07:17,Samsung,SM-G930F,https://commons.wikimedia.org/wiki/File:View_of_Cape_Town_from_halfway_up_the_Table_Mountain_09.jpg,eval,CC0; original sha256 22693dc695e92bee7f458e5190fdbf8babd0817da8d4373783e39bff3b0add6d; PD12M id 76051821f0d476e694865ce809f63655
ph1_sunset_4096ce0c1f,experiments/auto/data/ph1/proxy/ph1_sunset_4096ce0c1f.png,27d34f0b159b866b032e94fda13603716ebfd851a03109cb96ab2fc89e596f69,sunset,,,public_holdout,T2_public_cc0_pd,commons:Imeao,2022:04:26,Xiaomi,Mi A2 Lite,https://commons.wikimedia.org/wiki/File:Srknwrfsufha.jpg,eval,CC0; original sha256 00f4ee1a1f464adf96da7eb1a48edca91234e39009bae4aee11e167f0b45164b; PD12M id 864ecee97431fcde84ad3089056710e0
ph1_sunset_5b8aa727a3,experiments/auto/data/ph1/proxy/ph1_sunset_5b8aa727a3.png,7928918ccf7c86ea27f5503cc1e81d0ee88e213723e54d0d6fef3a7b28c99bf5,sunset,,,public_holdout,T2_public_cc0_pd,commons:Josefito123,2024:01:10,Samsung,SM-A226B,https://commons.wikimedia.org/wiki/File:Senegal_20240110_075258.jpg,eval,CC0; original sha256 e4f5b38f9857531894e4e94849b44bc79e6cd8ad258683227acaf881e991603f; PD12M id 883e8ce8344b9ca271d4310946f25910
ph1_sunset_18e8099dfb,experiments/auto/data/ph1/proxy/ph1_sunset_18e8099dfb.png,17509c1842add68368bc298c5530976b14d7e763fa0343b36d82c20725cdf128,sunset,,,public_holdout,T2_public_cc0_pd,"commons:Alan Levine from Mortlach, Canada",2017:06:19,Apple,iPhone 6s,https://commons.wikimedia.org/wiki/File:Rainbow_at_Sunset.jpg,eval,CC0; original sha256 a44a46939578c41aaae273b90e7fe72a6bc035a15ff575619d6925d4efb2e5d9; PD12M id 886dd55143601125d4829949aeaa4f9e
ph1_sunset_53d8db1d54,experiments/auto/data/ph1/proxy/ph1_sunset_53d8db1d54.png,f8a36ce5d1c141f02965e9f387911c8df503cf6f064036799f498b14e914efc7,sunset,,,public_holdout,T2_public_cc0_pd,commons:Lluís Ferrer,2017:03:23,Apple,iPhone 6,"https://commons.wikimedia.org/wiki/File:Albada_al_Pont_del_Petroli,_Badalona_(50316984441).jpg",eval,CC0; original sha256 cbd40e17a132dc9bbe10624acc48b3399459264f4ea47ba637a29773bae53255; PD12M id 99e6b72658a4dd04d6717bd9b3af9576
ph1_sunset_3ef8b47153,experiments/auto/data/ph1/proxy/ph1_sunset_3ef8b47153.png,342f8239bdc70049f56e70faa2fefd048322566ac3146184c7501c228a544da5,sunset,,,public_holdout,T2_public_cc0_pd,commons:Imeao,2021:11:01,Xiaomi,Mi A2 Lite,https://commons.wikimedia.org/wiki/File:Ygpxnopyydrb.jpg,eval,CC0; original sha256 2c8eb9f3b2e7212b9288f760b4378c66af2f5798f61b51f7dc8dad43c0cccd37; PD12M id 9b010272f8f85f63f613d91028678346
ph1_sunset_b933f63b34,experiments/auto/data/ph1/proxy/ph1_sunset_b933f63b34.png,716cbf312f1b7b084540adbb8d6542b61c902b7ae7ca1afa25b51b144e1dc965,sunset,,,public_holdout,T2_public_cc0_pd,commons:fotokoci,,LG,LG-E440,https://commons.wikimedia.org/wiki/File:Sunset_-_Tramonti_(14759809412).jpg,eval,CC0; original sha256 07e86d0ede33bd7e97b9d393ad2a8c0df6bc5bf7b8ab99f3dd6fe7f8f517d3c6; PD12M id 9ecffd9a107d872c2519ff77e42a082c
ph1_sunset_e07a70c9a1,experiments/auto/data/ph1/proxy/ph1_sunset_e07a70c9a1.png,b1c1b3981c662a425784f27f0da2f6da4322d7c089a80d1ec95e206e60314c21,sunset,,,public_holdout,T2_public_cc0_pd,commons:PoeXinia,2023:08:26,Apple,iPhone 13 Pro,"https://commons.wikimedia.org/wiki/File:Guanacaste,_Costa_Rica.jpg",eval,CC0; original sha256 2b2e895a43d60c478a90c5ba6cf06c3a4a09a1e06b6254e5c7a012dbcdc2d9b4; PD12M id a21f0057b817e0f8755851ef5b205734
ph1_sunset_c973ef9e8b,experiments/auto/data/ph1/proxy/ph1_sunset_c973ef9e8b.png,c5d0c3cd8bf369460f7f62111f10e17d1b7d6f9dce84f9b40d2cbc30f1534a11,sunset,,,public_holdout,T2_public_cc0_pd,commons:CAPTAIN RAJU,2024:02:05,Honor,CRT-LX1,"https://commons.wikimedia.org/wiki/File:Sunsets_(Strada_Provinciale_2,_navicello)_in_2024.09.jpg",eval,CC0; original sha256 1ca946fd4ae7e2f1e74b8ac25393a6c42ebc69c51c9323395fe4d1de5db2145e; PD12M id b59d17141915a9909f0879e81cb3706a
ph1_sunset_78703ccc44,experiments/auto/data/ph1/proxy/ph1_sunset_78703ccc44.png,6ce7b24dadcc5aa7ed1c124b389cddf9a804348994b07654937aa77931def2f1,sunset,,,public_holdout,T2_public_cc0_pd,commons:Steliosp97,2018:06:03,Huawei,WAS-LX1,https://commons.wikimedia.org/wiki/File:LakePamvotida2.jpg,eval,CC0; original sha256 fba77961c6516ad6a17c8c315660c2a09d119f3d76362ed0467a657dc2a2100b; PD12M id bab20528db655e66bbf639cc537e1356
ph1_sunset_dd740bce1c,experiments/auto/data/ph1/proxy/ph1_sunset_dd740bce1c.png,6b0b7bab026a39ffb9229453cf3b6141b40ebda9dce3bb7f78e618de95c4a8c5,sunset,,,public_holdout,T2_public_cc0_pd,commons:skym4k3r,2015:10:10,Motorola,XT1254,https://commons.wikimedia.org/wiki/File:Templeofthegods_(22073653426).jpg,eval,CC0; original sha256 401d1acd286c5d44fe8c799d715364c28bcbf5ff8267910d3fe5e40f5eb9e8f5; PD12M id bc70bbcdd2d6bc0b050fac69a218b254
ph1_sunset_14a1ec9316,experiments/auto/data/ph1/proxy/ph1_sunset_14a1ec9316.png,ba28c1c33fd64538ce6caa401593827a12361b42d16a8d148949db5c4e7f1039,sunset,,,public_holdout,T2_public_cc0_pd,commons:CAPTAIN RAJU,2023:04:19,Samsung,SM-A225F,https://commons.wikimedia.org/wiki/File:Sunrise_(Parco_Novi_Sad)_in_2023.05.jpg,eval,CC0; original sha256 a78ad259b5d74bfbe75e87062ae25866d2c730edcdded8a003c8d150e36e447f; PD12M id bf40d49670fb86f511a1e43488b8d42a
ph1_sunset_47e342fa26,experiments/auto/data/ph1/proxy/ph1_sunset_47e342fa26.png,66196eb2f53dbbf40ad8acba4028d3d069c7845684c89e2776d64cb05b014d36,sunset,,,public_holdout,T2_public_cc0_pd,commons:Random photos 1989,2021:07:10,Huawei,VOG-L29,"https://commons.wikimedia.org/wiki/File:Gy%C5%91r,_Klatsm%C3%A1nyi_Tibor_h%C3%ADd,_7.jpg",eval,CC0; original sha256 c2a4ef8c16b4cb0f465eb3983abf0b7c7a24d47d6dab808b1992424acfd3753c; PD12M id c09bef37e7a4edfa44a38ed8bdbb2984
ph1_sunset_07bf94dbd8,experiments/auto/data/ph1/proxy/ph1_sunset_07bf94dbd8.png,7f5479d40cb8ad3031a48c406c3f4d933130d1eacc26b79387b34da980b2aaf4,sunset,,,public_holdout,T2_public_cc0_pd,commons:GALAXY 2018 A7,2020:07:20,Samsung,SM-A750FN,https://commons.wikimedia.org/wiki/File:WISTRON_CZ_20200720_052714.jpg,eval,CC0; original sha256 118ed09c8b61f14de19170049fe5230ba9b837e9d31559f1520ca673fc664cb7; PD12M id c18fa0490723da62ba6140eccb734d97
ph1_sunset_840c5573e7,experiments/auto/data/ph1/proxy/ph1_sunset_840c5573e7.png,8ed41060609897a26637e1f4434695d6fecb6de3bd634f3a7333b917fd2f7c40,sunset,,,public_holdout,T2_public_cc0_pd,commons:Roquex,2018:12:23,Samsung,SM-J530F,https://commons.wikimedia.org/wiki/File:PuntaEntinas.jpg,eval,CC0; original sha256 a5df63282d03ecf3edd35352ce47f4760b20375c9085ac981cb0b644d76b5735; PD12M id c46307d70b313f26c67ac2af05664fdd
ph1_sunset_2b20807b21,experiments/auto/data/ph1/proxy/ph1_sunset_2b20807b21.png,c5bd9c3c8a9159de4814f0350bd421e976d6bd61cf3b22afa0d60d739406eae3,sunset,,,public_holdout,T2_public_cc0_pd,commons:CAPTAIN RAJU,2023:11:26,Honor,CRT-LX1,https://commons.wikimedia.org/wiki/File:Sunsets_(Via_Antonio_Gramsci)_in_2023.01.jpg,eval,CC0; original sha256 3d2d96e5ce8401e9e00816c39c78c1f3800b7b60e57f05f26110dd6a4e788432; PD12M id c9699eb9d3d4950d9abb8f0751b72830
ph1_sunset_fbe9ef1cff,experiments/auto/data/ph1/proxy/ph1_sunset_fbe9ef1cff.png,b50a746639788e8b4fd43ce6733dfcf957745d1382ad536519bd3297d12716f8,sunset,,,public_holdout,T2_public_cc0_pd,commons:Meqqal,2023:08:15,Huawei,JNY-LX2,https://commons.wikimedia.org/wiki/File:Kopokitanan_kosilahon_tadau_susuabon.jpg,eval,CC0; original sha256 2daae7221179a452ab9bfd5b78c440af0a45d487fd02116e08ece0db6ab5fdf6; PD12M id cc164ba68361f49dbe200d9813e5df71
ph1_sunset_0b24411c78,experiments/auto/data/ph1/proxy/ph1_sunset_0b24411c78.png,270cd3c8cb8d2ec2e11037bcee04817e8402e18694a477664214820dec45c524,sunset,,,public_holdout,T2_public_cc0_pd,commons:01x07x2022000,2023:03:24,Samsung,SM-A750FN,https://commons.wikimedia.org/wiki/File:HOLE%C5%A0OVICE_-_20230324_182017.jpg,eval,CC0; original sha256 044c8128e818003212bd028be0dc9ef4e34a642ae9ccee921c5d79a342e9fc03; PD12M id d7e86451909c2560f1d66b333f70dd0a
ph1_sunset_e43d1428ea,experiments/auto/data/ph1/proxy/ph1_sunset_e43d1428ea.png,1d5a87a5c8161eaa9325901727d44d344d5e9b0b98aeb9428aad15b29dc0dcc1,sunset,,,public_holdout,T2_public_cc0_pd,commons:Random photos 1989,2020:07:22,Huawei,VOG-L29,"https://commons.wikimedia.org/wiki/File:Gy%C5%91r,_Aranypart,_9.jpg",eval,CC0; original sha256 18edc830b9bdafba5d57c224a2fce9bd0c8ba71a27733004dd21270742011aea; PD12M id e2371226849a515f56e542a353cfe97b
ph1_sunset_e6122437cb,experiments/auto/data/ph1/proxy/ph1_sunset_e6122437cb.png,3947bd9e305f77dfb9fb20332f36719ac0d49562eedacb9394c9c4d510f321be,sunset,,,public_holdout,T2_public_cc0_pd,commons:Designism,2023:11:15,Apple,iPhone SE (3rd generation),https://commons.wikimedia.org/wiki/File:KBTP_at_dusk.jpg,eval,CC0; original sha256 4de4cc872e929cf6c9143405863813747db8c92a06f28f059cd9d631539241d5; PD12M id e6e72cc4696ee6a163e18abd627f4ac5
ph1_sunset_f067821e25,experiments/auto/data/ph1/proxy/ph1_sunset_f067821e25.png,01ea7ff126f4b01128d731b87760b48e9fa200b7dacacb28ecd16b3883ada49b,sunset,,,public_holdout,T2_public_cc0_pd,commons:Zuck,2019:06:30,Apple,iPhone X,https://commons.wikimedia.org/wiki/File:Sunrise_in_Jammu.jpg,eval,CC0; original sha256 a1a1ea7b41f3beb932bc71013752bb5e74034b62002da0c5b9bdaffeb158babb; PD12M id eb16ffcace065b90918d8d9e80006087
ph1_sunset_f4b1149855,experiments/auto/data/ph1/proxy/ph1_sunset_f4b1149855.png,31f79d791b2af53d3cc47f141cd6b547576010b56195887b42866a5dda856294,sunset,,,public_holdout,T2_public_cc0_pd,commons:Abhijith919,2012:02:21,Nokia,C2-01,https://commons.wikimedia.org/wiki/File:PayyambalamBeachSunset.jpg,eval,CC0; original sha256 e83523fada312a7fa345f30e2fd90da79c25026e3f193d9d06e461cc1cabf5ef; PD12M id ed766261030a71b1651175d62a02f063
ph1_sunset_4ad58e5839,experiments/auto/data/ph1/proxy/ph1_sunset_4ad58e5839.png,72682f2a028e37d75b0e3da6ee250e8c68e20b19a2737899e0c0080fad0ffa87,sunset,,,public_holdout,T2_public_cc0_pd,commons:Jim McIntosh,2021:12:05,Apple,iPhone 13 Pro Max,"https://commons.wikimedia.org/wiki/File:Placencia_Belize,_December_2021_-_Sunset_on_the_Water.jpg",eval,CC0; original sha256 61da70862eac772a983e55fed0f86a472c62fb243dc1575cae294beb2bec7262; PD12M id f56ddb7b0fe92823ca0ede83a8d5d00c
ph1_sunset_4e8a8d85fb,experiments/auto/data/ph1/proxy/ph1_sunset_4e8a8d85fb.png,48380673154992b0c87b1e165a72bad5734f714be3074a5dc1ac6d684b370d2e,sunset,,,public_holdout,T2_public_cc0_pd,commons:Warairarepano&amp;Guaicaipuro,2015:10:20,Apple,iPhone 5s,"https://commons.wikimedia.org/wiki/File:Hotel_Wyndham_Concorde_Resort_Isla_de_Margarita,_Porlamar_Nueva_Esparta,_Venezuela_4.jpg",eval,CC0; original sha256 8961f35bc4ed1de8abcacf94079e7a399328c7c3649a312316c5b07853b841d9; PD12M id f5fee392ae2cc4c4ddf21c47cc5c5d49
ph1_sunset_dffb34d995,experiments/auto/data/ph1/proxy/ph1_sunset_dffb34d995.png,6ceacd274498a380d1e127c752488915dcd28f24ad234aa89ceb135976a0adfe,sunset,,,public_holdout,T2_public_cc0_pd,commons:Oliver L. 74,2023:01:07,Samsung,SM-G973F,https://commons.wikimedia.org/wiki/File:Burg_J%C3%B6rgenberg_Mittenhausen_4.jpg,eval,CC0; original sha256 29c0107a61dacd11492c10aa2a153e63cfc85477f5795ccf6e6d9ed5e6936fb2; PD12M id f78e10aa99db5cea738da2eec4544e33
