image_id,rubric_class,commons_page,original_url,pd12m_url,licence,licence_url,author,original_sha1,original_sha256,original_bytes,proxy_sha256,device_brand,device_model,is_phone,capture_datetime,personality_rights_flag,faces_detected,provisional_ita_deg,provisional_ita_bucket,reviewer_note
ph1_already_good_bc0e1b9b1f,already_good,https://commons.wikimedia.org/wiki/File:Morning_(49922974448).jpg,https://upload.wikimedia.org/wikipedia/commons/d/d7/Morning_%2849922974448%29.jpg,https://pd12m.s3.us-west-2.amazonaws.com/images/75ba900e-823d-5a54-af68-acfe31610eb5.jpeg,CC0,http://creativecommons.org/publicdomain/zero/1.0/deed.en,Konstantin Rotkevich,bc0e1b9b1f2ff5cf32a83be730e2b9174d1794a3,aec05ed5f63cb3d5c18a037802c6689d9bcd7edda8d0d61b907e5bc86850dd54,3698573,7cac2714f52926e5cca46eb322c1381f1605f55b6cc625ca1ea9da0088164239,Samsung,SM-N950F,True,2020:05:20 06:23:50,,0,,,
ph1_already_good_52908b08e6,already_good,"https://commons.wikimedia.org/wiki/File:K%C5%81ODZKO,_AB-057.jpg",https://upload.wikimedia.org/wikipedia/commons/f/fe/K%C5%81ODZKO%2C_AB-057.jpg,https://pd12m.s3.us-west-2.amazonaws.com/images/249cc4e7-0f07-5d46-aa2b-f8bc7c7fcd1a.jpeg,CC0,http://creativecommons.org/publicdomain/zero/1.0/deed.en,Antekbojar,52908b08e62ab2bd2bcfa786422f212e0aabca5a,198ae9da26d4019bd045072940ed31c7e85f7865ce7a18ae0d104bd686e83245,1691143,b478f462a6d671c1fee2538775b09d3b7f2a2bd27bf790fb7896cea5ab7da67a,Samsung,SAMSUNG WB110/ SAMSUNG WB111,True,2019:09:25 13:00:13,,0,,,
ph1_already_good_0d2cab681a,already_good,https://commons.wikimedia.org/wiki/File:SZ_%E6%B7%B1%E5%9C%B3_Shenzhen_%E9%BE%8D%E8%8F%AF%E5%8D%80_Longhua_%E8%A3%95%E6%96%B0%E8%B7%AF_Yuxin_Road_tourist_bus_January_2024_R12S_01.jpg,https://upload.wikimedia.org/wikipedia/commons/d/d1/SZ_%E6%B7%B1%E5%9C%B3_Shenzhen_%E9%BE%8D%E8%8F%AF%E5%8D%80_Longhua_%E8%A3%95%E6%96%B0%E8%B7%AF_Yuxin_Road_tourist_bus_January_2024_R12S_01.jpg,https://pd12m.s3.us-west-2.amazonaws.com/images/10acbf7f-ce84-58e6-96e8-4cff2df71ba1.jpeg,CC0,http://creativecommons.org/publicdomain/zero/1.0/deed.en,Singkabee Liam H Tonga,0d2cab681a8aa812f82d721b010a6bae532d0d21,1281c881ee0e40c952cb92331f48b11b4fab797a7135c07b2e0b1b03ead5aeb2,2379273,1ef23e41058c8250cb5377c7665c1a7519255ce4385744e8b750452bbac9ea01,Xiaomi,23030RAC7Y,True,2024:01:18 17:46:27,,0,,,
ph1_already_good_36ca819f3a,already_good,"https://commons.wikimedia.org/wiki/File:Indian_Chief_Vintage_at_Songshan_District,_Taipei_20180421d.jpg",https://upload.wikimedia.org/wikipedia/commons/b/b1/Indian_Chief_Vintage_at_Songshan_District%2C_Taipei_20180421d.jpg,https://pd12m.s3.us-west-2.amazonaws.com/images/448ccc3f-eee8-5539-a4cf-e8ff6c7838d6.jpeg,CC0,http://creativecommons.org/publicdomain/zero/1.0/deed.en,玄史生,36ca819f3a3c6676edf00e6d545c2c6bba4e0936,0aba9498d82d47a78237f18ab3dbabe982730e391b7c7ef80ef4aa6d52afad33,3316460,1bf4693435e186aa59e1d17e4c6efbc61beae9db790c447e176182f496476cf3,Apple,iPhone 7 Plus,True,2018:04:21 09:52:49,,0,,,
ph1_already_good_95c80ad38a,already_good,https://commons.wikimedia.org/wiki/File:Une_skate_park_%C3%A0_Georgio%C3%BApoli.jpg,https://upload.wikimedia.org/wikipedia/commons/d/da/Une_skate_park_%C3%A0_Georgio%C3%BApoli.jpg,https://pd12m.s3.us-west-2.amazonaws.com/images/f901b782-c7ed-59d9-89b3-0ac65ad00d44.jpeg,CC0,http://creativecommons.org/publicdomain/zero/1.0/deed.en,Benoît Prieur,95c80ad38a9e94947a0910954bf0ac5ef0956fd9,4f8d8db43ecc4de4f0d5aca0b7c3eda82bb9ec792c00ca0ca8cef1c9a1e71526,6213435,6872cf9f82a07771e96da5624ab2bfd71d9468d11c5bfa5a049ed88630cdb4b2,Apple,iPhone XS,True,2021:07:19 16:50:17,,0,,,
ph1_already_good_97ad81e9fe,already_good,https://commons.wikimedia.org/wiki/File:20180317%ED%99%8D%EC%B2%9C%EC%86%8C%EB%B0%A9%EC%84%9C_%EB%8F%99%EB%A9%B4119%EC%A7%80%EC%97%AD%EB%8C%80IMG_3548.jpg,https://upload.wikimedia.org/wikipedia/commons/9/93/20180317%ED%99%8D%EC%B2%9C%EC%86%8C%EB%B0%A9%EC%84%9C_%EB%8F%99%EB%A9%B4119%EC%A7%80%EC%97%AD%EB%8C%80IMG_3548.jpg,https://pd12m.s3.us-west-2.amazonaws.com/images/b6da34c8-f1fd-5991-9f8a-7073f75d2e4b.jpeg,CC0,http://creativecommons.org/publicdomain/zero/1.0/deed.en,최광모 (Choe Kwangmo),97ad81e9fef1c3bfab02730bc2a56f8361deaff8,9aec4816be352ccdc2eaf83a4f437f9dee18ae495764c2cf76ed05d11d24d9a1,2555101,6d504951079625972c468b1b94e909eed67f045c680136d250c11719fef9eaf9,Apple,iPhone 7 Plus,True,2018:03:17 15:15:30,,0,,,
ph1_already_good_7b4cc823a6,already_good,https://commons.wikimedia.org/wiki/File:Wollongong_Hospital.jpg,https://upload.wikimedia.org/wikipedia/commons/1/1c/Wollongong_Hospital.jpg,https://pd12m.s3.us-west-2.amazonaws.com/images/0bf5fc0b-6d9d-552f-880d-a4df6948a65f.jpeg,CC0,http://creativecommons.org/publicdomain/zero/1.0/deed.en,Mx. Granger,7b4cc823a6e1c360f936c9e86c3d52cb4a98140b,dccdd9dd65682182892f05670689a4093169614277013cf6108c393ca8c8c8f0,1991242,62f7a461353760fc9c447c507bfe892297120024202d73ba30806a84814d3ced,Motorola,moto g(7) power,True,2022:05:02 16:16:50,,0,,,
ph1_already_good_9edf8eaeed,already_good,https://commons.wikimedia.org/wiki/File:Pod_H%C3%A1jkem_(Praha)_20230703_160220.jpg,https://upload.wikimedia.org/wikipedia/commons/b/be/Pod_H%C3%A1jkem_%28Praha%29_20230703_160220.jpg,https://pd12m.s3.us-west-2.amazonaws.com/images/f198054f-9bc9-5012-80f7-1cb680d3adc3.jpeg,CC0,http://creativecommons.org/publicdomain/zero/1.0/deed.en,01x07x2022000,9edf8eaeedf0c456bc09705c8a31fc2006122fb7,2324f2a4a61ba916a0812d6dbadef8e39a5b8d708dc6ddc5d9844aacbf790485,6670756,072b7c436391f2a702a1844f8d1e1570cef6472f11ec2ce8cddfaf5878655b1b,Samsung,SM-A750FN,True,2023:07:03 16:02:20,,0,,,
ph1_already_good_646699c89d,already_good,https://commons.wikimedia.org/wiki/File:L%C3%ADnea_46_(Movibus)_-_Alsa_2665.jpg,https://upload.wikimedia.org/wikipedia/commons/3/3c/L%C3%ADnea_46_%28Movibus%29_-_Alsa_2665.jpg,https://pd12m.s3.us-west-2.amazonaws.com/images/8349c358-783a-53a4-97e4-cd05d7136853.jpeg,CC0,http://creativecommons.org/publicdomain/zero/1.0/deed.en,KingValid04,646699c89d8a633b455660315b66d3aa0a1c3f0e,bac95ac5903ee6af3198af167830d2bb4b2f6fb9d90fe64c4865edad90406d33,5974887,3c8b1db47e84aa9637aee49687d62fb3b9544172acf7a0a0aaf9b9d3f59141c6,Xiaomi,M2101K6G,True,2022:06:27 18:29:33,,0,,,
ph1_already_good_e1f2d71f52,already_good,https://commons.wikimedia.org/wiki/File:Li%C3%A8ge_Outremeuse_potale_Rue_des_R%C3%A9collets_2.jpg,https://upload.wikimedia.org/wikipedia/commons/b/b8/Li%C3%A8ge_Outremeuse_potale_Rue_des_R%C3%A9collets_2.jpg,https://pd12m.s3.us-west-2.amazonaws.com/images/b4bff4ff-92f9-56e4-8cca-c58a49e7a5ab.jpeg,CC0,http://creativecommons.org/publicdomain/zero/1.0/deed.en,Hoebele,e1f2d71f52f19d48fe252dc52856bbc34c6ca7a3,afc462ddd62782683011bbdb5846406361d9b0ef9e4ab7157a0e647d6cef834a,3320050,9a2d4e00cc7298c4fa72596025a52bb7794f26a29de2d796b133ed10b6d959d5,Apple,iPhone X,True,2023:08:20 14:45:29,,0,,,
ph1_already_good_e876b3ae51,already_good,https://commons.wikimedia.org/wiki/File:KitchenDepotEaDo.jpg,https://upload.wikimedia.org/wikipedia/commons/f/ff/KitchenDepotEaDo.jpg,https://pd12m.s3.us-west-2.amazonaws.com/images/490034aa-c3ce-5e15-a2de-2df8f3b895ee.jpeg,CC0,http://creativecommons.org/publicdomain/zero/1.0/deed.en,WhisperToMe,e876b3ae51032fde683defcd1b867ae482e76d62,c7614e81afdc2a4725c8ab8cc7e1ef879d2a83cee98e5b8420a93367bbbe3e4b,2265287,6b33d6824991641d66514be3fe0cbf68855d7132b375599e3c8b4d48b4c4b8db,Apple,iPhone 6 Plus,True,2016:02:10 09:40:11,,0,,,
ph1_already_good_a69e454cb9,already_good,https://commons.wikimedia.org/wiki/File:Area_archeologica_di_Cava_d%27Ispica_(Ispica)_14_01_2024_05.jpg,https://upload.wikimedia.org/wikipedia/commons/6/67/Area_archeologica_di_Cava_d%27Ispica_%28Ispica%29_14_01_2024_05.jpg,https://pd12m.s3.us-west-2.amazonaws.com/images/cba453a9-a882-512e-819c-640993c506b1.jpeg,CC0,http://creativecommons.org/publicdomain/zero/1.0/deed.en,Effems,a69e454cb9b8bdcfbf204e08bfcc1f8bd85fb554,4b0ef9edb15c687cde730b2f89f2b962c07473b6e6a8e879acfb4e9a38c27800,1587676,e6db0bdb9668136aba5409826c5971de7d5ba03fa554c3fc8f59a6634e86c500,Huawei,ANE-LX1,True,2024:01:14 16:52:06,,0,,,
ph1_already_good_cfa5f7b75d,already_good,https://commons.wikimedia.org/wiki/File:Iron_curtain_Vorhang_Ijzeren_Gordijn_GrenzWeg_Ecker_Eckertal_Ilsenburg22_11_36_032000.jpeg,https://upload.wikimedia.org/wikipedia/commons/4/41/Iron_curtain_Vorhang_Ijzeren_Gordijn_GrenzWeg_Ecker_Eckertal_Ilsenburg22_11_36_032000.jpeg,https://pd12m.s3.us-west-2.amazonaws.com/images/ca56ed02-0142-53ce-b937-0acf94f4f24b.jpeg,CC0,http://creativecommons.org/publicdomain/zero/1.0/deed.en,Andreh123,cfa5f7b75dc33daa2a848e5bee562d30e3af04b6,9ec1a2ec08cbcb416bbc0be220091612198a35c3694cadd00d5a29b535d6f8f0,4632391,7bc3b4b58a8c7a81442836ee7c5502f38f69543b4428890bd7995d6a359db281,Apple,iPhone SE,True,2021:08:10 15:26:12,,0,,,
ph1_already_good_a3483407f4,already_good,https://commons.wikimedia.org/wiki/File:WikiConvention_Francophone_2023_Visite_centre_artisanal_06.jpg,https://upload.wikimedia.org/wikipedia/commons/a/a9/WikiConvention_Francophone_2023_Visite_centre_artisanal_06.jpg,https://pd12m.s3.us-west-2.amazonaws.com/images/e7989b6b-92a6-5f55-bac8-fbef488fe6a4.jpeg,CC0,http://creativecommons.org/publicdomain/zero/1.0/deed.en,Akouete,a3483407f4d972b503342fe8862ce27d09d38c06,28431713ff17c3e1f0ef97a791151d399283b4728f5309bfb1c63629e1ffcea2,7962342,21c7be58df6973f1ebabda60a0303ea753ee5fd78fcc2a8e6bf73214971a133c,Infinix,Infinix X6716B,True,2023:09:24 09:30:52,,0,,,
ph1_already_good_89c3d2a7a1,already_good,https://commons.wikimedia.org/wiki/File:H.A.N.D.S_Zone_A_Entrance_2024.jpg,https://upload.wikimedia.org/wikipedia/commons/d/d8/H.A.N.D.S_Zone_A_Entrance_2024.jpg,https://pd12m.s3.us-west-2.amazonaws.com/images/c8bad86d-a992-5c87-96b7-0759a58d68ff.jpeg,CC0,http://creativecommons.org/publicdomain/zero/1.0/deed.en,Tomgor001,89c3d2a7a13d8652816e2cd63935ce639b47de3b,d7829c127cb9ac4c0541ccc3c5c97d3e9f9959df0c3f104646d46de09a8ca7f0,3407174,efbc6efc55de3057c21ab8a18ba0aaecb81253b3578745df3d9b1cb079b386de,Samsung,SM-G9750,True,2024:01:14 14:18:33,,0,,,
ph1_already_good_c764d9ff00,already_good,https://commons.wikimedia.org/wiki/File:Neuville-sur-Sa%C3%B4ne_-_Quai_Pasteur_-_Station_V%C3%A9lo%27v_34001.jpg,https://upload.wikimedia.org/wikipedia/commons/6/6c/Neuville-sur-Sa%C3%B4ne_-_Quai_Pasteur_-_Station_V%C3%A9lo%27v_34001.jpg,https://pd12m.s3.us-west-2.amazonaws.com/images/5a394847-809a-549c-a05a-2f55ce407c09.jpeg,CC0,http://creativecommons.org/publicdomain/zero/1.0/deed.en,Romainbehar,c764d9ff00d604db8c232835b6ad4b3bebf91c32,c5c2c0d87437e654b47a5c949e48e8e49e2faedf1a2afe580ff58e5d5efcc875,4294333,2f3ada469e72fbf1c41b9a09507a851b5491c14198cad949dfa03f5ba818f803,Samsung,SM-J500FN,True,2020:01:01 11:37:43,,0,,,
ph1_already_good_dedd60d7ac,already_good,https://commons.wikimedia.org/wiki/File:2020-03-27_17.25.46_%EA%B3%BC%EC%B2%9C%EC%8B%9C_%ED%96%A5%EC%B4%8C%EA%B8%B8_57-15_%EB%8B%A4%EC%84%B8%EB%8C%80%EC%A3%BC%ED%83%9D_%EC%A7%80%EB%B0%98%EA%B3%B5%EC%82%AC.jpg,https://upload.wikimedia.org/wikipedia/commons/0/0e/2020-03-27_17.25.46_%EA%B3%BC%EC%B2%9C%EC%8B%9C_%ED%96%A5%EC%B4%8C%EA%B8%B8_57-15_%EB%8B%A4%EC%84%B8%EB%8C%80%EC%A3%BC%ED%83%9D_%EC%A7%80%EB%B0%98%EA%B3%B5%EC%82%AC.jpg,https://pd12m.s3.us-west-2.amazonaws.com/images/5c9c2996-cf5d-55c8-b39a-d884c9a4a85a.jpeg,CC0,http://creativecommons.org/publicdomain/zero/1.0/deed.en,Choi Kwang-mo,dedd60d7ac53992cb8b3a2194e7f960ecd7f701a,5462785aa7b6fe14b7bd06c34a208c8bf85033175083e1dc99ecf5ab218dbc3a,3854104,1e6db35076c8407296ce2836f3b366a220db66da7f50afba3e84eb29d5a02cf3,Apple,iPhone X,True,2020:03:27 17:25:46,,0,,,
ph1_already_good_1a3ab12863,already_good,"https://commons.wikimedia.org/wiki/File:Peete_Street_Steps,_Over-the-Rhine,_Cincinnati,_OH_(32646186137).jpg",https://upload.wikimedia.org/wikipedia/commons/7/7d/Peete_Street_Steps%2C_Over-the-Rhine%2C_Cincinnati%2C_OH_%2832646186137%29.jpg,https://pd12m.s3.us-west-2.amazonaws.com/images/3ca9202c-36e6-5ad4-8c05-b849c41318b1.jpeg,CC0,http://creativecommons.org/publicdomain/zero/1.0/deed.en,"Warren LeMay from Cincinnati, OH, United States",1a3ab12863022f3db817b5b6e8ab4e5ab920c748,a52ce91734507777de8a6d98b9297c6a68f2209d74ba00f9845e84802bbcb238,6573507,c517835d872f59eb0c7d0b115eda3f43326c3645c94cc45d0102e950406d6a39,Apple,iPhone 8,True,2019:03:31 16:16:57,,0,,,
ph1_already_good_bd8b1fced5,already_good,"https://commons.wikimedia.org/wiki/File:The_Traveler_Building,_1020_Saint_Paul_Street,_Baltimore,_MD_21202_(33947293730).jpg",https://upload.wikimedia.org/wikipedia/commons/9/98/The_Traveler_Building%2C_1020_Saint_Paul_Street%2C_Baltimore%2C_MD_21202_%2833947293730%29.jpg,https://pd12m.s3.us-west-2.amazonaws.com/images/706a148e-9dfa-5985-8ea5-03a0d605dc09.jpeg,CC0,http://creativecommons.org/publicdomain/zero/1.0/deed.en,"Baltimore Heritage from Baltimore, MD, USA",bd8b1fced5462d0da58ddac0bf6963d03a33c865,29f9d08ff17f5afd0f1a33691de58bdad0d97370cc822313f863394eeaad9501,2726358,a5e4ecfbe0aa1cd44177c510ad0f36e558f984936bf83db8693e647c1119b0a1,Apple,iPhone 7,True,2017:04:27 08:43:11,,0,,,
ph1_already_good_9d65d05c4c,already_good,https://commons.wikimedia.org/wiki/File:SZ_%E6%B7%B1%E5%9C%B3_Shenzhen_%E7%A6%8F%E7%94%B0_Futian_%E8%8F%AF%E5%BC%B7%E5%8C%97_Huaqiang_North_February_2024_R12S_865.jpg,https://upload.wikimedia.org/wikipedia/commons/7/7f/SZ_%E6%B7%B1%E5%9C%B3_Shenzhen_%E7%A6%8F%E7%94%B0_Futian_%E8%8F%AF%E5%BC%B7%E5%8C%97_Huaqiang_North_February_2024_R12S_865.jpg,https://pd12m.s3.us-west-2.amazonaws.com/images/e895baf4-8c67-5881-83f4-121e8279f779.jpeg,CC0,http://creativecommons.org/publicdomain/zero/1.0/deed.en,MISZIE BEI WANGUIM,9d65d05c4c217c0cb3d8bd643a7b0353db5f014d,0fa6d0f82767adb2a4739ea5c09142cdaeb7980de7d6368eb11cd6dc836bb4e9,3288071,46d0a97809b8448052b17b42bfd63f4b464f8b9108bff7868ca2e7b8f60b9dc5,Xiaomi,23030RAC7Y,True,2024:02:05 14:24:43,,0,,,
ph1_already_good_979f095ff4,already_good,"https://commons.wikimedia.org/wiki/File:Construction,_SW_corner_of_Ontario_and_Queen,_2023_05_15_(52901415625).jpg",https://upload.wikimedia.org/wikipedia/commons/f/fe/Construction%2C_SW_corner_of_Ontario_and_Queen%2C_2023_05_15_%2852901415625%29.jpg,https://pd12m.s3.us-west-2.amazonaws.com/images/f3b08e0c-aab1-5a70-9f4b-46e9bf014f25.jpeg,CC0,http://creativecommons.org/publicdomain/zero/1.0/deed.en,"Geo Swan from Toronto, Canada",979f095ff49d373a7f1c837817e7980177ffdd75,b853415233522d25b6b8d8a14bb3baa455139e8aa727758c4fda56e9555cbcd1,3207752,97950f6612c10ddf9dcaeb4abac561bf9faa6bcd4e72420e1fa45af53981d42d,Google,Pixel 6 Pro,True,2023:05:15 15:44:41,,0,,,
ph1_already_good_684bbd309e,already_good,https://commons.wikimedia.org/wiki/File:Stra%C3%9Fenbahnwagen_2806_%22Stadt_G%C3%B6rlitz%22_Dresden.jpg,https://upload.wikimedia.org/wikipedia/commons/f/fd/Stra%C3%9Fenbahnwagen_2806_%22Stadt_G%C3%B6rlitz%22_Dresden.jpg,https://pd12m.s3.us-west-2.amazonaws.com/images/e19901fd-9cf0-568b-91f3-378620374acd.jpeg,CC0,http://creativecommons.org/publicdomain/zero/1.0/deed.en,ubahnverleih,684bbd309ec38581fb249bc9afa70cff43eb9f06,7b9bda0eaeb147f222d00d9093108950f789562b3a89b723b8e719eaa1cfe882,2725721,f82c867362687d123344077d460c28c9858bce75a8aafbfa6b1baaddad280e6e,Apple,iPhone 6,True,2015:06:08 08:15:58,,0,,,
ph1_already_good_5f1ce0f9ca,already_good,https://commons.wikimedia.org/wiki/File:HK_CH_%E4%B8%AD%E7%92%B0_Central_%E5%BE%B7%E8%BC%94%E9%81%93%E4%B8%AD_Des_Voeux_Road_Central_tram_body_ads_%E7%8F%A0%E6%B1%9F%E6%A9%8B%E7%89%8C%E7%94%9F%E6%8A%BD%E9%86%AC%E6%B2%B9_sauce_December_2023_R12S.jpg,https://upload.wikimedia.org/wikipedia/commons/1/1e/HK_CH_%E4%B8%AD%E7%92%B0_Central_%E5%BE%B7%E8%BC%94%E9%81%93%E4%B8%AD_Des_Voeux_Road_Central_tram_body_ads_%E7%8F%A0%E6%B1%9F%E6%A9%8B%E7%89%8C%E7%94%9F%E6%8A%BD%E9%86%AC%E6%B2%B9_sauce_December_2023_R12S.jpg,https://pd12m.s3.us-west-2.amazonaws.com/images/ac3b6703-16c7-56be-bd5f-1e7bb62b255c.jpeg,CC0,http://creativecommons.org/publicdomain/zero/1.0/deed.en,ZhuWahDaSeeMcYanSze,5f1ce0f9caece9c66c6bdaeeee66c1edce48d649,688f1766afd42e65ca7f9aba63576d99226196a159c6f93b037c58aabfd31658,3050970,fd2ced5b2fa8c0fbd2b23511abffd8ff83ae0a109d34fce2d60fe541df036cf7,Xiaomi,23030RAC7Y,True,2023:12:16 10:32:26,,0,,,
ph1_already_good_00c06c10f9,already_good,https://commons.wikimedia.org/wiki/File:Egg_and_spinach_breakfast_omelet.jpg,https://upload.wikimedia.org/wikipedia/commons/d/d4/Egg_and_spinach_breakfast_omelet.jpg,https://pd12m.s3.us-west-2.amazonaws.com/images/762a5b59-4027-5eef-9744-7170c58806ab.jpeg,CC0,http://creativecommons.org/publicdomain/zero/1.0/deed.en,Kurt Kaiser,00c06c10f9fd838c0834b7b8c3645bfaadf52751,fb229865c12286fc5531c9bd2c736d50a026783347428a9fbf3a56d68fed865b,4713797,2e11d1a3626626202efcd3f6d472a3f15576f9dd886706bb937699ccbf68485e,OnePlus,ONEPLUS A6013,True,2020:01:25 10:56:20,,0,,,
ph1_already_good_948ebb984e,already_good,"https://commons.wikimedia.org/wiki/File:Pra%C5%BEsk%C3%A1,_Prosetice.JPG",https://upload.wikimedia.org/wikipedia/commons/5/59/Pra%C5%BEsk%C3%A1%2C_Prosetice.JPG,https://pd12m.s3.us-west-2.amazonaws.com/images/a4aa5e82-5e0f-5267-8c69-4e7dcaa0442d.jpeg,CC0,http://creativecommons.org/publicdomain/zero/1.0/deed.en,Takmocsekretovanej!,948ebb984e41a744b3c6de9712236b31d7dab289,5cd2a3cfa13c98ca12bfb34bc5632eaf05c4cb9ac0dd44b4dbdc88e1ec8ff08b,1863282,b4af60befdbc3ab980b8a4cdd411269dfef2c9bbc9391e8d0aedbd5275b68b20,Samsung,SAMSUNG ES15 / VLUU ES15 / SAMSUNG SL30,True,2012:03:07 17:09:20,,0,,,
ph1_already_good_954340d8f8,already_good,https://commons.wikimedia.org/wiki/File:Saint-Maurice_d%27Ard%C3%A8che_-_Maison_en_ruine.jpg,https://upload.wikimedia.org/wikipedia/commons/8/84/Saint-Maurice_d%27Ard%C3%A8che_-_Maison_en_ruine.jpg,https://pd12m.s3.us-west-2.amazonaws.com/images/ddab4bab-8e4f-58a6-8c68-bbee96b0d30d.jpeg,CC0,http://creativecommons.org/publicdomain/zero/1.0/deed.en,Romainbehar,954340d8f8bc625c893151a00691ea08964ea5f1,1b042cfaf1fd31b9db7da5b81f62c11b4a50e4d764d0df0d532b9188929963c6,6229027,2d4e73a063ac8bd8dbc09d5edd029a0a4b1f167c488589560c45bca36ff94dc8,Samsung,SM-J500FN,True,2018:05:11 10:38:37,,0,,,
ph1_already_good_c95106af86,already_good,https://commons.wikimedia.org/wiki/File:N%C3%A1dra%C5%BE%C3%AD_Hole%C5%A1ovice_a_okol%C3%AD_20230502_071111.jpg,https://upload.wikimedia.org/wikipedia/commons/7/70/N%C3%A1dra%C5%BE%C3%AD_Hole%C5%A1ovice_a_okol%C3%AD_20230502_071111.jpg,https://pd12m.s3.us-west-2.amazonaws.com/images/e615d667-5024-5be7-8743-d077e2415bf1.jpeg,CC0,http://creativecommons.org/publicdomain/zero/1.0/deed.en,01x07x2022000,c95106af868618004597db1152eba19070cee30f,2da9db434962b8a92310d58c69125fa649df054ff768f08882d2c404b2848e25,5780093,fa1682e3be1dbe63e5dcf2987bd740c4a84a461c2dd2d121693f6c870cb596aa,Samsung,SM-A750FN,True,2023:05:02 07:11:11,,0,,,
ph1_already_good_aec8174876,already_good,https://commons.wikimedia.org/wiki/File:Dodge_RAM_(50918677067).jpg,https://upload.wikimedia.org/wikipedia/commons/1/1f/Dodge_RAM_%2850918677067%29.jpg,https://pd12m.s3.us-west-2.amazonaws.com/images/b05069b6-ca6f-5b74-a60e-24fb9579e822.jpeg,CC0,http://creativecommons.org/publicdomain/zero/1.0/deed.en,crash71100,aec8174876ad76917d53413a9bbc7248e30c2714,2b36a50336869023e570598f03f544ad68c8b9b7731d03b0cb0ddcc55bb98125,1431995,d75f594604b7f993fcd99a7e8906164fa79a67fa399c5ba46c9b4cb6519eb3e6,Huawei,CLT-L29,True,2020:02:01 14:30:41,,0,,,
ph1_already_good_f65f9ac58e,already_good,https://commons.wikimedia.org/wiki/File:Image_d%27Arm%C3%A9nie_en_juillet_2017_-_48.JPG,https://upload.wikimedia.org/wikipedia/commons/d/d3/Image_d%27Arm%C3%A9nie_en_juillet_2017_-_48.JPG,https://pd12m.s3.us-west-2.amazonaws.com/images/0b29de5e-3af0-5dba-9657-1c1913ddc9df.jpeg,CC0,http://creativecommons.org/publicdomain/zero/1.0/deed.en,Benoît Prieur,f65f9ac58eb473adcf64ed55159aa85cef7f1c89,e08a523ebf4a5d1d6091c97a7678eafa3b79bb4ae346a29d9c773df51438cf2a,3435230,3f6dd5a429dc69721915f89eff8847a40849193a01a5b8a5eea63be148cfae78,Apple,iPhone 7,True,2017:07:25 11:50:01,,0,,,
ph1_already_good_a7145f69da,already_good,https://commons.wikimedia.org/wiki/File:Kr%C5%A1an_2017_24.jpg,https://upload.wikimedia.org/wikipedia/commons/7/71/Kr%C5%A1an_2017_24.jpg,https://pd12m.s3.us-west-2.amazonaws.com/images/45ac21f0-f4c1-559e-a0ae-89903bc36285.jpeg,CC0,http://creativecommons.org/publicdomain/zero/1.0/deed.en,SIG SG 510,a7145f69dae47e6e0f4673d2863248b9934379d7,9dcee59a6385119f91ad1d6f36c40dee98d3319416093fa1a3ef3466ea616c4d,3893143,57df67745cbf8aafc7770d2235fdd850179768a71f1118dee1ae54ae0835e865,Huawei,PRA-LX1,True,2017:09:04 10:35:49,,0,,,
ph1_already_good_3b44bba7f1,already_good,"https://commons.wikimedia.org/wiki/File:SES_ILLETES-MAJORKA,_AB-023.jpg",https://upload.wikimedia.org/wikipedia/commons/2/2f/SES_ILLETES-MAJORKA%2C_AB-023.jpg,https://pd12m.s3.us-west-2.amazonaws.com/images/27c732db-23a8-58b1-993a-d999f9e73b0f.jpeg,CC0,http://creativecommons.org/publicdomain/zero/1.0/deed.en,Antekbojar,3b44bba7f11e0b7c49f0a1013778124406194225,0caa28627ac094eb7705c8c139e363b9346118a2bd3666f554b3b256068cc66e,3161110,113819fa9061b1d7d15303d3e5178074c958e0543dba16434fed7e6f18ce7537,Samsung,SAMSUNG WB110/ SAMSUNG WB111,True,2019:05:31 13:08:48,,0,,,
ph1_already_good_f0e8cc9d82,already_good,https://commons.wikimedia.org/wiki/File:%D0%91%D0%B0%D1%82%D0%B0%D0%B9%D1%81%D0%BA-%D0%9A%D0%B0%D1%88%D1%82%D0%B0%D0%BD.jpg,https://upload.wikimedia.org/wikipedia/commons/5/58/%D0%91%D0%B0%D1%82%D0%B0%D0%B9%D1%81%D0%BA-%D0%9A%D0%B0%D1%88%D1%82%D0%B0%D0%BD.jpg,https://pd12m.s3.us-west-2.amazonaws.com/images/4c51f2bc-f703-5e8b-9692-682f13b2e627.jpeg,CC0,http://creativecommons.org/publicdomain/zero/1.0/deed.en,GennadyL,f0e8cc9d82332969feaa8843e5e4c3a349c0c1c5,676d01bbe40a29409b1619845e62921f92b163ce2b1d7d7ecc61c5f74fc24293,3613996,90b0bec603a9219e352d26867ed0bda01921b2caa41efa54001f8d1244682a6e,Huawei,FLA-LX1,True,2022:05:08 19:39:16,,0,,,
ph1_already_good_65a0c5e142,already_good,"https://commons.wikimedia.org/wiki/File:Arles_-_%C3%89glise_du_couvent_des_Cordeliers,_fa%C3%A7ade_est.jpg",https://upload.wikimedia.org/wikipedia/commons/6/60/Arles_-_%C3%89glise_du_couvent_des_Cordeliers%2C_fa%C3%A7ade_est.jpg,https://pd12m.s3.us-west-2.amazonaws.com/images/fdafdc1a-5f9a-50b1-bace-90f07ec8728c.jpeg,CC0,http://creativecommons.org/publicdomain/zero/1.0/deed.en,Romainbehar,65a0c5e142b83484d1b8a3927ac9d43d2342864c,d2ed98aa942d7b188dbb304daa20a6726f18a306366e12b6ae182ddbe6ec8ef7,4998542,eed635c14d383ebd8c7d7a420d7ee35f087983b46b57bdb2e2eeb8f113ee9a3b,Samsung,SM-J500FN,True,2019:04:13 12:34:10,,0,,,
ph1_already_good_272c78a1e1,already_good,https://commons.wikimedia.org/wiki/File:Praha_-_Hole%C5%A1ovice_20221107_160110.jpg,https://upload.wikimedia.org/wikipedia/commons/e/e9/Praha_-_Hole%C5%A1ovice_20221107_160110.jpg,https://pd12m.s3.us-west-2.amazonaws.com/images/fc2419f7-03f5-584d-b395-af45f063ac08.jpeg,CC0,http://creativecommons.org/publicdomain/zero/1.0/deed.en,01x07x2022000,272c78a1e15b8327ed47d2346365e08565d382dc,b4920efa65268a6634f50583324352fb8c65c27c60de690040576050c17df30a,5493968,a35c5263c0e3496fd7c85055c863f3897820e16133b748d269b10671b842a347,Samsung,SM-A750FN,True,2022:11:07 16:01:10,,0,,,
ph1_already_good_9994e12a83,already_good,https://commons.wikimedia.org/wiki/File:20200718_182234_unidentified_places_items_in_south_korea_IMG_4557.jpg,https://upload.wikimedia.org/wikipedia/commons/e/e1/20200718_182234_unidentified_places_items_in_south_korea_IMG_4557.jpg,https://pd12m.s3.us-west-2.amazonaws.com/images/f83c357e-2831-5ac2-ab26-e87c57326a9f.jpeg,CC0,http://creativecommons.org/publicdomain/zero/1.0/deed.en,Choi Kwang-mo,9994e12a83f643f95feba45767e0fa75f4951579,3a71d9263e93bbcb3516cb6df7d3e58c68ba65e774f6fbbeb1b755f6f61ec9fd,2871787,b0b07852a56c1513cabce5ded342f4163e37da6f1e747abfc529846aaf664ad7,Apple,iPhone X,True,2020:07:19 12:22:34,,0,,,
ph1_already_good_7f993637dd,already_good,https://commons.wikimedia.org/wiki/File:Chadwick_Arboretum_and_Learning_Gardens_(37966177441).jpg,https://upload.wikimedia.org/wikipedia/commons/5/5e/Chadwick_Arboretum_and_Learning_Gardens_%2837966177441%29.jpg,https://pd12m.s3.us-west-2.amazonaws.com/images/ba159ef0-e6b1-538d-9fe0-8024c10c4573.jpeg,CC0,http://creativecommons.org/publicdomain/zero/1.0/deed.en,Dan Keck from Ohio,7f993637dd8b01c2ead596c285b3c2eccaa7fe84,5ad398b79c11e53870acfa13ad891a5975dea1f76401ed1ce4469fc72221dc6d,3478198,0ae4237a2f148d16644822d40c74cfe5568fee4429b589082182626d0f3b8fd5,Samsung,SM-G930V,True,2017:10:26 12:44:07,,0,,,
ph1_already_good_025659430f,already_good,https://commons.wikimedia.org/wiki/File:Emeryville_Marina_Park_3.jpg,https://upload.wikimedia.org/wikipedia/commons/b/bf/Emeryville_Marina_Park_3.jpg,https://pd12m.s3.us-west-2.amazonaws.com/images/d6ee69ce-1969-5eda-9f85-9b55dfcfc95d.jpeg,CC0,http://creativecommons.org/publicdomain/zero/1.0/deed.en,Mx. Granger,025659430fc3c2c8099ae5b8d85d59c5b8233470,ad4d164b9f8a5d8e10723721b80497ea43c6eace8cc1bd299331be50c284e5fc,5459681,8adbc8e40d8bf679155a520c8bca4e560b92c92c9d6f648e127938b2a57a2f5e,Google,Pixel 7a,True,2023:12:11 14:01:39,,0,,,
ph1_already_good_b22425f99b,already_good,"https://commons.wikimedia.org/wiki/File:85_Ditchling_Road,_Brighton.jpg",https://upload.wikimedia.org/wikipedia/commons/c/cc/85_Ditchling_Road%2C_Brighton.jpg,https://pd12m.s3.us-west-2.amazonaws.com/images/99f258f3-cd3a-5c1a-8a5c-b479c028161f.jpeg,CC0,http://creativecommons.org/publicdomain/zero/1.0/deed.en,Andy Li,b22425f99b917363451959781525e4f4e09de849,e5b8ad15df425a40a83959f0b1e6772a9f75deedf826b364ed2c7f4fb9b3e016,4732385,c432f00e679a9fd27d877d336a5690349cc31dcde527a6a46d7332562dbe7b18,Samsung,SM-G9650,True,2023:04:07 14:21:59,,0,,,
ph1_already_good_c32fdcdfd6,already_good,https://commons.wikimedia.org/wiki/File:Three_Creeks_Metro_Park_(27949128817).jpg,https://upload.wikimedia.org/wikipedia/commons/a/ac/Three_Creeks_Metro_Park_%2827949128817%29.jpg,https://pd12m.s3.us-west-2.amazonaws.com/images/f1f94872-b291-56ee-a7db-9745235a7b13.jpeg,CC0,http://creativecommons.org/publicdomain/zero/1.0/deed.en,Dan Keck from Ohio,c32fdcdfd6a51d6996db143e09db499e87b97229,110de2a91aac57ee135910e91e06d79766e4393f66f84f3f4964d26384801bd3,3582479,073f64439a951c05cc380c7c209879186224adf09651e2886afb430ad353d482,Samsung,SM-G930V,True,2018:06:14 07:23:33,,0,,,
ph1_already_good_735d360fc5,already_good,https://commons.wikimedia.org/wiki/File:%D0%91%D1%8E%D1%81%D1%82_%D0%BD%D0%B0_%D0%BC%D1%80%D0%B0%D0%BC%D0%BE%D1%80%D0%BD%D0%BE%D0%BC_%D0%BF%D0%BE%D1%81%D1%82%D0%B0%D0%BC%D0%B5%D0%BD%D1%82%D0%B5_%D0%BD%D0%B0_%D0%BC%D0%BE%D0%B3%D0%B8%D0%BB%D0%B5_%D0%A5%D0%B2%D0%BE%D1%81%D1%82%D0%BE%D0%B2%D0%B0_%D0%9F%D0%B0%D0%B2%D0%BB%D0%B0_%D0%9D%D0%B8%D0%BA%D0%B8%D1%82%D0%BE%D0%B2%D0%B8%D1%87%D0%B0_1.jpg,https://upload.wikimedia.org/wikipedia/commons/d/dc/%D0%91%D1%8E%D1%81%D1%82_%D0%BD%D0%B0_%D0%BC%D1%80%D0%B0%D0%BC%D0%BE%D1%80%D0%BD%D0%BE%D0%BC_%D0%BF%D0%BE%D1%81%D1%82%D0%B0%D0%BC%D0%B5%D0%BD%D1%82%D0%B5_%D0%BD%D0%B0_%D0%BC%D0%BE%D0%B3%D0%B8%D0%BB%D0%B5_%D0%A5%D0%B2%D0%BE%D1%81%D1%82%D0%BE%D0%B2%D0%B0_%D0%9F%D0%B0%D0%B2%D0%BB%D0%B0_%D0%9D%D0%B8%D0%BA%D0%B8%D1%82%D0%BE%D0%B2%D0%B8%D1%87%D0%B0_1.jpg,https://pd12m.s3.us-west-2.amazonaws.com/images/87933377-a91c-54eb-9de5-3da8d7ee8515.jpeg,CC0,http://creativecommons.org/publicdomain/zero/1.0/deed.en,Бутывский Дмитрий,735d360fc5775bca3eb61cfbb0170322791b563a,6aa3f5eba86ea159988bbcbf93e989f14cb7a26209b8e03bd4781ef9c6c3c26c,6140916,3abbf05521ac3eac96ad23ec8403932ee0c425634fbd1b005e683b20154a0357,Huawei,TRT-LX1,True,,,1,-116.6,MST 8-10 (prov.),
ph1_already_good_3e6ece32aa,already_good,https://commons.wikimedia.org/wiki/File:Biserica_Lipoveneasc%C4%83_Veche.jpg,https://upload.wikimedia.org/wikipedia/commons/4/4a/Biserica_Lipoveneasc%C4%83_Veche.jpg,https://pd12m.s3.us-west-2.amazonaws.com/images/0b70b4dd-6a89-5fc0-aa08-b454ad7d091f.jpeg,CC0,http://creativecommons.org/publicdomain/zero/1.0/deed.en,Bogdan29roman,3e6ece32aa9652f9e91a552766646e9a81eeb5e8,2edcace84970c5a71326eb233d66bb4f86326731d87eeb7b136a536f5c890175,1071283,f429493cba3a05b4240565417a12637575583d21cd9cd8dc39f284cd56fb2468,Motorola,Motorola VE66 655554ba141b15090909090909090909,True,2012:01:22 14:38:01,,0,,,
ph1_already_good_68ea32b2c9,already_good,https://commons.wikimedia.org/wiki/File:20200806_164456_things_places_in_south_korea_IMG_9608.jpg,https://upload.wikimedia.org/wikipedia/commons/1/11/20200806_164456_things_places_in_south_korea_IMG_9608.jpg,https://pd12m.s3.us-west-2.amazonaws.com/images/3a7e557b-7b2a-5a61-a1fc-db5ab5b88790.jpeg,CC0,http://creativecommons.org/publicdomain/zero/1.0/deed.en,Choi Kwang-mo,68ea32b2c97f3119b8c10d0888fb536d1bee6a35,b3bdc8357071721df166822ef66556b34f5687e34e42bf6068a0c144a61afce1,2584416,54560236baff0cb5184c003e94a8769a3dfc5d66eb3547bb536a291061158935,Apple,iPhone X,True,2020:08:07 10:44:57,,0,,,
ph1_already_good_cab9eba985,already_good,https://commons.wikimedia.org/wiki/File:French_Enduro_Championship_2018_(4th_stage)_-_9.JPG,https://upload.wikimedia.org/wikipedia/commons/b/ba/French_Enduro_Championship_2018_%284th_stage%29_-_9.JPG,https://pd12m.s3.us-west-2.amazonaws.com/images/7be47667-f2e7-53cc-95a8-55966b7fd1b0.jpeg,CC0,http://creativecommons.org/publicdomain/zero/1.0/deed.en,Benoît Prieur,cab9eba985e54339a56029dbd5e5fec438c22325,1afdb4f8743424d3b8816a820eae80a9b4f38e8eb3cf99cef222b8035b5a7cfc,5849776,bd73db72eb81f1324f7816aeaa9cbc1dd16acb78215dc9be67a0a912ee59f8f6,Apple,iPhone 7,True,2018:07:22 10:37:03,,0,,,
ph1_already_good_396c510bfa,already_good,https://commons.wikimedia.org/wiki/File:Bus_l%C3%ADnea_173_EMT_Madrid.jpg,https://upload.wikimedia.org/wikipedia/commons/a/a3/Bus_l%C3%ADnea_173_EMT_Madrid.jpg,https://pd12m.s3.us-west-2.amazonaws.com/images/2d012f08-3a59-547c-a9f8-fc7f9b14eed7.jpeg,CC0,http://creativecommons.org/publicdomain/zero/1.0/deed.en,Snooze123,396c510bfa8d52dca32e49ec320b323e48b87da4,c5dc06b0b9d1720f59491cab94a8c06c217f301af3eeb5b7237b0351f8928ed7,1485438,7e8c1fcd3cfb0a7778174d4de78ca2ee122b0306560fe8c75d865b37d040c35a,Motorola,moto g(6),True,,,0,,,
ph1_already_good_a7460eaca1,already_good,"https://commons.wikimedia.org/wiki/File:Valley_Park,_Camp_Washington,_Cincinnati,_OH_(48905358487).jpg",https://upload.wikimedia.org/wikipedia/commons/3/33/Valley_Park%2C_Camp_Washington%2C_Cincinnati%2C_OH_%2848905358487%29.jpg,https://pd12m.s3.us-west-2.amazonaws.com/images/f3334bf7-6ec6-52b4-84aa-1dd01f9dcf18.jpeg,CC0,http://creativecommons.org/publicdomain/zero/1.0/deed.en,"Warren LeMay from Cullowhee, NC, United States",a7460eaca177e9ab6f5837467fe3709b388c66b5,0aaed992c559935581bfa133fbbd39a7e26af11fdc1ec03f2cd44799bc8ed3c6,6553346,38449fb92113db187886b000feb7522e8e888eca4e3fd7312ef7a0cf7119d04f,Apple,iPhone 8,True,2019:08:28 16:04:26,,0,,,
ph1_already_good_eb790fd443,already_good,https://commons.wikimedia.org/wiki/File:MD.IL.Ruse%C8%99tii_Noi_-_Biserica_%E2%80%9ESf._Arhangheli_Mihail_%C8%99i_Gavriil%E2%80%9D_-_aug_2022_-_06.jpg,https://upload.wikimedia.org/wikipedia/commons/b/bb/MD.IL.Ruse%C8%99tii_Noi_-_Biserica_%E2%80%9ESf._Arhangheli_Mihail_%C8%99i_Gavriil%E2%80%9D_-_aug_2022_-_06.jpg,https://pd12m.s3.us-west-2.amazonaws.com/images/af906449-f9b2-51b7-9200-4bc98d64eb6e.jpeg,CC0,http://creativecommons.org/publicdomain/zero/1.0/deed.en,Gikü,eb790fd443c89f303e3cbf73dd7b212bddf0a0ac,9c1c122176119d34d587eab5170893ca654350b26b2a04532d29a70750b3cdb9,3924516,1a548bff81c3274b4513110c8e10803b15643a32af2ea0acdc6651e1c8091ab2,Samsung,SM-M315F,True,2022:08:21 14:58:24,,0,,,
ph1_already_good_c49bcbed66,already_good,"https://commons.wikimedia.org/wiki/File:15_Scadding,_2023_05_30_(52939250574).jpg",https://upload.wikimedia.org/wikipedia/commons/9/9e/15_Scadding%2C_2023_05_30_%2852939250574%29.jpg,https://pd12m.s3.us-west-2.amazonaws.com/images/a50513e5-9a43-5aaa-8f10-7f17047b9b8c.jpeg,CC0,http://creativecommons.org/publicdomain/zero/1.0/deed.en,"Geo Swan from Toronto, Canada",c49bcbed66e9a0ebfa95cd9aadb3aebcd3eadada,5b81e23eaa067ac619464abe588c9d679d6bb2315c3eb3ec324485b088eba3f9,3347493,6e6c435df174f59eb7f94a21f1e835967c4c39a3b6386dcfb71c9fdcc5d43ea8,Google,Pixel 6 Pro,True,2023:05:30 19:57:12,,0,,,
ph1_already_good_188edcd338,already_good,"https://commons.wikimedia.org/wiki/File:Old_Christian_Moerlein_Brewery,_Over-the-Rhine,_Cincinnati,_OH_(40608266243).jpg",https://upload.wikimedia.org/wikipedia/commons/4/44/Old_Christian_Moerlein_Brewery%2C_Over-the-Rhine%2C_Cincinnati%2C_OH_%2840608266243%29.jpg,https://pd12m.s3.us-west-2.amazonaws.com/images/d39b798f-fa1c-5389-914b-2fdedbe924de.jpeg,CC0,http://creativecommons.org/publicdomain/zero/1.0/deed.en,"Warren LeMay from Cincinnati, OH, United States",188edcd33875df9259ef0ad63bdf2d5cd648b980,4e5737c88e194586f80c8a1b1a30797b39ea17435e3bee0a79ca2811b9938f69,4047138,cecf70e59c11ad2470048c658f220aa3b57e1196a918452fb82fca88a8cbc9ed,Apple,iPhone 8,True,2019:03:31 17:58:24,,0,,,
ph1_already_good_e5d897d9bb,already_good,https://commons.wikimedia.org/wiki/File:20230524_154752_May_2023_in_Bia%C5%82ystok.jpg,https://upload.wikimedia.org/wikipedia/commons/0/0f/20230524_154752_May_2023_in_Bia%C5%82ystok.jpg,https://pd12m.s3.us-west-2.amazonaws.com/images/cddd4c34-00ca-5226-82cc-fff739d36320.jpeg,CC0,http://creativecommons.org/publicdomain/zero/1.0/deed.en,Rakoon,e5d897d9bbd322a26516c89ba315a954f9cf8de4,1e7b19be6c97a1404498c1f3ab99d2bd3a1a2f7a400aa0fff18787f14449f36d,3588786,65e788b46f6c53fb2f72b5f37f95520c9a8aac7c66095544bac2513414e88c7f,Samsung,Galaxy A54 5G,True,2023:05:24 15:47:52,,0,,,
ph1_already_good_d304082d76,already_good,https://commons.wikimedia.org/wiki/File:20210524_135151_May_2021_in_Bia%C5%82ystok.jpg,https://upload.wikimedia.org/wikipedia/commons/c/cc/20210524_135151_May_2021_in_Bia%C5%82ystok.jpg,https://pd12m.s3.us-west-2.amazonaws.com/images/66ca1871-28c8-5e65-a40a-fcf4f7fc1e52.jpeg,CC0,http://creativecommons.org/publicdomain/zero/1.0/deed.en,Rakoon,d304082d76de4edb64c0f3cd327314a3708a2029,7aecd7652f539cd1fa8e673d95d23515470bbf14f11e59f77c9538cbe93936fe,6034749,f47cdddce6c2d3ec6193dbcad678a773ffa4a210553edaf8e2884dade2e2c562,Samsung,SM-A720F,True,2021:05:24 13:51:51,,0,,,
ph1_already_good_cbb68f14bd,already_good,https://commons.wikimedia.org/wiki/File:20220501_133010_May_2022_in_Poland.jpg,https://upload.wikimedia.org/wikipedia/commons/a/ad/20220501_133010_May_2022_in_Poland.jpg,https://pd12m.s3.us-west-2.amazonaws.com/images/81e7e568-c0f7-5b55-9f83-1c08e1ca2284.jpeg,CC0,http://creativecommons.org/publicdomain/zero/1.0/deed.en,Rakoon,cbb68f14bd98421bc01c025feae17c94ac74bdfa,53d3b6d469fa02a1d9e6107aa06a2afbf1f567520b8b62160d128fd680829603,3708070,64dcb8e189baf7110b41c95fdac4bfaddfb002d16646ae4552737ceca1a29c83,Samsung,SM-A720F,True,2022:05:01 13:30:10,,0,,,
ph1_already_good_bae4bd0a31,already_good,https://commons.wikimedia.org/wiki/File:Borgo_Virgilio_(MN)_-_frazione_Borgoforte_-_chiesa_di_San_Giovanni_Battista_-_portale.jpg,https://upload.wikimedia.org/wikipedia/commons/f/fc/Borgo_Virgilio_%28MN%29_-_frazione_Borgoforte_-_chiesa_di_San_Giovanni_Battista_-_portale.jpg,https://pd12m.s3.us-west-2.amazonaws.com/images/975a3ab0-4b7c-54f5-bb3d-35524d034cd7.jpeg,CC0,http://creativecommons.org/publicdomain/zero/1.0/deed.en,SIG SG 510,bae4bd0a31227569793d568e6a59314e1c67e418,156daab0fd6d990439a67468b461fabe34e44f078516d39e5f288f598b4f5caa,2147179,094a53fa1ac2f825ec3fd032596c3aee72d64f99cc3b5565bc6b2fed96a09f57,ZTE,ZTE Blade A452,True,2017:04:16 10:27:12,,0,,,
ph1_already_good_4a2c870220,already_good,https://commons.wikimedia.org/wiki/File:Kanal_Saaleaue_vonS.jpg,https://upload.wikimedia.org/wikipedia/commons/9/96/Kanal_Saaleaue_vonS.jpg,https://pd12m.s3.us-west-2.amazonaws.com/images/cc005922-b596-5d0e-84f6-68cf21100156.jpeg,CC0,http://creativecommons.org/publicdomain/zero/1.0/deed.en,Catatine,4a2c8702208c54e1464cc67c8facbe8821b4c426,831d13f6efa9ef9a3fe59b54b05acb25f10bbe5eaee2a4df38214011e32e18fa,6195349,098a72ebe3801706cf70c837b86d014636e1d189e8bd53e2a33dee45a60aa3ce,Samsung,SM-A405FN,True,2020:12:14 14:11:14,,0,,,
ph1_already_good_ad9e9341e6,already_good,"https://commons.wikimedia.org/wiki/File:Budapest,_Nyugati_p%C3%A1lyaudvar,_villamos,_15.jpg",https://upload.wikimedia.org/wikipedia/commons/0/04/Budapest%2C_Nyugati_p%C3%A1lyaudvar%2C_villamos%2C_15.jpg,https://pd12m.s3.us-west-2.amazonaws.com/images/d988a9e0-205c-5c32-8043-bad8def653d1.jpeg,CC0,http://creativecommons.org/publicdomain/zero/1.0/deed.en,Random photos 1989,ad9e9341e68f54e2d98bced1da457eb323bbced6,a029d5bebcfd603bcd1f68a62a4c4bbcfac36230c4cc18675eab36d30cab3245,2105496,23bc6c3e5020da0be28e4a911c4ce3fc4ec99be4094c2ce70c2728d259264c6c,Huawei,VOG-L29,True,2020:06:27 19:18:35,,0,,,
ph1_already_good_38926711f0,already_good,https://commons.wikimedia.org/wiki/File:%D0%A3%D0%B7%D0%B5%D0%BD%D0%B1%D0%B0%D1%88%D1%81%D0%BA%D0%B8%D0%B9_%D0%BA%D0%B0%D0%BD%D1%8C%D0%BE%D0%BD_2.jpg,https://upload.wikimedia.org/wikipedia/commons/4/41/%D0%A3%D0%B7%D0%B5%D0%BD%D0%B1%D0%B0%D1%88%D1%81%D0%BA%D0%B8%D0%B9_%D0%BA%D0%B0%D0%BD%D1%8C%D0%BE%D0%BD_2.jpg,https://pd12m.s3.us-west-2.amazonaws.com/images/3c260565-dd91-5a90-8e52-a67896190d05.jpeg,CC0,http://creativecommons.org/publicdomain/zero/1.0/deed.en,Kosun,38926711f05d49ea932c87c65f047d6ab2e56b73,ee95b510d74a8afb88d6f2ec4dac8105f136c7e1d51fd59f97a49bd9657d099a,5108106,1b4ceeb97361fcf76ad2ff45cdc97a723317452398f9e92ac8b9e739b26a5be0,Huawei,MRD-LX1F,True,2023:06:08 13:50:04,,0,,,
ph1_already_good_0b82e6d983,already_good,https://commons.wikimedia.org/wiki/File:20220601_150524_June_2022_in_Bia%C5%82ystok.jpg,https://upload.wikimedia.org/wikipedia/commons/6/6b/20220601_150524_June_2022_in_Bia%C5%82ystok.jpg,https://pd12m.s3.us-west-2.amazonaws.com/images/594cc5e7-27b0-5d44-ac78-ee576c8a2103.jpeg,CC0,http://creativecommons.org/publicdomain/zero/1.0/deed.en,Rakoon,0b82e6d9836cdd06b88b9fda18461940d69115f2,1d80c7376783c8596d27528d08f2d269e39d9ebb877af2fa37b4afe40b0a23ce,7264795,7c97cc2f2858838bba288b499d96198f962f512a218aa2626a3bdd44a7640eca,Samsung,SM-A720F,True,2022:06:01 15:05:24,,0,,,
ph1_already_good_3c4671148e,already_good,https://commons.wikimedia.org/wiki/File:Eastbourne_beach_evening.jpg,https://upload.wikimedia.org/wikipedia/commons/f/fd/Eastbourne_beach_evening.jpg,https://pd12m.s3.us-west-2.amazonaws.com/images/0b12e762-5f16-54bb-ac47-81df25af1457.jpeg,CC0,http://creativecommons.org/publicdomain/zero/1.0/deed.en,Andy Li,3c4671148e60048ffc38aa16a584e28950eacd1b,76f4bcad1e825c7c1f3bf724763d646d7ed57635677a00f582fb4ce733beed87,5082302,6e92ca6ef1df49655e408f39cd729d2276f614ff1dc04c76da233e123e9df141,Samsung,SM-G9650,True,2022:11:03 16:14:49,,0,,,
ph1_already_good_40693825ad,already_good,"https://commons.wikimedia.org/wiki/File:Wilkinson_Creek,_North_Carolina.jpg",https://upload.wikimedia.org/wikipedia/commons/0/06/Wilkinson_Creek%2C_North_Carolina.jpg,https://pd12m.s3.us-west-2.amazonaws.com/images/b52c21c2-0dd3-5381-9e82-a6ffb4c625df.jpeg,CC0,http://creativecommons.org/publicdomain/zero/1.0/deed.en,Mx. Granger,40693825ad549ec714befab614135a490f684152,cc61b0971f0fceeea68bea281ebc6d292650193a2ba6a8601d907c73c4119263,3433759,7c635959e42c3c3fc05c34bc0d8231fbeace85e5b6e3dab2b646d1842b355b88,Motorola,moto g(7) power,True,2020:05:25 11:24:18,,0,,,
ph1_already_good_e9a7be4771,already_good,https://commons.wikimedia.org/wiki/File:%D0%A3%D0%B7%D0%B5%D0%BD%D0%B1%D0%B0%D1%88%D1%81%D0%BA%D0%B8%D0%B9_%D0%BA%D0%B0%D0%BD%D1%8C%D0%BE%D0%BD_1.jpg,https://upload.wikimedia.org/wikipedia/commons/b/b2/%D0%A3%D0%B7%D0%B5%D0%BD%D0%B1%D0%B0%D1%88%D1%81%D0%BA%D0%B8%D0%B9_%D0%BA%D0%B0%D0%BD%D1%8C%D0%BE%D0%BD_1.jpg,https://pd12m.s3.us-west-2.amazonaws.com/images/48de9f26-2dab-5c34-893b-29e416f5fadb.jpeg,CC0,http://creativecommons.org/publicdomain/zero/1.0/deed.en,Kosun,e9a7be477185a812b56cbb10a89c6723f6a6cb4a,f807c0f8b8dee05465dabd55881beb75f5ad7d5a398734a5b0e43fab1f0d51b5,4829748,ce70472925ca581d9e95b5123f1b8973d43878e906b2113e013ea774db8de81c,Huawei,MRD-LX1F,True,2023:06:08 13:49:29,,0,,,
ph1_already_good_f548d4cb32,already_good,https://commons.wikimedia.org/wiki/File:Chatov%C3%A1_kolonie_u_B%C3%ADlky_IMG_7719.JPG,https://upload.wikimedia.org/wikipedia/commons/6/65/Chatov%C3%A1_kolonie_u_B%C3%ADlky_IMG_7719.JPG,https://pd12m.s3.us-west-2.amazonaws.com/images/e106cec8-0292-5bbe-8117-7f6225a802f1.jpeg,CC0,http://creativecommons.org/publicdomain/zero/1.0/deed.en,01x07x2022000,f548d4cb32baada3c6638ea7d49aef108196309a,c4d1cdf3687d5f2390c57978c84579acab490ed3dea8bb1dcaaf3b701157e1ed,9903476,0652a16a93ff0ba1569fd786dac94ec9312b56be0004d40af1ecd181891a7666,Apple,iPhone SE (2nd generation),True,2023:11:12 11:12:56,,0,,,
ph1_backlit_7896743298,backlit,"https://commons.wikimedia.org/wiki/File:Sunken_Lounge_Departures_Board,_TWA_Flight_Center,_John_F._Kennedy_International_Airport,_Jamaica,_Queens,_New_York_City,_NY_-_48581397767.jpg",https://upload.wikimedia.org/wikipedia/commons/3/34/Sunken_Lounge_Departures_Board%2C_TWA_Flight_Center%2C_John_F._Kennedy_International_Airport%2C_Jamaica%2C_Queens%2C_New_York_City%2C_NY_-_48581397767.jpg,https://pd12m.s3.us-west-2.amazonaws.com/images/b5dc00fc-974f-5d92-b797-90eb02b33a79.jpeg,CC0,http://creativecommons.org/publicdomain/zero/1.0/deed.en,w_lemay,78967432987c67db1834fbeb71b584e21ecd830b,1f6519fd0318bf1404d8152c3d73b4e85d5bef668edd81d56ac67002529fc64c,2657737,b07021dd019c01fff63e82a25594c9f0516e6d05494763e03b49204564853ca3,Apple,iPhone 8,True,2019:08:03 18:38:50,,0,,,
ph1_backlit_c4349e0f5a,backlit,https://commons.wikimedia.org/wiki/File:Akemvxfoxoyp.jpg,https://upload.wikimedia.org/wikipedia/commons/a/a0/Akemvxfoxoyp.jpg,https://pd12m.s3.us-west-2.amazonaws.com/images/8a011d5b-1d32-5d0f-bc6a-a3a4832a41aa.jpeg,CC0,http://creativecommons.org/publicdomain/zero/1.0/deed.en,Imeao,c4349e0f5a246487c814e378201b7e2e8320ef05,cb66499f15144f05daceab6ec21b55fb4f1280a4935f69327cdec0bf9d9c373b,6877425,3d07164501018e49433512c523a4921868d2f0bdea3fad5bdb20dd65562c9038,Xiaomi,Mi A2 Lite,True,2021:12:18 13:12:45,,0,,,
ph1_backlit_b1d1ba3baf,backlit,https://commons.wikimedia.org/wiki/File:20161129Carduus_acanthoides2.jpg,https://upload.wikimedia.org/wikipedia/commons/2/25/20161129Carduus_acanthoides2.jpg,https://pd12m.s3.us-west-2.amazonaws.com/images/be92ca96-2a9a-5855-8ca2-0bd0552a8a82.jpeg,CC0,http://creativecommons.org/publicdomain/zero/1.0/deed.en,AnRo0002,b1d1ba3bafda1931aec3c75deaf1e344d7d60e9c,8f1ef7ee4aea89271e01a6eaa271ed4c50145524cf8f20af73ca825aed9f5f7f,1135521,916279cf317eeb339cc3bd00dff85697b1c45172f2c77c032d114602ef91bb50,Canon,Canon IXUS 510 HS,False,2016:11:29 15:56:52,,0,,,
ph1_backlit_c4b3d36761,backlit,https://commons.wikimedia.org/wiki/File:20120819Pinus_sylvestris3.jpg,https://upload.wikimedia.org/wikipedia/commons/8/8e/20120819Pinus_sylvestris3.jpg,https://pd12m.s3.us-west-2.amazonaws.com/images/2cd2c106-7d58-537d-b4c6-f5da3a0a33f5.jpeg,CC0,http://creativecommons.org/publicdomain/zero/1.0/deed.en,AnRo0002,c4b3d36761deeb89f1209d91acd534f52542aed5,dfa4bc7ac3f17ed08b9e291191769e4e6917cdfa508bd328cb26c097387abf82,1984576,8476e59d479689c33e08fab30633b60c2bae58d23cf7022ebabcf4159445133f,Canon,Canon PowerShot A1200,False,2012:08:19 15:20:01,,0,,,
ph1_backlit_3cc6759607,backlit,https://commons.wikimedia.org/wiki/File:Washingtonia_x_filibusta_small_01.jpg,https://upload.wikimedia.org/wikipedia/commons/f/fb/Washingtonia_x_filibusta_small_01.jpg,https://pd12m.s3.us-west-2.amazonaws.com/images/6dba9ea8-1987-5a9d-8dea-7c617d2f5d5b.jpeg,CC0,http://creativecommons.org/publicdomain/zero/1.0/deed.en,B137,3cc675960793b935b0bcc50c4eaee18d127393cf,65f5fcf692f9952aa7c0cec3c7d69689c8e7541931fb01ad4e9e18ec562722ea,3424611,e871d4da20ed0e1c7c95349b523a7fa27e045643aba9669a66f68ded921b831a,Samsung,SM-T867V,True,2021:03:03 11:33:56,,0,,,
ph1_backlit_13d16e06aa,backlit,https://commons.wikimedia.org/wiki/File:Shiraoi-upopoy_40.jpg,https://upload.wikimedia.org/wikipedia/commons/1/1c/Shiraoi-upopoy_40.jpg,https://pd12m.s3.us-west-2.amazonaws.com/images/e496f85b-0367-560b-9858-71d569a803ab.jpeg,CC0,http://creativecommons.org/publicdomain/zero/1.0/deed.en,Higa4,13d16e06aa28c0ff4838e99a052039aa100a134e,056acb845b84f2b807afca044d6e59097f59d9c44b4c0212d72e6038340beb1b,1867145,31572de841118ba1c6933c308ed25e33e795e3f43cb7095aafee3974efe2294e,Apple,iPhone SE,True,2020:11:15 15:57:09,,0,,,
ph1_backlit_a09ce60bf1,backlit,https://commons.wikimedia.org/wiki/File:Antarctica_protection_protest_Berlin_2022-05-27_89.jpg,https://upload.wikimedia.org/wikipedia/commons/f/f5/Antarctica_protection_protest_Berlin_2022-05-27_89.jpg,https://pd12m.s3.us-west-2.amazonaws.com/images/d389037c-6264-512a-8776-4228e4fd7e0a.jpeg,CC0,http://creativecommons.org/publicdomain/zero/1.0/deed.en,Leonhard Lenz,a09ce60bf1a60ace37369e7b017c544c9fcba581,5882205c2ee0311b36bfc55b140b62f61bce48179294820ce9fcd0e9d20fc938,16934400,9efc569886bb608a9c13eaa9f6f0a3f5ebd0af023f1edaa49028156a950aaf3e,Panasonic,DC-S1R,False,2022:05:27 13:38:37,,0,,,
ph1_backlit_abe2cd1224,backlit,"https://commons.wikimedia.org/wiki/File:Blue_Impulse_2014,_fly_over_Tokyo_National_Stadium_010.JPG",https://upload.wikimedia.org/wikipedia/commons/1/1a/Blue_Impulse_2014%2C_fly_over_Tokyo_National_Stadium_010.JPG,https://pd12m.s3.us-west-2.amazonaws.com/images/689c49ee-3fc9-5426-893a-8cd6fcc6afcd.jpeg,CC0,http://creativecommons.org/publicdomain/zero/1.0/deed.en,Dɐ,abe2cd122426618a1c6c3d0566d275c1e505d147,a83a105a50dc457c8b181957df6c4691d8850d2c38b0e2bd0c825feadfa44e70,1786105,711a4e68d7ebda9e3367f1db741ac75ed66d399699ce957136499cc439b8337a,FUJIFILM,FinePix S8100fd,False,2014:05:31 17:49:49,,0,,,
ph1_backlit_b0e0ddf5fe,backlit,https://commons.wikimedia.org/wiki/File:20160929Pinus_sylvestris.jpg,https://upload.wikimedia.org/wikipedia/commons/0/0e/20160929Pinus_sylvestris.jpg,https://pd12m.s3.us-west-2.amazonaws.com/images/d7b758e7-c244-5d17-b80e-6be9aeec75c9.jpeg,CC0,http://creativecommons.org/publicdomain/zero/1.0/deed.en,AnRo0002,b0e0ddf5febe6d2a7891d29dda7c5dcd585e2a4f,8b2d009fd866e4ad6befe686ae407b41019ba8135bdff998c2670abd98aeb202,1461747,fc822b8a47508900422def38e106ca11c537368fdff1a9c5a135474fbd2ef741,Canon,Canon IXUS 510 HS,False,2016:09:29 16:26:03,,0,,,
ph1_backlit_4108e65fe7,backlit,https://commons.wikimedia.org/wiki/File:Nepal_and_west_Papua_(39660311073).jpg,https://upload.wikimedia.org/wikipedia/commons/b/b9/Nepal_and_west_Papua_%2839660311073%29.jpg,https://pd12m.s3.us-west-2.amazonaws.com/images/8aa47d6f-4f67-57a5-b598-1f8c90a263fa.jpeg,CC0,http://creativecommons.org/publicdomain/zero/1.0/deed.en,peter harris,4108e65fe74619b03b158659dd341c96fac3e23a,d470a7a3a0c24afed9d5439ea209ff2825c2094c2b3dd6041fb9945f1f5d53c9,3962466,f5f3a3bf998a7d8de6a055e970b5453607bb854e139c898e16dcd231163560c3,Canon,Canon EOS Rebel T6i,False,2017:07:22 01:32:33,,0,,,
ph1_backlit_72b874e0c4,backlit,https://commons.wikimedia.org/wiki/File:05607_jfUbihan_Mecauayan_Taliptip_Bulacan_Abangan_Marilao_River_Districtsfvf_37.jpg,https://upload.wikimedia.org/wikipedia/commons/a/ab/05607_jfUbihan_Mecauayan_Taliptip_Bulacan_Abangan_Marilao_River_Districtsfvf_37.jpg,https://pd12m.s3.us-west-2.amazonaws.com/images/29712381-ea78-581e-9c2d-ef3ca8284dc5.jpeg,CC0,http://creativecommons.org/publicdomain/zero/1.0/deed.en,Judgefloro,72b874e0c48f948e0f9879c754254cfb9c76dd44,5c39653209de7b530bed762de70b283954b832d999d74cbf1fb2f6edcd672fcb,5053195,7caa007ecb23bbd15c61eacdc13129eef96607139b4e96d6492a0a04a4bb252b,NIKON,COOLPIX AW100,False,2017:05:09 17:06:42,,0,,,
ph1_backlit_98293aa646,backlit,"https://commons.wikimedia.org/wiki/File:Street_Mi%C5%A1kinink%C5%B3_g._8,_Jonava_(kids_place).jpg",https://upload.wikimedia.org/wikipedia/commons/8/80/Street_Mi%C5%A1kinink%C5%B3_g._8%2C_Jonava_%28kids_place%29.jpg,https://pd12m.s3.us-west-2.amazonaws.com/images/dde9ee29-31f7-51cc-b524-f978a2eae629.jpeg,CC0,http://creativecommons.org/publicdomain/zero/1.0/deed.en,Forestphotograph,98293aa64696783afa06fe51f99d41a58b73b1ba,674592ae6b74d80a987fe3b87dec929e04b92548c3e828a503683e74a3f617e3,2165789,299dffd15e8293854b6acedac520f85cc968f47b60c65efb572ec691b138003c,Sony,C5303,True,2013:12:25 12:48:10,,0,,,
ph1_backlit_6d7fb894f6,backlit,"https://commons.wikimedia.org/wiki/File:03342jfSan_Isidro,_Nueva_Ecija_River_Roads_Riverfvf_35.jpg",https://upload.wikimedia.org/wikipedia/commons/9/9d/03342jfSan_Isidro%2C_Nueva_Ecija_River_Roads_Riverfvf_35.jpg,https://pd12m.s3.us-west-2.amazonaws.com/images/c9c263e8-de56-5a4a-9bce-cc3c0302f991.jpeg,CC0,http://creativecommons.org/publicdomain/zero/1.0/deed.en,Judgefloro,6d7fb894f6bef183ed380bac004f5c6e7848b3b5,e990e8b9a3299071a820ec0065ce848f7f7c9593ccd8a9e5d77d1fd55faaa0f1,4519184,27f608cfac7a88d5ffd9fade23ef3a5a06609c2f29cb00109bfce0d4b9adf885,NIKON,COOLPIX AW100,False,2017:05:08 17:47:40,,0,,,
ph1_backlit_a29cbd642e,backlit,"https://commons.wikimedia.org/wiki/File:08077jfPaddy_fields_Sunset_Plaridel_Bypass_Project_Phase_Contract_Package_San_Rafael,_Bulacanfvf_38.jpg",https://upload.wikimedia.org/wikipedia/commons/8/87/08077jfPaddy_fields_Sunset_Plaridel_Bypass_Project_Phase_Contract_Package_San_Rafael%2C_Bulacanfvf_38.jpg,https://pd12m.s3.us-west-2.amazonaws.com/images/421be239-5a76-5f4f-82bc-051c4ba468ae.jpeg,CC0,http://creativecommons.org/publicdomain/zero/1.0/deed.en,Judgefloro,a29cbd642e9890502539b059ccee9bfa2c504351,7f2403303f6533138863746228a4ccba750f699e2b63ca1de1e69317e2a730f8,5242602,85f286a205172ba6459d19ae9dd2f6fc1f2a71795e627879e0541cf5b040fe31,NIKON,COOLPIX AW100,False,2017:03:26 16:34:38,,0,,,
ph1_backlit_9d4d4c34ab,backlit,"https://commons.wikimedia.org/wiki/File:02097jfSunsets_in_Galas_Maasim,_San_Rafael,_Bulacanfvf_18.jpg",https://upload.wikimedia.org/wikipedia/commons/2/27/02097jfSunsets_in_Galas_Maasim%2C_San_Rafael%2C_Bulacanfvf_18.jpg,https://pd12m.s3.us-west-2.amazonaws.com/images/35426406-26aa-5e2d-80c9-eefe30731833.jpeg,CC0,http://creativecommons.org/publicdomain/zero/1.0/deed.en,Judgefloro,9d4d4c34ab973122d91bbe30f4994e3694f46d73,69fe2564e61bbbb691a4e5f96fd2112f04062d43cd7b52fae543f0d41c6678e8,4692828,a97a134ed03117b9a48e4a72f4330664e1a41892d1e6b1f92b16bccb4b6ace24,NIKON,COOLPIX AW100,False,2016:12:29 17:14:59,,0,,,
ph1_backlit_22701b3556,backlit,https://commons.wikimedia.org/wiki/File:Heath_in_Heidehof_-_Golmberg_2022-01-21_230.jpg,https://upload.wikimedia.org/wikipedia/commons/1/16/Heath_in_Heidehof_-_Golmberg_2022-01-21_230.jpg,https://pd12m.s3.us-west-2.amazonaws.com/images/3a604366-ad09-5da7-9a99-7fc0432dff35.jpeg,CC0,http://creativecommons.org/publicdomain/zero/1.0/deed.en,Leonhard Lenz,22701b35568667ca3b1c72e5ab033003f14f2431,a8a209bad7d4bdbe78f8515f5b5e328c0c8ec3894bf654c363755c3c7b39c859,24775094,627e108d6db6d899b04ac5af0a52bb3a475a6b8d2531aa840567f86d34ca3cf4,Panasonic,DC-S1R,False,2022:01:21 15:17:09,,0,,,
ph1_backlit_3e7884d32b,backlit,"https://commons.wikimedia.org/wiki/File:Paris_7e_-_Mus%C3%A9e_Rodin,_fen%C3%AAtre_du_premier_%C3%A9tage_donnant_sur_le_jardin.jpg",https://upload.wikimedia.org/wikipedia/commons/f/ff/Paris_7e_-_Mus%C3%A9e_Rodin%2C_fen%C3%AAtre_du_premier_%C3%A9tage_donnant_sur_le_jardin.jpg,https://pd12m.s3.us-west-2.amazonaws.com/images/e4abd2ff-d2e1-52d8-a1a5-9e8365702085.jpeg,CC0,http://creativecommons.org/publicdomain/zero/1.0/deed.en,Romainbehar,3e7884d32b0a92f6ad79e6be62a19743b2666f61,842d37ca64dd2fd4a1009d66776e6f180e54ef2590cc092c71cc217a7fec6099,3165528,3f5a40128fb647bbe78b86a406a987581593c94563e57c49ef2862b9478262b6,Samsung,SM-J500FN,True,2019:08:25 14:15:33,,0,,,
ph1_backlit_237638ed8b,backlit,"https://commons.wikimedia.org/wiki/File:Gorenji_Logatec,_Holy_Cross_filial_church_04.jpg",https://upload.wikimedia.org/wikipedia/commons/f/fa/Gorenji_Logatec%2C_Holy_Cross_filial_church_04.jpg,https://pd12m.s3.us-west-2.amazonaws.com/images/ef15ef38-3f7b-52bd-838d-b6e5326d0fe9.jpeg,CC0,http://creativecommons.org/publicdomain/zero/1.0/deed.en,Ajznponar,237638ed8ba9af551f017d5d4b6c83e41204dccb,699a24dca5416e94b3ea1596be05d070635e44e926f14c49a2eaccdb5ccea68c,5685020,7a7451bbab81a7794836a20cceb3b0f0a96fa403176c77103b2362b4abe5c12a,Xiaomi,M2101K9G,True,2024:02:25 10:24:36,,0,,,
ph1_backlit_348e4946df,backlit,https://commons.wikimedia.org/wiki/File:Smith_Nature_Park_and_Slyh_Run_(26980847322).jpg,https://upload.wikimedia.org/wikipedia/commons/7/71/Smith_Nature_Park_and_Slyh_Run_%2826980847322%29.jpg,https://pd12m.s3.us-west-2.amazonaws.com/images/a24c0614-9519-5399-895d-20ee601ae052.jpeg,CC0,http://creativecommons.org/publicdomain/zero/1.0/deed.en,dankeck,348e4946df9ad8e0902912e858f661f8b3e350a3,eb77e6460cf67b765de3a51e51066b5c469bbebc323b2e04000a0982f47bceb1,2366985,53d305721028259fcf49e7cf1fa7f7f6e6f6d2c10163076e192b51ff86bced75,Apple,iPhone 5,True,2016:05:16 12:12:39,,0,,,
ph1_backlit_69eaa906da,backlit,https://commons.wikimedia.org/wiki/File:Usfvhzjzuuby.jpg,https://upload.wikimedia.org/wikipedia/commons/e/ec/Usfvhzjzuuby.jpg,https://pd12m.s3.us-west-2.amazonaws.com/images/27295344-13b6-5f9a-874b-2bcbc0be188e.jpeg,CC0,http://creativecommons.org/publicdomain/zero/1.0/deed.en,Imeao,69eaa906da6e33812e46d2170a56941791011fb3,f6807b3153dfec12d2e73102a33742ed66660db20a5706ccbfe615dbe0549b36,6820371,85a48468e48437c38663000de667cfd9acfe1cca5302cd7f38e3167009892f1e,Xiaomi,Mi A2 Lite,True,2022:03:23 17:11:58,,0,,,
ph1_backlit_45d16c8ce2,backlit,"https://commons.wikimedia.org/wiki/File:Lyon_1er_-_Rue_des_Capucins,_num%C3%A9ro_6,_cour_(1).jpg",https://upload.wikimedia.org/wikipedia/commons/e/ec/Lyon_1er_-_Rue_des_Capucins%2C_num%C3%A9ro_6%2C_cour_%281%29.jpg,https://pd12m.s3.us-west-2.amazonaws.com/images/fb806029-f765-5b5f-88b4-5f1ac4a23167.jpeg,CC0,http://creativecommons.org/publicdomain/zero/1.0/deed.en,Romainbehar,45d16c8ce2a019c841bb5ce498b7cfbcfbc5aa64,37876114a33c37c800711e0ea7629ca616f5d3229ff3a7d6e340826c15be91b2,3920064,d3581d6b37f205801e0517efa8b44d8a11aeda1969b29d83c30c873238c19703,Samsung,SM-J500FN,True,2019:06:07 19:42:53,,0,,,
ph1_backlit_3d4fc5b485,backlit,https://commons.wikimedia.org/wiki/File:Wasserkraftwerk_Wiblingen_20_42_41_276000.jpeg,https://upload.wikimedia.org/wikipedia/commons/c/c2/Wasserkraftwerk_Wiblingen_20_42_41_276000.jpeg,https://pd12m.s3.us-west-2.amazonaws.com/images/3e707919-d206-5ac6-97df-25c75f0b3e68.jpeg,CC0,http://creativecommons.org/publicdomain/zero/1.0/deed.en,Ubahnverleih,3d4fc5b485817898bc2e225303210306f3470302,a04841125805fe3cfdde0c32f39840db2590212e3137eb16c18a179f82514cd1,3562059,775602ac21b7980a6dace1610d52dee2561a40557c01c0516ca5eb2461553961,Apple,iPhone 11,True,2019:10:13 15:16:29,,0,,,
ph1_backlit_75c9363c35,backlit,https://commons.wikimedia.org/wiki/File:Halo_Taubateano_1.jpg,https://upload.wikimedia.org/wikipedia/commons/f/f6/Halo_Taubateano_1.jpg,https://pd12m.s3.us-west-2.amazonaws.com/images/3fc7b6c3-21fa-5fbb-9dc2-d3a514197726.jpeg,CC0,http://creativecommons.org/publicdomain/zero/1.0/deed.en,Themium,75c9363c3551e812cfd8b1c0fd93c0f95ab1140d,a5c421015443b4f26c4ee51d3d2117dc479007a1fc53e3c78f7d4ece2bb67ac7,3967915,60ac5707eaadbe203e235bab3ac602dabad1cc744d60079356008ee58f24fb97,Samsung,SM-J701MT,True,2018:04:09 14:08:15,,0,,,
ph1_backlit_d2a6bbdad1,backlit,https://commons.wikimedia.org/wiki/File:Croatia_Highway_route_(E65)_in_2023.11.jpg,https://upload.wikimedia.org/wikipedia/commons/c/c4/Croatia_Highway_route_%28E65%29_in_2023.11.jpg,https://pd12m.s3.us-west-2.amazonaws.com/images/a9b9ecb4-8857-55f7-9b51-31e3b7d17e2e.jpeg,CC0,http://creativecommons.org/publicdomain/zero/1.0/deed.en,CAPTAIN RAJU,d2a6bbdad1ebbc1de19e84e9f6ea31c4b7c38691,5e25879cb98a82c62ce5decf903b38cca70cf693ae00e4b200173ab12e9a49d5,1895123,f1579389328e352ded3a8d6614fbc0036e2e4c8ff72bbead56cbd3a1e42ec994,Apple,iPhone 6,True,2023:04:10 17:56:25,,0,,,
ph1_backlit_d098dc61aa,backlit,"https://commons.wikimedia.org/wiki/File:20181024_173947_Polish_language_school,_Lodz._October_2018.jpg",https://upload.wikimedia.org/wikipedia/commons/1/1e/20181024_173947_Polish_language_school%2C_Lodz._October_2018.jpg,https://pd12m.s3.us-west-2.amazonaws.com/images/74eb5037-2b3c-5b9d-a53e-8893a69baeb5.jpeg,CC0,http://creativecommons.org/publicdomain/zero/1.0/deed.en,Rakoon,d098dc61aa2f4a69d526c895fec04a3fa281d99d,5b442bcbf5ee169f5b66d1588cb122fd45afbdf3b7bb58ff0c56c36feb47632c,2907896,434ad72ef08ebbbde596d1edba8a9e7ee27efbc39daecab3dd9a19b935c1c43e,Samsung,SM-A720F,True,2018:10:24 17:39:47,,0,,,
ph1_backlit_ee43642d66,backlit,https://commons.wikimedia.org/wiki/File:Konsh%C5%8Dzan_Konsh%C5%8D-ji_Temple_20210404_12.jpg,https://upload.wikimedia.org/wikipedia/commons/d/d0/Konsh%C5%8Dzan_Konsh%C5%8D-ji_Temple_20210404_12.jpg,https://pd12m.s3.us-west-2.amazonaws.com/images/7d707af5-7b71-5ef6-85b8-356bf3711aeb.jpeg,CC0,http://creativecommons.org/publicdomain/zero/1.0/deed.en,先従隗始,ee43642d664e94bb6bd19e7d720628c3dd17f16c,d1f8cbc822e9004d46cadc4f23a942d9f0a5c287a5735d409bae05d8ca92afca,4732081,476dd3e384080515ef73e95070df69f0941f3eee8b19fba9b5b8cc21d66ddf08,Huawei,ANE-LX2J,True,2021:04:04 14:26:14,,0,,,
ph1_backlit_9aeb5a4da2,backlit,https://commons.wikimedia.org/wiki/File:NLEX_Karuhatan_Link2jwilz.jpg,https://upload.wikimedia.org/wikipedia/commons/5/5d/NLEX_Karuhatan_Link2jwilz.jpg,https://pd12m.s3.us-west-2.amazonaws.com/images/774dea11-2668-5142-a5c8-725488a31ed4.jpeg,CC0,http://creativecommons.org/publicdomain/zero/1.0/deed.en,JWilz12345,9aeb5a4da23094bdfecf43367716cdd37b2a7834,1216c1825b47bd0e64554d19e59b57bf85ccb03076bafbbf5eccc3855d4f7b44,3094889,03ee351019e6322343c8ca0070af30419b7ca14734335dff711af0197785f99e,Samsung,SM-A205GN,True,2021:07:04 07:06:52,,0,,,
ph1_backlit_034449cbf8,backlit,"https://commons.wikimedia.org/wiki/File:Vichy_-_Centre_thermal_des_D%C3%B4mes_-_Salle_du_grand_d%C3%B4me,_haut_de_la_verri%C3%A8re_(int%C3%A9rieur).jpg",https://upload.wikimedia.org/wikipedia/commons/1/1c/Vichy_-_Centre_thermal_des_D%C3%B4mes_-_Salle_du_grand_d%C3%B4me%2C_haut_de_la_verri%C3%A8re_%28int%C3%A9rieur%29.jpg,https://pd12m.s3.us-west-2.amazonaws.com/images/385eb20d-c291-500c-b301-db0dbca29d80.jpeg,CC0,http://creativecommons.org/publicdomain/zero/1.0/deed.en,Romainbehar,034449cbf85be50e47f9c1d000c3305adfcf9a2c,d9a4f2f53bc43dc6ccc46b43a85f6695f7011377f8a6683407ce9a17e11b0d49,2916715,dc61d46d10c147121c3f9cbf341feb02aded08a2232d12455079a5ea97536239,Samsung,SM-J500FN,True,2019:08:31 16:28:54,,0,,,
ph1_backlit_8407730659,backlit,https://commons.wikimedia.org/wiki/File:Cdyjusyhgyzf.jpg,https://upload.wikimedia.org/wikipedia/commons/b/bc/Cdyjusyhgyzf.jpg,https://pd12m.s3.us-west-2.amazonaws.com/images/99b6e67c-f18a-5e29-ad66-e735f5a1946f.jpeg,CC0,http://creativecommons.org/publicdomain/zero/1.0/deed.en,Imeao,8407730659d56cfabc40ef512513de14d76229e6,de79cf5b923b5cb104ec7bfdbfb25cdfe06a365441e97238c420693ae1aeaf0c,5415808,0559eb230aa7e6e236ccaf06b0a75277274d375b1c3b8dda52f6f43941d7e54b,Xiaomi,Mi A2 Lite,True,2022:03:25 15:04:07,,0,,,
ph1_backlit_c008878258,backlit,"https://commons.wikimedia.org/wiki/File:15-17_Strada_Jules_Michelet,_Bucharest_(69).jpg",https://upload.wikimedia.org/wikipedia/commons/9/99/15-17_Strada_Jules_Michelet%2C_Bucharest_%2869%29.jpg,https://pd12m.s3.us-west-2.amazonaws.com/images/4b484425-80f4-559a-96bf-c553ec692e8d.jpeg,CC0,http://creativecommons.org/publicdomain/zero/1.0/deed.en,Neoclassicism Enthusiast,c0088782586d4b747dc50ccbbbd606a5e0900ccb,5d8729bfd92f4dcf185e4630f2915929dc4afe6ad35f0191d74b7d111116e477,1602448,ae99b3f720c0a69f1e5725cb41124861336dee0b630d2aa1780672c0249f9e16,Apple,iPhone XR,True,2023:04:19 15:26:56,,0,,,
ph1_backlit_0800081d6d,backlit,https://commons.wikimedia.org/wiki/File:Juli%C3%A1nov_20190831_112435_179.jpg,https://upload.wikimedia.org/wikipedia/commons/c/c8/Juli%C3%A1nov_20190831_112435_179.jpg,https://pd12m.s3.us-west-2.amazonaws.com/images/426caf86-f075-527a-b74c-e83085d19c0e.jpeg,CC0,http://creativecommons.org/publicdomain/zero/1.0/deed.en,150 let MHD Brno,0800081d6d90ba1451174163b62d7778b08e57b2,090f8df83b8c0ab0fef107ef5e586a021a2074c54c0258232c811e45e593739d,7489392,558cc938b1bf8d13d53d94ca2bea76d23eb577e31320f96717725204722fe6b3,Samsung,SM-A750FN,True,2019:08:31 11:24:35,,0,,,
ph1_backlit_147e7a1ed7,backlit,https://commons.wikimedia.org/wiki/File:%D9%81%D9%86%D8%AF%D9%82_%D9%83%D9%84%D9%8A%D9%88%D8%A8%D8%A7%D8%AA%D8%B1%D8%A7_%D9%85%D8%B1%D8%B3%D9%89_%D9%85%D8%B7%D8%B1%D9%88%D8%AD_06.jpg,https://upload.wikimedia.org/wikipedia/commons/3/32/%D9%81%D9%86%D8%AF%D9%82_%D9%83%D9%84%D9%8A%D9%88%D8%A8%D8%A7%D8%AA%D8%B1%D8%A7_%D9%85%D8%B1%D8%B3%D9%89_%D9%85%D8%B7%D8%B1%D9%88%D8%AD_06.jpg,https://pd12m.s3.us-west-2.amazonaws.com/images/d997ce37-17ce-5249-91a6-cee7ee30ba0c.jpeg,CC0,http://creativecommons.org/publicdomain/zero/1.0/deed.en,ديفيد عادل وهبة خليل 2,147e7a1ed7efa99e97e4acd255afa7cf9c14f72f,7f40db7abcb2c0b2c0ea451af59ae7aa7b3500d7f640a1934b3b2501f840b951,904313,85321f8d23a8dba0155ed8c3e05f658f4a5a36fc5f4fac9595eb52e6567ce80b,HTC,HTC Desire 816G dual sim,True,2017:06:18 06:02:47,,0,,,
ph1_backlit_0628bd0271,backlit,https://commons.wikimedia.org/wiki/File:Gate_Fanrham_Park_(39085508320).jpg,https://upload.wikimedia.org/wikipedia/commons/1/1c/Gate_Fanrham_Park_%2839085508320%29.jpg,https://pd12m.s3.us-west-2.amazonaws.com/images/dd076b42-294c-501d-94b3-217e66d78a6d.jpeg,CC0,http://creativecommons.org/publicdomain/zero/1.0/deed.en,Michael Young,0628bd0271627b3386d55f94dbf01b491b446981,10831d778cbd64e91dc40094e3b44c820fbfc82781d5f0b58b16e1c4a22b8669,3040001,9fcd023806fd672a9325e0cf5758f66cab859358d4053b9b3fd14b721065632b,Apple,iPhone 6s,True,2017:09:01 06:49:49,,0,,,
ph1_backlit_4a6f93f83c,backlit,https://commons.wikimedia.org/wiki/File:Ch%C3%A2teau_de_Dr%C3%A9e_-_Tour_des_demoiselles_-_Int%C3%A9rieur.jpg,https://upload.wikimedia.org/wikipedia/commons/1/17/Ch%C3%A2teau_de_Dr%C3%A9e_-_Tour_des_demoiselles_-_Int%C3%A9rieur.jpg,https://pd12m.s3.us-west-2.amazonaws.com/images/e9e2479b-b1f2-58a9-a644-d687625949c0.jpeg,CC0,http://creativecommons.org/publicdomain/zero/1.0/deed.en,Romainbehar,4a6f93f83c2a956269c167567ffb63c86c5e01ab,04f4f440c8893e87e07bb957a740a5c8eed60d09005cc55c0d6606f46d77e064,2887842,9e467bfc52b015c215c94c2c5b75b3201b21f6cdf9edd64eceb709e816d77950,Samsung,SM-J500FN,True,2017:09:17 12:27:10,,0,,,
ph1_backlit_963f228823,backlit,https://commons.wikimedia.org/wiki/File:Geigenfeige_blatt.jpg,https://upload.wikimedia.org/wikipedia/commons/4/48/Geigenfeige_blatt.jpg,https://pd12m.s3.us-west-2.amazonaws.com/images/1577c44f-3de9-58ee-aee9-a097a6b773d8.jpeg,CC0,http://creativecommons.org/publicdomain/zero/1.0/deed.en,Mantelmoewe,963f22882389d901c4776ec93fe3d52c54380149,13f4f8a2c57c01a2b751beeb92f01ef82068355f8c817c1a11f867a122e1c48a,2267093,94b05a899ec8213953925d9040c635a501e8dfc34ec671c47fd77d0d183afa86,Samsung,SM-G770F,True,2023:11:22 13:10:26,,0,,,
ph1_backlit_8478f0eb77,backlit,https://commons.wikimedia.org/wiki/File:20221012_102857_October_2022_in_Bia%C5%82ystok.jpg,https://upload.wikimedia.org/wikipedia/commons/d/d7/20221012_102857_October_2022_in_Bia%C5%82ystok.jpg,https://pd12m.s3.us-west-2.amazonaws.com/images/c9afaa23-d827-54a5-9924-73aeb6890beb.jpeg,CC0,http://creativecommons.org/publicdomain/zero/1.0/deed.en,Rakoon,8478f0eb7782f380369fa6031cb0e93d8e153dff,002b79b4342536abd9dc8c08c13d240b2f0f7f1efa1d6e2a80d08a7b8d5f77e6,3896346,5b5ac1534f5c7d0e5020cd3ce60df97ab24e19c7090fe86d1101dbbdcdff3f92,Samsung,SM-A720F,True,2022:10:12 10:28:57,,0,,,
ph1_backlit_7b07d822a1,backlit,"https://commons.wikimedia.org/wiki/File:St_Mary_Magdalene%27s_Church_(The_Barn_Church),_Francis_Edwards_Way,_Bewbush,_Crawley_(NHLE_Code_1354199)_(October_2011)_(Interior)_(5).jpg",https://upload.wikimedia.org/wikipedia/commons/a/a5/St_Mary_Magdalene%27s_Church_%28The_Barn_Church%29%2C_Francis_Edwards_Way%2C_Bewbush%2C_Crawley_%28NHLE_Code_1354199%29_%28October_2011%29_%28Interior%29_%285%29.jpg,https://pd12m.s3.us-west-2.amazonaws.com/images/2ed36d10-c8f2-5613-8064-aa9b59845a5d.jpeg,CC0,http://creativecommons.org/publicdomain/zero/1.0/deed.en,Hassocks5489,7b07d822a102e031e225e8969743b7249aad65d5,ad45e2ef3417a2a143a20b216f5ace5d52973ab5ed659280cbf85be562ee5c24,1320428,29632be6f33879304aceaf899e9fa27bf0a8b86e39559ab99f2585c3686d71a3,Samsung,SAMSUNG ST60 / VLUU ST60 / SAMSUNG TL105 / SAMSUNG ST61,True,2011:10:20 13:17:50,,0,,,
ph1_backlit_c6cf2b04ae,backlit,"https://commons.wikimedia.org/wiki/File:Lyon_5e_-_Quai_de_Bondy,_palais_Bondy,_fen%C3%AAtre_donnant_sur_la_rue_Louis_Carrand.jpg",https://upload.wikimedia.org/wikipedia/commons/d/de/Lyon_5e_-_Quai_de_Bondy%2C_palais_Bondy%2C_fen%C3%AAtre_donnant_sur_la_rue_Louis_Carrand.jpg,https://pd12m.s3.us-west-2.amazonaws.com/images/6ab015d9-74fb-5373-adc7-d133e5c89681.jpeg,CC0,http://creativecommons.org/publicdomain/zero/1.0/deed.en,Romainbehar,c6cf2b04ae5c7065d05df8b74d1c896f464e245f,58b3144b4db888431d94793420834f40c30b04b9a005e0a0352471b11d1bfe10,3311304,fd20afc32421bb62021d1bdf1041ce0c9e1899858e6846ef38deccb7e015bfaf,Samsung,SM-J500FN,True,2019:09:15 13:22:02,,0,,,
ph1_backlit_78ee750ed0,backlit,https://commons.wikimedia.org/wiki/File:Kaweah_oaks.jpg,https://upload.wikimedia.org/wikipedia/commons/b/bd/Kaweah_oaks.jpg,https://pd12m.s3.us-west-2.amazonaws.com/images/59614c12-eb83-5690-a4f3-e1bffdc56cac.jpeg,CC0,http://creativecommons.org/publicdomain/zero/1.0/deed.en,Mychemicalromanceisrealemo,78ee750ed0b8d38dac7802953132b712f8da496a,73019ea10cb505927c5d4546a44062d98a0c92c3ebdad67fa6fc42de69d5bbcb,3706907,6228591944b4a39fd04750820ed3d25c08750be0b942326f201ca93b681c758d,Samsung,SAMSUNG-SM-G930A,True,2017:06:04 19:45:33,,0,,,
ph1_backlit_495b384253,backlit,"https://commons.wikimedia.org/wiki/File:4_Strada_Anastasie_Simu,_Bucharest_(21).jpg",https://upload.wikimedia.org/wikipedia/commons/2/23/4_Strada_Anastasie_Simu%2C_Bucharest_%2821%29.jpg,https://pd12m.s3.us-west-2.amazonaws.com/images/a4b1f371-7f61-5267-80eb-fd31d138a1e7.jpeg,CC0,http://creativecommons.org/publicdomain/zero/1.0/deed.en,Neoclassicism Enthusiast,495b3842533f34c153a00c1a094b63c755fc3456,fef038de4117b50d7b3fc1210b81cfb58d33377820d460c95d91b4df807b95ec,2167432,4bab2719fa0b1ad1d2315f1792e6b020282573a8f9ae0a9525c725afd32db20a,Apple,iPhone XR,True,2023:04:28 10:59:51,,0,,,
ph1_backlit_517eca40ac,backlit,https://commons.wikimedia.org/wiki/File:Oak_Grove_Cemetery_(41971658792).jpg,https://upload.wikimedia.org/wikipedia/commons/b/b6/Oak_Grove_Cemetery_%2841971658792%29.jpg,https://pd12m.s3.us-west-2.amazonaws.com/images/9d337c51-165e-5353-b9ad-e6a34548dd9e.jpeg,CC0,http://creativecommons.org/publicdomain/zero/1.0/deed.en,Dan Keck from Ohio,517eca40ac2de54e1dd1212be928d26163e5b01a,f877bdbc2fd48fd3208be8d028f45cbda2b6364c78148843e8a4ec63973d002b,2636845,881be2bb41dd7df49b32baff825324e1ca2d7cbb55b0b43fbd87326fda6dd0b3,Samsung,SM-G930V,True,2018:04:30 13:45:38,,0,,,
ph1_backlit_732d4b174c,backlit,https://commons.wikimedia.org/wiki/File:The_Monastery_of_Saint_Matthew_and_its_environs_10.jpg,https://upload.wikimedia.org/wikipedia/commons/8/8d/The_Monastery_of_Saint_Matthew_and_its_environs_10.jpg,https://pd12m.s3.us-west-2.amazonaws.com/images/94642c5a-dcfd-5b3c-8d89-276c9e7661bc.jpeg,CC0,http://creativecommons.org/publicdomain/zero/1.0/deed.en,Levi Clancy,732d4b174c672b543a707535aa3ffbc4adca8afb,965642df2e169526d10e31dd7aa6e7e35f1d88bf077037f573c91eeffb25f389,5607562,7b1615d00098cb4908362f9632caaad68d6c145d709074078c3f4a76af57e1af,Huawei,RNE-L21,True,2018:04:08 09:45:59,,0,,,
ph1_backlit_24e7637dd8,backlit,https://commons.wikimedia.org/wiki/File:Cimeti%C3%A8re_de_K%C3%B3kkino_Chori%C3%B3_(Cr%C3%A8te)_juillet_2021_(9).jpg,https://upload.wikimedia.org/wikipedia/commons/1/11/Cimeti%C3%A8re_de_K%C3%B3kkino_Chori%C3%B3_%28Cr%C3%A8te%29_juillet_2021_%289%29.jpg,https://pd12m.s3.us-west-2.amazonaws.com/images/9734ca77-b16e-519f-95dc-4670bddb2e60.jpeg,CC0,http://creativecommons.org/publicdomain/zero/1.0/deed.en,Benoît Prieur,24e7637dd86e27dc992c74db1dd0bbe0af9ca9d1,99ca857e34ab8e2d2016b8ceacbafdabf8d7a10560fbfbe841a501e9408ee7a9,7159755,37a10a9f1e218694e5b6a2ea0d6a0f3b5e3c20b406f38fbd33d3e933dd46bf39,Apple,iPhone XS,True,2021:07:21 20:08:06,,0,,,
ph1_backlit_e73c57fc67,backlit,https://commons.wikimedia.org/wiki/File:MD.OC.Unguri_-_Monument_la_morm%C3%A2ntul_osta%C8%99ului_c%C4%83zut_%C3%AEn_1944_%C8%99i_%C3%AEn_memoria_cons%C4%83tenilor_c%C4%83zu%C8%9Bi_%C3%AEn_1941-1945_-_sep_2022_-_22.jpg,https://upload.wikimedia.org/wikipedia/commons/0/00/MD.OC.Unguri_-_Monument_la_morm%C3%A2ntul_osta%C8%99ului_c%C4%83zut_%C3%AEn_1944_%C8%99i_%C3%AEn_memoria_cons%C4%83tenilor_c%C4%83zu%C8%9Bi_%C3%AEn_1941-1945_-_sep_2022_-_22.jpg,https://pd12m.s3.us-west-2.amazonaws.com/images/62f7fd33-3787-5b54-8116-0bb4de2c2c0e.jpeg,CC0,http://creativecommons.org/publicdomain/zero/1.0/deed.en,Gikü,e73c57fc67688f5259fa6085e80d09a6576259b1,f3fa6a944625c1790d66665800927c52d445252065330ce21d79e17e48b9252f,4560740,cc82284adce4b36ca6482b272290ab9ac124107b604787f7f3e5db5d345ae476,Samsung,SM-M315F,True,2022:09:11 15:15:09,,0,,,
ph1_backlit_1c00a468be,backlit,https://commons.wikimedia.org/wiki/File:Konk%C5%8Dzan_My%C5%8Dsh%C5%8D-ji_Temple_20220224_10.jpg,https://upload.wikimedia.org/wikipedia/commons/2/2f/Konk%C5%8Dzan_My%C5%8Dsh%C5%8D-ji_Temple_20220224_10.jpg,https://pd12m.s3.us-west-2.amazonaws.com/images/1835c2b1-cd68-5f74-bcb8-79ef45946abb.jpeg,CC0,http://creativecommons.org/publicdomain/zero/1.0/deed.en,先従隗始,1c00a468be48cd377797cb06682d563a8fee7d2c,ca3fd626a3df4f389f02459a4402d9cc41c19af593724a885f103d4fc995baf0,7033542,df8a41bc285430b2693332b7b21f81a9ae0f2281de494977674dc803d1b9522d,Huawei,ANE-LX2J,True,2022:02:24 15:33:55,,0,,,
ph1_backlit_c7246b8e66,backlit,https://commons.wikimedia.org/wiki/File:Civago276.jpg,https://upload.wikimedia.org/wikipedia/commons/0/08/Civago276.jpg,https://pd12m.s3.us-west-2.amazonaws.com/images/a272d343-b479-5dc7-a568-a4eed74978fb.jpeg,CC0,http://creativecommons.org/publicdomain/zero/1.0/deed.en,SIG SG 510,c7246b8e6667e051b0bbe81441cdf29abb1f9f44,c05faa0b891af84bb9435257d61531dd3ff205a679b30f8124181e3e7581df3e,3142157,17dbda2650ec0f4a9788855ddbb2ad70facf90b0dc2afbf4240300d19f78230f,ZTE,ZTE Blade A452,True,2017:02:20 15:53:38,,0,,,
ph1_backlit_9fce8bb82f,backlit,https://commons.wikimedia.org/wiki/File:Porta-Pa%C3%AFsos-Catalans.jpg,https://upload.wikimedia.org/wikipedia/commons/3/3d/Porta-Pa%C3%AFsos-Catalans.jpg,https://pd12m.s3.us-west-2.amazonaws.com/images/15c51305-6198-5927-9288-8d2375a45385.jpeg,CC0,http://creativecommons.org/publicdomain/zero/1.0/deed.en,Alan Mattingly,9fce8bb82f039909ed9db7e4d512c494c4fb3d66,59cc7a03288913dbd54482de5547b2e760a538ff4ab718ea4279c1feac4258e3,1820984,ef251551e1dcd6c8851d38dc7b2773ef987dc3e0aac906f15ed8b9d538f6ab04,Samsung,SM-A520F,True,2023:12:16 13:56:42,,0,,,
ph1_backlit_606c032c6c,backlit,https://commons.wikimedia.org/wiki/File:Buntzen_Lake_on_April_1_(13569749474).jpg,https://upload.wikimedia.org/wikipedia/commons/0/09/Buntzen_Lake_on_April_1_%2813569749474%29.jpg,https://pd12m.s3.us-west-2.amazonaws.com/images/45670657-1f04-52e5-83e4-e802f6dfca1c.jpeg,CC0,http://creativecommons.org/publicdomain/zero/1.0/deed.en,"Dennis Sylvester Hurd from Minuwangoda, WP, Sri Lanka, Canada",606c032c6c64adaddf49872efc284c3383446219,bc02986c4cef5019079df756a7e044bea6c1f15def66f0d814a8f8edb97c6db3,3147305,0e4cfb24252c0c6aa2717986f8b550ae7b8417cb55cf2d1e5d70c1c04beb2076,LG,Nexus 5,True,2014:04:01 10:24:36,,0,,,
ph1_backlit_8495ab738f,backlit,"https://commons.wikimedia.org/wiki/File:Street_Mi%C5%A1kinink%C5%B3_(g.),_Jonava_(way).jpg",https://upload.wikimedia.org/wikipedia/commons/f/f1/Street_Mi%C5%A1kinink%C5%B3_%28g.%29%2C_Jonava_%28way%29.jpg,https://pd12m.s3.us-west-2.amazonaws.com/images/7fc553f8-d22a-5cc2-a838-4eed36afe0dc.jpeg,CC0,http://creativecommons.org/publicdomain/zero/1.0/deed.en,Forestphotograph,8495ab738fe1e18d10b9b723a7e5d65aa0f8cd48,e41a853b18ba5656a14f77fdda4f8587f38174fbd67f1471bd619bfdbec75d6b,2209938,62add8d1395c23ece11a537a6cd968d24264103124366c4b23c60dd3fa500304,Sony,C5303,True,2013:12:25 12:53:08,,0,,,
ph1_backlit_c2bf24cb3e,backlit,https://commons.wikimedia.org/wiki/File:Tremont_Fountain_Park_(45095645181).jpg,https://upload.wikimedia.org/wikipedia/commons/f/fc/Tremont_Fountain_Park_%2845095645181%29.jpg,https://pd12m.s3.us-west-2.amazonaws.com/images/6b400b9c-7536-5a34-b7a4-92ff5e865928.jpeg,CC0,http://creativecommons.org/publicdomain/zero/1.0/deed.en,Dan Keck from Ohio,c2bf24cb3e0ccdbe00132844f667c61dfaf71419,5272357dbe84c4ac6aa107d1b514bce22b4ebf978d704f8cfb0e7e69ec476048,3170268,ebae7be044c66c4ec99c378c55ab99f7f39f55a765d448956b0a666fa025784b,Samsung,SM-G930V,True,2018:10:01 12:22:31,,0,,,
ph1_backlit_02e94e2470,backlit,https://commons.wikimedia.org/wiki/File:Oak_Grove_Cemetery_(41971658722).jpg,https://upload.wikimedia.org/wikipedia/commons/4/4b/Oak_Grove_Cemetery_%2841971658722%29.jpg,https://pd12m.s3.us-west-2.amazonaws.com/images/bebcd08f-16bb-5a69-9dfc-c11dc42bf7e8.jpeg,CC0,http://creativecommons.org/publicdomain/zero/1.0/deed.en,Dan Keck from Ohio,02e94e247098de9be4ad3956568a6d77ab06e144,22375652c71d4379f6bc00304f4ed74b75845e4bea6595e36f26ccc90adbbd2d,4524905,0878ec2bfc8a02440e8dfce09ab21e31b7743a57a090dad4f7f5417156985327,Samsung,SM-G930V,True,2018:04:30 13:45:27,,0,,,
ph1_backlit_3a9a6ea594,backlit,https://commons.wikimedia.org/wiki/File:Smith_Nature_Park_and_Slyh_Run_(30227397883).jpg,https://upload.wikimedia.org/wikipedia/commons/0/01/Smith_Nature_Park_and_Slyh_Run_%2830227397883%29.jpg,https://pd12m.s3.us-west-2.amazonaws.com/images/3452926e-8a9e-5ed0-930b-907f16f790af.jpeg,CC0,http://creativecommons.org/publicdomain/zero/1.0/deed.en,dankeck,3a9a6ea5946040744ca1d3d316df6423020efb33,48677187d49a514fb3b3461eef2f58cf581aec959ac0dff4f8dfb0f467c23203,8981601,39a50e00d048841b0d500faa49dbc05fe242d4c77ec159af50e742c332de7b6e,Samsung,SM-G930V,True,2016:11:07 11:58:02,,0,,,
ph1_backlit_5688e64ed4,backlit,https://commons.wikimedia.org/wiki/File:Hua_Hin_Station_-_2017-04-14_(052).jpg,https://upload.wikimedia.org/wikipedia/commons/c/c3/Hua_Hin_Station_-_2017-04-14_%28052%29.jpg,https://pd12m.s3.us-west-2.amazonaws.com/images/d5c7d9f3-1e60-5762-a031-1796c55efa55.jpeg,CC0,http://creativecommons.org/publicdomain/zero/1.0/deed.en,Iudexvivorum,5688e64ed416d6bab72945185da448fa2e3ff03d,6541204a1d44d187d451f53c72c21f897a95c8a216bac780bb6e54a0f44f0dce,7450911,bbe9e66cdac1f8aa0739784ed29a644376fe243bb6df7f21b5857ae2d415ddce,Samsung,SM-G935F,True,2017:04:14 09:33:40,,0,,,
ph1_backlit_12b24c72de,backlit,"https://commons.wikimedia.org/wiki/File:Winter,_Miskininku_Street_Jonava_2014.jpg",https://upload.wikimedia.org/wikipedia/commons/a/ae/Winter%2C_Miskininku_Street_Jonava_2014.jpg,https://pd12m.s3.us-west-2.amazonaws.com/images/2261d9a9-a23b-59e6-afe6-d5334407e769.jpeg,CC0,http://creativecommons.org/publicdomain/zero/1.0/deed.en,Forestphotograph,12b24c72de37ffc45ca87c9100b0c53689d37b8b,73a6c9ac3e5c6c1f819e2159010bc6bdce6d12548bfab9eedad229d370725a87,2620418,c19da4b512584146bb9e1bc24a43e70ad8a7ad69e40b8b03f55832ec9f5f779e,Sony,C5303,True,2014:01:19 10:29:05,,0,,,
ph1_indoor_mixed_0cae841e9e,indoor_mixed,"https://commons.wikimedia.org/wiki/File:Hack_The_Gender_Gap_edit-a-thon,_29_January_2019_(3).jpg",https://upload.wikimedia.org/wikipedia/commons/f/f6/Hack_The_Gender_Gap_edit-a-thon%2C_29_January_2019_%283%29.jpg,https://pd12m.s3.us-west-2.amazonaws.com/images/b12804f0-ee9f-505b-a461-c47115e47710.jpeg,CC0,http://creativecommons.org/publicdomain/zero/1.0/deed.en,Romaine,0cae841e9e2bc9ba01922a24bf671605635a3ea6,7b4a0bf2dc2c97bd83dd321fdb13b3ddcbc625784b973ff73e54ca8676ed8cfd,2879542,d2738cb5cc919cd0430de14f2e11bf9bea49639d314da9f8947dc27a1a5d408e,Samsung,SM-G950F,True,2019:01:29 15:36:31,,1,-81.9,MST 8-10 (prov.),
ph1_indoor_mixed_1a6d7a0ff8,indoor_mixed,https://commons.wikimedia.org/wiki/File:SZ_%E6%B7%B1%E5%9C%B3_Shenzhen_%E5%8D%97%E5%B1%B1_Nanshan_%E7%9B%8A%E7%94%B0%E5%81%87%E6%97%A5%E5%BB%A3%E5%A0%B4_Yitian_Holiday_Plaza_%E5%95%86%E5%A0%B4_mall_%E8%9B%99%E5%B0%8F%E4%BF%A0_Frog_Restaurant_February_2024_R12S_01.jpg,https://upload.wikimedia.org/wikipedia/commons/3/33/SZ_%E6%B7%B1%E5%9C%B3_Shenzhen_%E5%8D%97%E5%B1%B1_Nanshan_%E7%9B%8A%E7%94%B0%E5%81%87%E6%97%A5%E5%BB%A3%E5%A0%B4_Yitian_Holiday_Plaza_%E5%95%86%E5%A0%B4_mall_%E8%9B%99%E5%B0%8F%E4%BF%A0_Frog_Restaurant_February_2024_R12S_01.jpg,https://pd12m.s3.us-west-2.amazonaws.com/images/5b18b3bf-b930-5403-b252-9c8d945a54f4.jpeg,CC0,http://creativecommons.org/publicdomain/zero/1.0/deed.en,YEING Luwem Hai Wangs,1a6d7a0ff8efb468f7b1cc02a859c75cdcb7273a,2aefa5c997e40e6aa9a6e297c119b0b915b5c2a8faf41e9024f7647dd2890b2a,3519530,bf3a27b5692db6317e8bc44195656c878a03f0ea7fa536f8466e7c0ba82673c1,Xiaomi,23030RAC7Y,True,2024:02:14 16:28:55,,0,,,
ph1_indoor_mixed_e9efa45e01,indoor_mixed,https://commons.wikimedia.org/wiki/File:1970_AMC_AMX_golden_lime_at_2014_Rockville_Show_-_3.jpg,https://upload.wikimedia.org/wikipedia/commons/1/17/1970_AMC_AMX_golden_lime_at_2014_Rockville_Show_-_3.jpg,https://pd12m.s3.us-west-2.amazonaws.com/images/2f93148f-5960-56cb-a35b-93fa24e0fa6a.jpeg,CC0,http://creativecommons.org/publicdomain/zero/1.0/deed.en,"CZmarlin  — Christopher Ziemnowicz, releases all rights but a photo credit would be appreciated if this image is used an",e9efa45e01ebc0388bcef5cf76229cadbcfdaf32,45a74d9e8548eba920d171151faba51b1bf0d73bf94a9225320e25c65669d267,3780280,96e69d9c9e59d286c6ac6e7e1402f58618029c9aadc66236d234e97ab2fa2807,Apple,iPhone 4,True,2014:10:18 12:52:04,,0,,,
ph1_indoor_mixed_af49db548c,indoor_mixed,https://commons.wikimedia.org/wiki/File:Aire_de_Sorgues_-_prise_de_commande_KFC_(mars_2022).JPG,https://upload.wikimedia.org/wikipedia/commons/d/de/Aire_de_Sorgues_-_prise_de_commande_KFC_%28mars_2022%29.JPG,https://pd12m.s3.us-west-2.amazonaws.com/images/e69beb92-10aa-5d4d-b0a7-c4eeee7e006b.jpeg,CC0,http://creativecommons.org/publicdomain/zero/1.0/deed.en,Benoît Prieur,af49db548c7b328297491d1b77e47c4288531574,8299f7d4d04e50d333750f294368d48ddb9ee83f30771a62b8f95f29c3025915,4353534,3b4d2a75a0c07b09346127d7d334fac5aac50a21f465adc235aa15b559cc63b8,Apple,iPhone 13,True,2022:03:20 15:04:36,,0,,,
ph1_indoor_mixed_267a9dff4c,indoor_mixed,"https://commons.wikimedia.org/wiki/File:Gro%C3%9Ft%C3%B6pfer,_Der_gute_Hirte_Innen_1.jpg",https://upload.wikimedia.org/wikipedia/commons/f/f9/Gro%C3%9Ft%C3%B6pfer%2C_Der_gute_Hirte_Innen_1.jpg,https://pd12m.s3.us-west-2.amazonaws.com/images/f931bbb8-647f-52df-a295-f0e44e302c51.jpeg,CC0,http://creativecommons.org/publicdomain/zero/1.0/deed.en,Catatine,267a9dff4c6e058c8f6c53dbb0a04167b075a7f6,f1b6866b175391e536d8dfbabf6b0deb8d7772c2f0dd9ce0b91f3f34a0d60e9c,2896646,997a6fd3635da1a6e728d6fdb1a4b5d69c603f58231808baeedd31c884fcaf76,Samsung,SM-A217F,True,2021:08:25 13:31:47,,0,,,
ph1_indoor_mixed_2f722ddf04,indoor_mixed,https://commons.wikimedia.org/wiki/File:1978_AMC_Concord_DL_wagon_blue_2014-AMO-NC-17.jpg,https://upload.wikimedia.org/wikipedia/commons/6/60/1978_AMC_Concord_DL_wagon_blue_2014-AMO-NC-17.jpg,https://pd12m.s3.us-west-2.amazonaws.com/images/72a786fd-e61a-5105-97c5-404d70da42f2.jpeg,CC0,http://creativecommons.org/publicdomain/zero/1.0/deed.en,"CZmarlin  — Christopher Ziemnowicz, releases all rights but a photo credit would be appreciated if this image is used an",2f722ddf040554a273e02f7d05848b3a76a06627,b125f19b9c2525a1ac1ae177f11eb57afeec995124a1dba42b29b1d6678c4c7d,4935505,5fdb6ac27768f159c6594304c603b6c2b77eddd62aa679b2e5a30c06f0512171,Apple,iPhone 4,True,2014:08:02 07:34:56,,0,,,
ph1_indoor_mixed_f6f50924ed,indoor_mixed,https://commons.wikimedia.org/wiki/File:Wat_Pho_-_2017-04-22_(044).jpg,https://upload.wikimedia.org/wikipedia/commons/e/e9/Wat_Pho_-_2017-04-22_%28044%29.jpg,https://pd12m.s3.us-west-2.amazonaws.com/images/7898f920-6769-57b8-9536-45a90ac78d98.jpeg,CC0,http://creativecommons.org/publicdomain/zero/1.0/deed.en,Iudexvivorum,f6f50924ed386ea2e801c95e5bfc46c893400bf1,a69537a4be5cb05e76bff40cc6d062570e3d64e3ed9b0062ee9b33a5021d29a2,5220515,4b1dda2641d7e02def330ec03c4124ebc6f3db071d64ce0ad6452e41aa8afe9b,Samsung,SM-G935F,True,2017:04:22 12:45:52,,0,,,
ph1_indoor_mixed_98a6d41bdc,indoor_mixed,"https://commons.wikimedia.org/wiki/File:Nave,_Beulah_Baptist_Church,_Bexhill_(360_panorama).jpg",https://upload.wikimedia.org/wikipedia/commons/7/71/Nave%2C_Beulah_Baptist_Church%2C_Bexhill_%28360_panorama%29.jpg,https://pd12m.s3.us-west-2.amazonaws.com/images/70829b26-8bbb-57ee-9851-4201aea27757.jpeg,CC0,http://creativecommons.org/publicdomain/zero/1.0/deed.en,Alexis Markwick,98a6d41bdcb6037612eb1fddf90be3cd7f914133,1c5287691ea14dc161ffd0020ffd0e9caf48689752e6435c946c177c82fff588,5365734,10bd2a6353bf11344c1a3f8f58abf579568e322270c44f98823b6b875d15fdd7,LG,LG-R105,True,2018:02:19 11:24:17,,0,,,
ph1_indoor_mixed_4ecda831c6,indoor_mixed,"https://commons.wikimedia.org/wiki/File:Lyon_8e_-_Chapelle_de_l%27H%C3%B4pital_Saint-Jean-de-Dieu,_haut_des_colonnes_lat%C3%A9rales.jpg",https://upload.wikimedia.org/wikipedia/commons/8/86/Lyon_8e_-_Chapelle_de_l%27H%C3%B4pital_Saint-Jean-de-Dieu%2C_haut_des_colonnes_lat%C3%A9rales.jpg,https://pd12m.s3.us-west-2.amazonaws.com/images/882492c4-9dfa-5d1c-aa4f-fbc7265449ac.jpeg,CC0,http://creativecommons.org/publicdomain/zero/1.0/deed.en,Romainbehar,4ecda831c6a8707693c6e7ff2b9c6c4df5c54580,f104c76507c97b1801a5bd3f91171c941800d476df397a71b7f1888836b8799f,3793836,bd63dcdbb9b5d2222096f5c4067698246c13bde1f1b77a51ecd974f9b4cb33a9,Samsung,SM-J500FN,True,2019:10:13 17:19:23,,0,,,
ph1_indoor_mixed_7f672fdb05,indoor_mixed,https://commons.wikimedia.org/wiki/File:Lyon_5e_-_Mus%C3%A9e_Lugdunum_-_EnQu%C3%AAte_de_pouvoir_-_Buste_de_Pertinax_(mus%C3%A9e_Pio_Clementino)_02.jpeg,https://upload.wikimedia.org/wikipedia/commons/8/8c/Lyon_5e_-_Mus%C3%A9e_Lugdunum_-_EnQu%C3%AAte_de_pouvoir_-_Buste_de_Pertinax_%28mus%C3%A9e_Pio_Clementino%29_02.jpeg,https://pd12m.s3.us-west-2.amazonaws.com/images/9753c060-8b2d-515a-a97a-f0ad0bbf03c2.jpeg,CC0,http://creativecommons.org/publicdomain/zero/1.0/deed.en,Romainbehar,7f672fdb054dc364c4179f6b0929c45792336be9,8fe1a0b70991e49f62b16cfd890f3145190985121c9a3010f29ae6e1f3987682,1425259,1b50dce89f91992eff6a953b455893eea1020101a4683212d8e839d558b1991f,Samsung,SM-J500FN,True,2021:12:05 10:29:17,,1,34.0,MST 4-7 (prov.),
ph1_indoor_mixed_71c7f7e6f5,indoor_mixed,https://commons.wikimedia.org/wiki/File:Brussels-Open_Belgium_2019_(13).jpg,https://upload.wikimedia.org/wikipedia/commons/5/5a/Brussels-Open_Belgium_2019_%2813%29.jpg,https://pd12m.s3.us-west-2.amazonaws.com/images/3d7c88c3-b74d-584c-8c70-8eddd40ce0a2.jpeg,CC0,http://creativecommons.org/publicdomain/zero/1.0/deed.en,Romaine,71c7f7e6f5378da63246df078df9ce55247f3795,f10de5c1b952873aade6146fea8923749fcbf79df9af800ef0b1bd1ff0ed6831,2976362,30fff867d20b36be6ce60c33c02dbf755c23c6ad0fa0da6048b9c846e05f4025,Samsung,SM-G950F,True,2019:03:04 15:48:48,,0,,,
ph1_indoor_mixed_9af809874f,indoor_mixed,https://commons.wikimedia.org/wiki/File:%C3%89glise_de_l%27Immacul%C3%A9e-Conception_-_Nef_-_Tableaux_du_chemin_de_croix.jpg,https://upload.wikimedia.org/wikipedia/commons/a/a0/%C3%89glise_de_l%27Immacul%C3%A9e-Conception_-_Nef_-_Tableaux_du_chemin_de_croix.jpg,https://pd12m.s3.us-west-2.amazonaws.com/images/3a0a6838-151c-5bc3-832d-25b3e9590bd8.jpeg,CC0,http://creativecommons.org/publicdomain/zero/1.0/deed.en,Romainbehar,9af809874f002c766b1f16dcc236c6e900b29551,880fcc1a8f7d418d31e35160036e804535c4953948aebeb0a1115f4bb0145285,4048841,a97e3cbec0c6491ea5660617664564b1054ac2c11eff2524f50c21b51237a6b1,Samsung,SM-J500FN,True,2018:04:07 15:31:08,,0,,,
ph1_indoor_mixed_d621e071ac,indoor_mixed,https://commons.wikimedia.org/wiki/File:Wikimedia_Open_Science_event_CRG_2018_18.jpg,https://upload.wikimedia.org/wikipedia/commons/9/9f/Wikimedia_Open_Science_event_CRG_2018_18.jpg,https://pd12m.s3.us-west-2.amazonaws.com/images/7e571ac8-b6b5-54e9-aeb7-1119211938d2.jpeg,CC0,http://creativecommons.org/publicdomain/zero/1.0/deed.en,Kippelboy,d621e071acd8cf3e109bb738ef41603b3d4afca1,8691d61f737c9c4b951edbaa644822e53422d5d17bd429f2391c566a898b1f7c,894934,ca79677504b4820481ccb8248497affdcf4f4cafb2b17c05adbc5d57549d7760,Apple,iPhone 6,True,2018:04:16 10:38:14,,0,,,
ph1_indoor_mixed_4b4f9803e4,indoor_mixed,https://commons.wikimedia.org/wiki/File:Ch%C3%A2sse_du_saint_Cur%C3%A9_d%27Ars_en_avril_2022.JPG,https://upload.wikimedia.org/wikipedia/commons/a/a5/Ch%C3%A2sse_du_saint_Cur%C3%A9_d%27Ars_en_avril_2022.JPG,https://pd12m.s3.us-west-2.amazonaws.com/images/de0b780c-b7d3-58c3-87d2-d5ae86b8857e.jpeg,CC0,http://creativecommons.org/publicdomain/zero/1.0/deed.en,Benoît Prieur,4b4f9803e46c003570c0f31f0ccd670afd2ea4a2,af82268cde5135d4e21d3e248b501d7e9eac33ec5bf70b653cdabe1627f6a2d1,2302986,22c8ba7f4b624acdef289ac77402b76ee3a7aa1d823203afecabf3bb67898c3c,Apple,iPhone 13,True,2022:04:17 19:27:31,,0,,,
ph1_indoor_mixed_acd128830b,indoor_mixed,https://commons.wikimedia.org/wiki/File:Bad_Pyrmont_Christuskirche_05.jpg,https://upload.wikimedia.org/wikipedia/commons/2/29/Bad_Pyrmont_Christuskirche_05.jpg,https://pd12m.s3.us-west-2.amazonaws.com/images/f1db90e7-b28c-560e-9ecf-09376ae2a2d7.jpeg,CC0,http://creativecommons.org/publicdomain/zero/1.0/deed.en,Rabanus Flavus,acd128830be48ad17baecf917e952ef17dd73555,a29a90783ac4ee866f588179ac754efe75a54c602b2fffe0c509e488d1d56811,3977216,50b864edc3c9bc3e4d455ac3cbd2eedebaaf983b05f38d3b8856280936fe7d20,Apple,iPhone 4S,True,2018:08:11 11:22:59,,0,,,
ph1_indoor_mixed_a81d0ebd16,indoor_mixed,https://commons.wikimedia.org/wiki/File:SZ_%E6%B7%B1%E5%9C%B3_Shenzhen_%E5%8D%97%E5%B1%B1_Nanshan_%E8%8F%AF%E5%83%91%E5%9F%8E_OCT_%E5%83%91%E5%9F%8E%E8%A5%BF%E8%A1%97_QiaoCheng_West_Street_Hotel_Indigo_February_2024_R12S_211_lobby.jpg,https://upload.wikimedia.org/wikipedia/commons/a/a2/SZ_%E6%B7%B1%E5%9C%B3_Shenzhen_%E5%8D%97%E5%B1%B1_Nanshan_%E8%8F%AF%E5%83%91%E5%9F%8E_OCT_%E5%83%91%E5%9F%8E%E8%A5%BF%E8%A1%97_QiaoCheng_West_Street_Hotel_Indigo_February_2024_R12S_211_lobby.jpg,https://pd12m.s3.us-west-2.amazonaws.com/images/bdcae2e3-6615-5a78-891f-ecd18b6605e3.jpeg,CC0,http://creativecommons.org/publicdomain/zero/1.0/deed.en,YEING Luwem Hai Wangs,a81d0ebd16015b21bad61e639007bcf99aece172,5fb205fb2817e85ce9ebdfa8473a2ba19e4ccac06bd51530b7a2d4c7b7e143fe,3373137,e9a8c53cc7cc10eb874bb7429d56b924b2356f45ba523852c6fb1ddfd184222a,Xiaomi,23030RAC7Y,True,2024:02:14 15:45:23,,0,,,
ph1_indoor_mixed_2777bf6b33,indoor_mixed,"https://commons.wikimedia.org/wiki/File:Caluire-et-Cuire_-_Chapelle_Saint-Boniface,_plafond.jpg",https://upload.wikimedia.org/wikipedia/commons/8/8f/Caluire-et-Cuire_-_Chapelle_Saint-Boniface%2C_plafond.jpg,https://pd12m.s3.us-west-2.amazonaws.com/images/30b4be93-a9eb-5ea4-be27-ad05390338a9.jpeg,CC0,http://creativecommons.org/publicdomain/zero/1.0/deed.en,Romainbehar,2777bf6b3326a207615089b2597919cb81dd963e,796449d0e4ba90a78b4b000f3d99307e06e5eed1519d70bdfe94aa11b6f981ad,4251453,751a2eefedd4e995251fceb85ac6b1a04271377bbe3eee0882cdaec99c3c53c2,Samsung,SM-J500FN,True,2019:05:31 17:57:16,,0,,,
ph1_indoor_mixed_af4162d93d,indoor_mixed,https://commons.wikimedia.org/wiki/File:Jiaozi_Financial_Museum_7.jpg,https://upload.wikimedia.org/wikipedia/commons/0/02/Jiaozi_Financial_Museum_7.jpg,https://pd12m.s3.us-west-2.amazonaws.com/images/0d6e467c-03ee-55f3-a210-49967ff83385.jpeg,CC0,http://creativecommons.org/publicdomain/zero/1.0/deed.en,EditQ,af4162d93d2e5b81253f5e3358a2b4250382bace,266e5bb1c3c78c6766f2bc94b98d33bbae73c02fbf55531a2265607c9feef9a2,3244573,2cc8616feec4c9cbebd82207878b6ed1ad7a36aab124b4e6cac9b2b37cbaa323,Samsung,SM-A5160,True,2023:09:15 13:12:35,,0,,,
ph1_indoor_mixed_65e5d96cf7,indoor_mixed,https://commons.wikimedia.org/wiki/File:Konstantinbasilika_Trier_Innenraum_03.jpg,https://upload.wikimedia.org/wikipedia/commons/e/e3/Konstantinbasilika_Trier_Innenraum_03.jpg,https://pd12m.s3.us-west-2.amazonaws.com/images/21afd98a-2019-5d91-a004-b0ede5b74af5.jpeg,CC0,http://creativecommons.org/publicdomain/zero/1.0/deed.en,H.Helmlechner,65e5d96cf7157f1a5237c41660c58789cd6c2d7c,dec40f6a52fa90305c70a19d2e9af5e9edf83ccd0e188d31f4a50c426a55d748,9023710,eda7884aebf1fda9182960cd471ae1c8d81e751dc6a18deb983e214716f5f932,Xiaomi,Mi Note 10 Lite,True,2022:08:24 14:40:48,,0,,,
ph1_indoor_mixed_c2557aec7c,indoor_mixed,"https://commons.wikimedia.org/wiki/File:Rotunda_Mosaics,_Cincinnati_Union_Terminal,_Queensgate,_Cincinnati,_OH_(32588985987).jpg",https://upload.wikimedia.org/wikipedia/commons/1/1c/Rotunda_Mosaics%2C_Cincinnati_Union_Terminal%2C_Queensgate%2C_Cincinnati%2C_OH_%2832588985987%29.jpg,https://pd12m.s3.us-west-2.amazonaws.com/images/c9969c42-4c03-56ae-be46-dc2387f70435.jpeg,CC0,http://creativecommons.org/publicdomain/zero/1.0/deed.en,"Warren LeMay from Cincinnati, OH, United States",c2557aec7c9b6c8d3e3db2fe91759e906ee6f2c2,8136287ff85fee2b1e94dc50008fb98d9f6e4eb69b11c1beb6bf167799748672,2964979,b53b6b58b1730a0acf14e66075e24790815b9c0bed61d2d1bb61b84d49c944ce,Apple,iPhone 8,True,2019:04:02 14:02:04,,0,,,
ph1_indoor_mixed_2619917f8a,indoor_mixed,https://commons.wikimedia.org/wiki/File:Chapelle_des_Chartreux_-_Balcon_et_orgues.jpg,https://upload.wikimedia.org/wikipedia/commons/a/ab/Chapelle_des_Chartreux_-_Balcon_et_orgues.jpg,https://pd12m.s3.us-west-2.amazonaws.com/images/ea3b671b-1f10-5cd2-be82-f558e1b0571f.jpeg,CC0,http://creativecommons.org/publicdomain/zero/1.0/deed.en,Romainbehar,2619917f8a45a6cb471de380c2a6318ae36f0c87,89044dbfc534066d453003489c612bda0f6106ad87a52e749b288a953fa5f212,3850495,65e21f6ac16a0afe7b2cce3aec1ee8bda5fed9df944da90472945acdf838bb4c,Samsung,SM-J500FN,True,2018:09:15 14:05:15,,0,,,
ph1_indoor_mixed_bf95034a2c,indoor_mixed,https://commons.wikimedia.org/wiki/File:Daquella_manera_-_42391846190.jpg,https://upload.wikimedia.org/wikipedia/commons/8/80/Daquella_manera_-_42391846190.jpg,https://pd12m.s3.us-west-2.amazonaws.com/images/7a92be08-f1ea-5ce4-9590-f662c755ab94.jpeg,CC0,http://creativecommons.org/publicdomain/zero/1.0/deed.en,Daniel Lobo,bf95034a2c554d8774ebc78c65a033ce9a0f0f4b,d11e75460655a72682ff6b90aa96c558aea330f4cba0456ed8623a39eb719550,2575905,bff5ddacc9f58642575c9b3a0ce4935655313dcf75bb800622d60c53d50c7d5f,Apple,iPhone 7,True,2018:08:19 10:58:54,,0,,,
ph1_indoor_mixed_1344e69fbb,indoor_mixed,https://commons.wikimedia.org/wiki/File:%C3%89glise_Notre-Dame_de_Bellecombe_de_Lyon_-_Plafond_du_ch%C5%93ur.jpg,https://upload.wikimedia.org/wikipedia/commons/1/10/%C3%89glise_Notre-Dame_de_Bellecombe_de_Lyon_-_Plafond_du_ch%C5%93ur.jpg,https://pd12m.s3.us-west-2.amazonaws.com/images/12577b1a-3371-5376-8e2a-d45cfa017cf3.jpeg,CC0,http://creativecommons.org/publicdomain/zero/1.0/deed.en,Romainbehar,1344e69fbbd4d8f5f115fee4190a632c386da5e5,6be9667dc5cf6f46c23b623d311b1ed601115b291288a03097a74df55a6c3bb3,3916285,0603b57001ff653e932c3a92b06ec92548b19b924961c72e4fa5de557c3d8999,Samsung,SM-J500FN,True,2018:06:19 09:09:36,,0,,,
ph1_indoor_mixed_45dc8a8231,indoor_mixed,"https://commons.wikimedia.org/wiki/File:Masjid_Jamek_Al-Karomah,_Kampung_Bukit_Naning_20230916_174727.jpg",https://upload.wikimedia.org/wikipedia/commons/1/10/Masjid_Jamek_Al-Karomah%2C_Kampung_Bukit_Naning_20230916_174727.jpg,https://pd12m.s3.us-west-2.amazonaws.com/images/f3905f6c-ec5c-582f-81c9-15516c2e14cb.jpeg,CC0,http://creativecommons.org/publicdomain/zero/1.0/deed.en,Wiki Farazi,45dc8a82316b0f05fd2f5cd9a9594d257bdd9d1b,eadf12bdb98bf9dcf493241a74870708ee513fb622cb024fa2d2b761b565015e,2991828,7b9efc6e81b3cc52be547172fb10b1ccc5af38cfc126434ec16255d0115d0238,Xiaomi,M2006C3MG,True,2023:09:16 17:47:27,,0,,,
ph1_indoor_mixed_987efaa8cf,indoor_mixed,https://commons.wikimedia.org/wiki/File:HK_TPD_%E5%A4%A7%E5%9F%94_Tai_Po_Wan_Tau_Street_%E5%A4%A7%E5%9F%94%E5%A2%9F%E8%A1%97%E5%B8%82%E5%8F%8A%E7%86%9F%E9%A3%9F%E4%B8%AD%E5%BF%83_Tai_Po_Hui_Market_and_Cooked_Food_Centre_December_2023_R12S_04.jpg,https://upload.wikimedia.org/wikipedia/commons/4/43/HK_TPD_%E5%A4%A7%E5%9F%94_Tai_Po_Wan_Tau_Street_%E5%A4%A7%E5%9F%94%E5%A2%9F%E8%A1%97%E5%B8%82%E5%8F%8A%E7%86%9F%E9%A3%9F%E4%B8%AD%E5%BF%83_Tai_Po_Hui_Market_and_Cooked_Food_Centre_December_2023_R12S_04.jpg,https://pd12m.s3.us-west-2.amazonaws.com/images/002b8d6d-03f3-5e4a-ae17-840c28a9af5e.jpeg,CC0,http://creativecommons.org/publicdomain/zero/1.0/deed.en,Kitgor Shiklap Poerw,987efaa8cf3108a54db0aed736c2e3703af1df8a,d7e26462376e40a9b02e8db5531327a11f2b2870af60ad9018b62b1ca4045ecc,3571938,271fe45a0d7d0499ede423ca6aad14c1569231bb0e6ae3a9389b23366f2d3f4a,Xiaomi,23030RAC7Y,True,2023:12:10 11:30:50,,0,,,
ph1_indoor_mixed_e2336b8a06,indoor_mixed,https://commons.wikimedia.org/wiki/File:Arabic_Wikipedia_workshop_during_Wikimania_2017_at_Banq_14.jpg,https://upload.wikimedia.org/wikipedia/commons/7/76/Arabic_Wikipedia_workshop_during_Wikimania_2017_at_Banq_14.jpg,https://pd12m.s3.us-west-2.amazonaws.com/images/b74f60f8-9a4f-505a-9cc5-cded5ac2b055.jpeg,CC0,http://creativecommons.org/publicdomain/zero/1.0/deed.en,Great11,e2336b8a069c152c313b17305fe2636b5842c3be,59312ce99e7a292f74bd8fe3bd6962c052e6d7b8b920f688a9af0ef9182750c2,2711237,2a38b95ac46697049b0337dad7773e7cd2b15121b44bee5ece91e5809dfedef2,Apple,iPhone 7,True,2017:08:13 15:50:30,,0,,,
ph1_indoor_mixed_5c35939f3c,indoor_mixed,https://commons.wikimedia.org/wiki/File:TW_%E5%8F%B0%E7%81%A3_Taiwan_%E5%8F%B0%E5%8C%97_Taipei_%E9%81%BC%E5%AF%A7%E8%A1%97_Liaoning_Street_shop_beverage_March_2024_R12S_10.jpg,https://upload.wikimedia.org/wikipedia/commons/1/16/TW_%E5%8F%B0%E7%81%A3_Taiwan_%E5%8F%B0%E5%8C%97_Taipei_%E9%81%BC%E5%AF%A7%E8%A1%97_Liaoning_Street_shop_beverage_March_2024_R12S_10.jpg,https://pd12m.s3.us-west-2.amazonaws.com/images/b148a78a-49e0-5f2c-a9ae-229fb4ada861.jpeg,CC0,http://creativecommons.org/publicdomain/zero/1.0/deed.en,Ounfs Robmmy 238,5c35939f3c58245bac1a92a5160e0f560a352cbf,7727486ed92772c941bcbcdd779d6e29f0a407b30e97e987f71b8772952dae6b,3178125,5d7f8194a0cde29f90cc2198f847e4ad04d6a7137213f2975d28ded2990a01ee,Xiaomi,23030RAC7Y,True,2024:03:10 15:45:46,,0,,,
ph1_indoor_mixed_343469fd87,indoor_mixed,https://commons.wikimedia.org/wiki/File:Mexick%C3%A1_kotleta_20210409_183113.jpg,https://upload.wikimedia.org/wikipedia/commons/f/f0/Mexick%C3%A1_kotleta_20210409_183113.jpg,https://pd12m.s3.us-west-2.amazonaws.com/images/c7c68202-12a3-5a59-98d9-67d40eac8392.jpeg,CC0,http://creativecommons.org/publicdomain/zero/1.0/deed.en,Luhačovice 2021,343469fd870cadc1eaec5de52367cf0c1037ade2,2d06a90ef235b737b81ecce83a4517108a3603db80992042aafc8afc57f39ac3,4549727,b4d0053b83710b4d5a219e1c8672249034339f38793dc8f2d218f74e55041af1,Samsung,SM-A750FN,True,2021:04:09 18:31:13,,0,,,
ph1_indoor_mixed_fcad76bad2,indoor_mixed,"https://commons.wikimedia.org/wiki/File:Burger,_fries,_and_baked_pasta_-_La_Tessa.jpg",https://upload.wikimedia.org/wikipedia/commons/2/27/Burger%2C_fries%2C_and_baked_pasta_-_La_Tessa.jpg,https://pd12m.s3.us-west-2.amazonaws.com/images/06f2fb42-ff36-5332-a5ed-e8ad0187301b.jpeg,CC0,http://creativecommons.org/publicdomain/zero/1.0/deed.en,Andy Li,fcad76bad2bfc97c0a89d2f2b91a10af9f44ceec,966c6aec923960a227f21d09a1967698389454e51b77f3dcc4a124cc9cf6543b,4994603,dcd142f0f13982cd5cd234daf116e9a9320188cd8d59a0cc975485d61005e382,Samsung,SM-G9650,True,2021:05:10 14:00:57,,0,,,
ph1_indoor_mixed_78737b9b06,indoor_mixed,https://commons.wikimedia.org/wiki/File:The_interior_of_Mercedes-Benz_GLA45_AMG_4MATIC_Edition_1_(X156).JPG,https://upload.wikimedia.org/wikipedia/commons/f/f2/The_interior_of_Mercedes-Benz_GLA45_AMG_4MATIC_Edition_1_%28X156%29.JPG,https://pd12m.s3.us-west-2.amazonaws.com/images/f349e4b8-c061-5e4b-b062-f612f0d4e2c3.jpeg,CC0,http://creativecommons.org/publicdomain/zero/1.0/deed.en,Tokumeigakarinoaoshima,78737b9b067dfda30216be12ed31f388df65fe75,e41426674b488d1d3f46f283319bcd450d50e486349576f62e5450128573a4e1,2292914,f2fc6498a68095cc34200cad3cf1461439f643cfca6365d8342a91363be4bab9,Apple,iPad Air,True,2014:10:18 13:50:50,,0,,,
ph1_indoor_mixed_042282c279,indoor_mixed,"https://commons.wikimedia.org/wiki/File:Temple_of_Isis,_Philae_Temple_Complex,_Agilkia_Island,_Aswan,_AG,_EGY_(48027096927).jpg",https://upload.wikimedia.org/wikipedia/commons/0/0c/Temple_of_Isis%2C_Philae_Temple_Complex%2C_Agilkia_Island%2C_Aswan%2C_AG%2C_EGY_%2848027096927%29.jpg,https://pd12m.s3.us-west-2.amazonaws.com/images/78691f0c-ef90-57c9-99cf-081806bec6e7.jpeg,CC0,http://creativecommons.org/publicdomain/zero/1.0/deed.en,"Warren LeMay from Cullowhee, NC, United States",042282c2798521688ea80d4e5bf83729e2dc0b78,ca63d5d15a5ffdde078dcf9bf73e1149fbbc99d7c418b50554251779352d8757,2228388,617a16a64287a5ddd271c5d3a3c3a646c918a70b936b8879b4a8483cf90f802c,Apple,iPhone 8,True,2019:05:16 09:53:06,,0,,,
ph1_indoor_mixed_735b5af258,indoor_mixed,https://commons.wikimedia.org/wiki/File:Bus_cockpit.jpg,https://upload.wikimedia.org/wikipedia/commons/2/2c/Bus_cockpit.jpg,https://pd12m.s3.us-west-2.amazonaws.com/images/e1d7c03d-aef9-5a34-bc7e-0b685a14d535.jpeg,CC0,http://creativecommons.org/publicdomain/zero/1.0/deed.en,NikosLikomitros,735b5af258ad41234710e27dd3cc5e35e78830ff,87a312fda5b2f5393948cdb3e6d98ade093fbd847d6dafeb3288c64d480f632d,5128594,8fcc8937fd3bcd9ec59ba664e2fdcd32e81c2e57eaef27a1ca531f8c664b7e2d,Xiaomi,M2102J20SG,True,2023:02:02 22:27:06,,0,,,
ph1_indoor_mixed_3142de5056,indoor_mixed,https://commons.wikimedia.org/wiki/File:Bad_Pyrmont_St_Petri_06.jpg,https://upload.wikimedia.org/wikipedia/commons/1/11/Bad_Pyrmont_St_Petri_06.jpg,https://pd12m.s3.us-west-2.amazonaws.com/images/94964663-9bae-5b7b-b46e-fed834c69e2a.jpeg,CC0,http://creativecommons.org/publicdomain/zero/1.0/deed.en,Rabanus Flavus,3142de5056678cbdaed9aef86b2721aff4ef8a10,5e9c05997d3d03a61c803a558ec192d4ba0060304eb0591da954978c552d0ca3,1815805,c2b42c67566270af9b3e0e8a70028e7cd01ca058b4908e9171940707ae95a1f7,Apple,iPhone 4S,True,2018:08:09 15:49:01,,0,,,
ph1_indoor_mixed_0ffb195464,indoor_mixed,"https://commons.wikimedia.org/wiki/File:Interior_of_Pastan,_Brighton_2024-01-24.jpg",https://upload.wikimedia.org/wikipedia/commons/d/dd/Interior_of_Pastan%2C_Brighton_2024-01-24.jpg,https://pd12m.s3.us-west-2.amazonaws.com/images/d809332b-b9fc-5b2f-b4a7-1cc8270f1ed9.jpeg,CC0,http://creativecommons.org/publicdomain/zero/1.0/deed.en,Andy Li,0ffb19546483dd99f0afb9d6b1afe12eea68a6a6,9be98ed55c36910e9b0c069fc9f6e2ebe4256a8466ff63b8a03f1ba39c5282b8,2795799,23951653c1e6b476531786a361f8cd647d74e84558090234a68ba38a2f93a66c,Samsung,SM-G9650,True,2024:01:24 13:30:21,,0,,,
ph1_indoor_mixed_93afc82a2b,indoor_mixed,https://commons.wikimedia.org/wiki/File:The_Big_Bang_Theory_(Burbank)_July_2022_(7).JPG,https://upload.wikimedia.org/wikipedia/commons/e/e2/The_Big_Bang_Theory_%28Burbank%29_July_2022_%287%29.JPG,https://pd12m.s3.us-west-2.amazonaws.com/images/b3d1efc1-c21e-5165-ac37-bae1452ddedf.jpeg,CC0,http://creativecommons.org/publicdomain/zero/1.0/deed.en,Benoît Prieur,93afc82a2bfd5566058b300117ee142312b6175f,73e768792b829799ffb60fb415a38f9cc9620360047fd52141c95e9478f2ab2c,2833942,322a20bbc718bf0e31337be0f674c1507f712f7d092d7ca715cd11d6964de7b9,Apple,iPhone 13,True,2022:07:10 15:21:53,,0,,,
ph1_indoor_mixed_062792a6c8,indoor_mixed,https://commons.wikimedia.org/wiki/File:Dell%27Anima_(Beynost)_vue_int%C3%A9rieure.jpg,https://upload.wikimedia.org/wikipedia/commons/5/5e/Dell%27Anima_%28Beynost%29_vue_int%C3%A9rieure.jpg,https://pd12m.s3.us-west-2.amazonaws.com/images/aad73b18-ff79-5284-99e7-2c6b455c0896.jpeg,CC0,http://creativecommons.org/publicdomain/zero/1.0/deed.en,Benoît Prieur,062792a6c841589d2f892984597867f2dfcc341d,a602adaa2221dfbc12fe481d532dbb8679aa01ed6afefcabd52453027d239c53,4973461,65f42262e191603d01f26152cfc31b6cd17a1eb1d9f25b5e2410e1ce9ee4a84e,Apple,iPhone XS,True,2021:09:11 19:44:26,,0,,,
ph1_indoor_mixed_8fc960e5e2,indoor_mixed,https://commons.wikimedia.org/wiki/File:SZ_%E6%B7%B1%E5%9C%B3_Shenzhen_%E7%A6%8F%E7%94%B0_Futian_%E7%9A%87%E5%BA%AD%E5%BB%A3%E5%A0%B4_Wongtee_Plaza_%E5%95%86%E5%A0%B4_Mall_shop_%E9%A6%AE%E5%9B%9B%E5%AD%83_restaurant_January_2024_R12S_08.jpg,https://upload.wikimedia.org/wikipedia/commons/e/e1/SZ_%E6%B7%B1%E5%9C%B3_Shenzhen_%E7%A6%8F%E7%94%B0_Futian_%E7%9A%87%E5%BA%AD%E5%BB%A3%E5%A0%B4_Wongtee_Plaza_%E5%95%86%E5%A0%B4_Mall_shop_%E9%A6%AE%E5%9B%9B%E5%AD%83_restaurant_January_2024_R12S_08.jpg,https://pd12m.s3.us-west-2.amazonaws.com/images/e85a72ec-e227-5ffe-a312-3fadfaee04ea.jpeg,CC0,http://creativecommons.org/publicdomain/zero/1.0/deed.en,KAGYAMIUW Hangmaou,8fc960e5e2119b97e9b3c5636454c4d42080df49,e4978353693d8ce3cef169fd4cde7a5fe8292378b1ea8c07b4adae267f42fb8b,3340468,00f452c13e2c165eee41e1d332eb84535e1e67a1c26399d662fbcc918924d75c,Xiaomi,23030RAC7Y,True,2024:01:23 16:09:02,,0,,,
ph1_indoor_mixed_f80e203bc5,indoor_mixed,https://commons.wikimedia.org/wiki/File:HK_SKD_TKO_%E5%B0%87%E8%BB%8D%E6%BE%B3_Tseung_Kwan_O_%E5%9D%91%E5%8F%A3_Hang_Hau_%E8%94%9A%E8%97%8D%E7%81%A3%E7%95%94_Residence_Oasis_%E5%B1%8B%E8%8B%91%E6%9C%83%E6%89%80_Clubhouse_sign_February_2024_R12S_04.jpg,https://upload.wikimedia.org/wikipedia/commons/3/3a/HK_SKD_TKO_%E5%B0%87%E8%BB%8D%E6%BE%B3_Tseung_Kwan_O_%E5%9D%91%E5%8F%A3_Hang_Hau_%E8%94%9A%E8%97%8D%E7%81%A3%E7%95%94_Residence_Oasis_%E5%B1%8B%E8%8B%91%E6%9C%83%E6%89%80_Clubhouse_sign_February_2024_R12S_04.jpg,https://pd12m.s3.us-west-2.amazonaws.com/images/91fe2262-7301-5725-92f2-dd5ac7e229e0.jpeg,CC0,http://creativecommons.org/publicdomain/zero/1.0/deed.en,OaseH PUOOSEAI Lam,f80e203bc53257a708573baa7f37541cf20bdec7,9c32a572466f2b07299944a28ae806e57014cebab6909577dd69e1fc60fbc8d6,2664841,619631985e58b32570f5fb9bddfbc673d1055a1271ff9768747647c7cf57dcf4,Xiaomi,23030RAC7Y,True,2024:02:19 20:20:20,,0,,,
ph1_indoor_mixed_08a329f79b,indoor_mixed,"https://commons.wikimedia.org/wiki/File:Paris_7e_-_Mus%C3%A9e_Rodin,_Pers%C3%A9e_et_la_Gorgone,_de_Camille_Claudel,_S.01015,_marbre_taill%C3%A9_par_Fran%C3%A7ois_Pompon_en_1903_(1).jpg",https://upload.wikimedia.org/wikipedia/commons/4/41/Paris_7e_-_Mus%C3%A9e_Rodin%2C_Pers%C3%A9e_et_la_Gorgone%2C_de_Camille_Claudel%2C_S.01015%2C_marbre_taill%C3%A9_par_Fran%C3%A7ois_Pompon_en_1903_%281%29.jpg,https://pd12m.s3.us-west-2.amazonaws.com/images/75cc32f4-634b-5e04-a020-57f087241aed.jpeg,CC0,http://creativecommons.org/publicdomain/zero/1.0/deed.en,Romainbehar,08a329f79baf49a6d7b2e42f76099b6e4be4c199,708445a6bc6356505ca5bd0f0c70acbfb3403aa311b568f57aab1576758afcf5,3113991,57e27a2a129e909483395f9605fcc75cf15b49e2b0ccb545a800cc9a1d1064dc,Samsung,SM-J500FN,True,2019:08:25 14:38:14,,0,,,
ph1_indoor_mixed_bfa834ffc0,indoor_mixed,"https://commons.wikimedia.org/wiki/File:Sculpture_at_Glyptothek_museum,_Munich_71.jpg",https://upload.wikimedia.org/wikipedia/commons/0/0d/Sculpture_at_Glyptothek_museum%2C_Munich_71.jpg,https://pd12m.s3.us-west-2.amazonaws.com/images/5c1c24b0-db56-5c02-af89-e97182344d92.jpeg,CC0,http://creativecommons.org/publicdomain/zero/1.0/deed.en,Netha Hussain,bfa834ffc036df0afb2da391dbd8615bd2013555,5cee803269f92aaefe52fb0e6063c5950a1e30e30019f00fe97815345cbff117,4807077,30af725d9394e82284d95d2ff9a0f64a9cac65f9109415f790ac87ebd30a176a,Huawei,VOG-L29,True,2021:10:24 11:53:20,,1,71.8,MST 1-3 (prov.),
ph1_indoor_mixed_cbb20039f3,indoor_mixed,https://commons.wikimedia.org/wiki/File:GD_%E5%BB%A3%E6%9D%B1_Guangdong_%E4%BD%9B%E5%B1%B1_Foshan_%E9%A0%86%E5%BE%B7_Shunde_%E5%9D%87%E5%AE%89%E9%8E%AE_JunAn_Town_%E7%BF%A0%E6%B9%96%E8%B7%AF_Cuihu_Road_%E4%BD%9B%E5%B1%B1%E9%A7%BF%E6%99%AF%E9%85%92%E5%BA%97_Foshan_Panorama_Hotel_January_2024_R12S_31.jpg,https://upload.wikimedia.org/wikipedia/commons/b/be/GD_%E5%BB%A3%E6%9D%B1_Guangdong_%E4%BD%9B%E5%B1%B1_Foshan_%E9%A0%86%E5%BE%B7_Shunde_%E5%9D%87%E5%AE%89%E9%8E%AE_JunAn_Town_%E7%BF%A0%E6%B9%96%E8%B7%AF_Cuihu_Road_%E4%BD%9B%E5%B1%B1%E9%A7%BF%E6%99%AF%E9%85%92%E5%BA%97_Foshan_Panorama_Hotel_January_2024_R12S_31.jpg,https://pd12m.s3.us-west-2.amazonaws.com/images/ef5752d5-01ed-57c6-9c79-659823338f1a.jpeg,CC0,http://creativecommons.org/publicdomain/zero/1.0/deed.en,Lau Hau Yatyue Tiger,cbb20039f386e5c68331434433baf7d565a41aaa,e0e6850d576ee5b8dfb375f7227bddca8742bb77a3a3ab778a08cd94b3811f9c,2530033,660353a8fc7ff563b5c3d9e779daedcb609cffb350fe97b5b4cc101b0a947667,Xiaomi,23030RAC7Y,True,2024:01:20 16:12:55,,0,,,
ph1_indoor_mixed_fbc8a0b2f7,indoor_mixed,https://commons.wikimedia.org/wiki/File:Baked_goods_by_The_Botanist_Coffee_Co.jpg,https://upload.wikimedia.org/wikipedia/commons/3/32/Baked_goods_by_The_Botanist_Coffee_Co.jpg,https://pd12m.s3.us-west-2.amazonaws.com/images/0b7a6ef2-2120-52d8-9252-c815cda84539.jpeg,CC0,http://creativecommons.org/publicdomain/zero/1.0/deed.en,Andy Li,fbc8a0b2f731ce4b3a489b5435d26c43bef94fc9,4d5f02090ae942047512bfc5314a21ae0b5150c4bf13b49c268122880b8ee7c8,4147911,ba1e475faee414139679a6b6d1616e6b583281bbcdb37232b0bbacf323e015d8,Samsung,SM-G9650,True,2022:12:10 09:56:59,,0,,,
ph1_indoor_mixed_8dde46937b,indoor_mixed,https://commons.wikimedia.org/wiki/File:SZ_%E6%B7%B1%E5%9C%B3%E5%B8%82_Shenzhen_Longhua_train_interior_January_2024_R12S_04.jpg,https://upload.wikimedia.org/wikipedia/commons/8/84/SZ_%E6%B7%B1%E5%9C%B3%E5%B8%82_Shenzhen_Longhua_train_interior_January_2024_R12S_04.jpg,https://pd12m.s3.us-west-2.amazonaws.com/images/a9bbeab7-2104-52f5-bca7-9073bba48c55.jpeg,CC0,http://creativecommons.org/publicdomain/zero/1.0/deed.en,Singkabee Liam H Tonga,8dde46937bd588dafa7ee630c4ae73effe2f3591,9338a78cd2b39b23827262b9971d8290e1a5580aa5c0010c75d55863877b3c91,3782094,a51a682bbf90da3fa7035ca04f269b99fd657fd5234dd11b9348fc717743cc02,Xiaomi,23030RAC7Y,True,2024:01:18 19:29:47,,1,-21.2,MST 8-10 (prov.),
ph1_indoor_mixed_0c71330a29,indoor_mixed,"https://commons.wikimedia.org/wiki/File:Neumarktkirche_Merseburg,_Ansicht_nach_Westen.jpg",https://upload.wikimedia.org/wikipedia/commons/7/75/Neumarktkirche_Merseburg%2C_Ansicht_nach_Westen.jpg,https://pd12m.s3.us-west-2.amazonaws.com/images/ec2f0ee5-e45c-5f07-a489-106ed009036a.jpeg,CC0,http://creativecommons.org/publicdomain/zero/1.0/deed.en,Catatine,0c71330a291d5f6bb1aea98e8f383178d1167e17,fd5bdc4cfd3762a5fad79c908b936a48c694f41f6d993c2afabc138049d62310,1609743,34f401325815a0ba9ec51706f0131440e2083bb0676cbe5b0560a880b8bf1db1,Samsung,SM-A217F,True,2022:01:01 14:13:25,,0,,,
ph1_landscape_ed23d26a1d,landscape,https://commons.wikimedia.org/wiki/File:The_Phallus_2.jpg,https://upload.wikimedia.org/wikipedia/commons/e/ee/The_Phallus_2.jpg,https://pd12m.s3.us-west-2.amazonaws.com/images/b73bb966-2f94-5594-b1ed-fa8af1e8b02f.jpeg,CC0,http://creativecommons.org/publicdomain/zero/1.0/deed.en,Mx. Granger,ed23d26a1d3106b0d14429068eff5e0999b17f35,afcfdfe4003f053ff1652dcc07bda0bf909c42ae98af3f6f3455b6615104eb42,995545,5c25e736da0f793bc8418ce3d63244c5f8b6613658ae9bd018caf3db3f49599b,Motorola,moto g(7) power,True,2021:12:07 11:06:26,,0,,,
ph1_landscape_74d00f9678,landscape,"https://commons.wikimedia.org/wiki/File:View_of_Musuan,_Bukidnon,_Philippines_from_Musuan_Peak_summit.jpg",https://upload.wikimedia.org/wikipedia/commons/b/bd/View_of_Musuan%2C_Bukidnon%2C_Philippines_from_Musuan_Peak_summit.jpg,https://pd12m.s3.us-west-2.amazonaws.com/images/5dfc3bd0-9867-5c36-ac02-809bfac6debc.jpeg,CC0,http://creativecommons.org/publicdomain/zero/1.0/deed.en,Obsidian Soul,74d00f9678c7fb4255afefab9e451e164290db89,de743788148f3bf54c8d625d63066fbacd8d255d6549eb453fdb9ead65834738,2277738,cdf4c8c2385da6786d8106013fe3ed52ca7bf4ebfab78dcf8f88935e07971b2e,Samsung,SM-G935F,True,2017:01:15 08:01:36,,0,,,
ph1_landscape_890386b130,landscape,https://commons.wikimedia.org/wiki/File:Blick_auf_Kr%C3%B6v_04.jpg,https://upload.wikimedia.org/wikipedia/commons/0/04/Blick_auf_Kr%C3%B6v_04.jpg,https://pd12m.s3.us-west-2.amazonaws.com/images/61dca3f5-7059-531a-a6d5-5603d6db2a92.jpeg,CC0,http://creativecommons.org/publicdomain/zero/1.0/deed.en,Helmlechner,890386b1308c797b2192fc368caf9b58c0fbb64c,8ee179d256945ddb6bf0b3c732cd9820ada02c8b59ff39d993c27bb5c999671a,8203539,21f60cdbf80bacb94a4d6ca726660399a1133e89f2559d5fb504e157e923a78f,Xiaomi,Mi Note 10 Lite,True,2022:08:21 12:05:07,,0,,,
ph1_landscape_ee045cafb6,landscape,https://commons.wikimedia.org/wiki/File:%C3%87avu%C5%9Fin_k%C3%B6y%C3%BC_yama%C3%A7_yerle%C5%9Fim_ve_g%C3%BCvercinlik_(2).JPG,https://upload.wikimedia.org/wikipedia/commons/7/71/%C3%87avu%C5%9Fin_k%C3%B6y%C3%BC_yama%C3%A7_yerle%C5%9Fim_ve_g%C3%BCvercinlik_%282%29.JPG,https://pd12m.s3.us-west-2.amazonaws.com/images/eeee93df-fb46-5f1c-a99b-304442655952.jpeg,CC0,http://creativecommons.org/publicdomain/zero/1.0/deed.en,Cobija,ee045cafb662a167a2d0e4145e161a18e1cc62b7,1f00c8b93392e95673d8332df0b6ba3dbf18ad445ca586127976f537628beffe,2173353,e8eb9a0b098e47dacf48b2b5255d7ca2dd3a9995943fbfcc5d6d6a63cf674005,Samsung,SAMSUNG ES73 / VLUU ES73 / SAMSUNG SL605,True,2014:03:02 12:06:13,,0,,,
ph1_landscape_6746eea9c8,landscape,https://commons.wikimedia.org/wiki/File:Aerial_view_of_Seksyen_U4_Shah_Alam_20231125_104355.jpg,https://upload.wikimedia.org/wikipedia/commons/6/6b/Aerial_view_of_Seksyen_U4_Shah_Alam_20231125_104355.jpg,https://pd12m.s3.us-west-2.amazonaws.com/images/91bc3650-4b8e-5297-8465-dce6aafe7dce.jpeg,CC0,http://creativecommons.org/publicdomain/zero/1.0/deed.en,Wiki Farazi,6746eea9c8c582a67d66416d70211331458f3146,3b3d3c4a1b92736ac5d089076a80630c6b88be8de3e180c7b10e5c53dfd0f0e6,3739559,525e19076c1cb8893a78ffbd05fb58cba1ffbb15e8f280a0ef7b84f1939d1fec,Xiaomi,M2006C3MG,True,2023:11:25 10:43:55,,0,,,
ph1_landscape_23a1d5d840,landscape,https://commons.wikimedia.org/wiki/File:%E6%B0%B4%E4%B8%AD%E7%A2%89%E6%A5%BC_1.jpg,https://upload.wikimedia.org/wikipedia/commons/3/35/%E6%B0%B4%E4%B8%AD%E7%A2%89%E6%A5%BC_1.jpg,https://pd12m.s3.us-west-2.amazonaws.com/images/a2c57359-8aed-538b-ab9f-794514bf03dc.jpeg,CC0,http://creativecommons.org/publicdomain/zero/1.0/deed.en,Mx. Granger,23a1d5d84088526d4e7da233356b03fc059cc60f,09508b3da5ae88377aed431acf27a0fa2ab3b654573cd2808082d1a5f5d8ba7b,1226769,05f137903aa0f7b5700e6ae6c47ac89b1ea65e23aea584d501d35c80018a4081,Motorola,moto g(7) power,True,2019:11:19 16:57:23,,0,,,
ph1_landscape_c11da4d075,landscape,https://commons.wikimedia.org/wiki/File:%D8%B5%D8%B9%D9%88%D8%AF_%D8%B2%D9%85%D8%B3%D8%AA%D8%A7%D9%86%DB%8C_%D8%A8%D9%87_%D9%82%D9%84%D9%87_%D9%82%D9%88%DA%86%DA%AF%D8%B1_%D8%AF%D8%B1_%D8%A7%D8%B3%D8%AA%D8%A7%D9%86_%D8%AE%D8%B1%D8%A7%D8%B3%D8%A7%D9%86_%D8%B1%D8%B6%D9%88%DB%8C_-_%D8%B1%D9%88%D8%B3%D8%AA%D8%A7%DB%8C_%D8%AF%DB%8C%D8%B2%D8%A8%D8%A7%D8%AF_%D8%A8%D8%A7%D9%84%D8%A7_-_%D8%B7%D9%84%D9%88%D8%B9_%D8%A2%D9%81%D8%AA%D8%A7%D8%A8.jpg,https://upload.wikimedia.org/wikipedia/commons/6/6a/%D8%B5%D8%B9%D9%88%D8%AF_%D8%B2%D9%85%D8%B3%D8%AA%D8%A7%D9%86%DB%8C_%D8%A8%D9%87_%D9%82%D9%84%D9%87_%D9%82%D9%88%DA%86%DA%AF%D8%B1_%D8%AF%D8%B1_%D8%A7%D8%B3%D8%AA%D8%A7%D9%86_%D8%AE%D8%B1%D8%A7%D8%B3%D8%A7%D9%86_%D8%B1%D8%B6%D9%88%DB%8C_-_%D8%B1%D9%88%D8%B3%D8%AA%D8%A7%DB%8C_%D8%AF%DB%8C%D8%B2%D8%A8%D8%A7%D8%AF_%D8%A8%D8%A7%D9%84%D8%A7_-_%D8%B7%D9%84%D9%88%D8%B9_%D8%A2%D9%81%D8%AA%D8%A7%D8%A8.jpg,https://pd12m.s3.us-west-2.amazonaws.com/images/ab9521a5-3ae1-5587-b658-ea9b5db6c9ed.jpeg,CC0,http://creativecommons.org/publicdomain/zero/1.0/deed.en,Mostafameraji,c11da4d07595edc792812252fd238c35e7a1f458,92f267fc4c2e899dc25c38ec9edb7c82fa1a0d971417f045ae91ba0512fad344,4334834,36b4615d0d38e0684b3ace1dee3b61c44fe83087bfcb2a18d2f5e3753dd435e3,Samsung,SM-G988B,True,2022:01:14 07:16:52,,0,,,
ph1_landscape_ac5afc4c4b,landscape,"https://commons.wikimedia.org/wiki/File:Marcelino_Vieira,_Rio_Grande_do_Norte_(Brasil).jpg",https://upload.wikimedia.org/wikipedia/commons/a/ac/Marcelino_Vieira%2C_Rio_Grande_do_Norte_%28Brasil%29.jpg,https://pd12m.s3.us-west-2.amazonaws.com/images/3bd99f65-c6d7-5a8e-b068-694f49da6e44.jpeg,CC0,http://creativecommons.org/publicdomain/zero/1.0/deed.en,Marcos Elias de Oliveira Júnior,ac5afc4c4b02d606d90b02c5a7e29566cd7c74e5,c036586ddd9b92338626a0435f162284b0f9d7be1a9998dd83731f1ad4c45ffc,1711387,9c760e6abb4cda7c96324d106578b279336080c804913400ace74da7937ae5db,Motorola,MotoG3,True,2017:06:06 10:54:25,,0,,,
ph1_landscape_533a58e1b3,landscape,https://commons.wikimedia.org/wiki/File:Vylet_k_Cernemu_jezeru_Sumava_-_9.srpna_2010_194.JPG,https://upload.wikimedia.org/wikipedia/commons/b/ba/Vylet_k_Cernemu_jezeru_Sumava_-_9.srpna_2010_194.JPG,https://pd12m.s3.us-west-2.amazonaws.com/images/68449206-cae7-5565-9e5e-359615dbeb99.jpeg,CC0,http://creativecommons.org/publicdomain/zero/1.0/deed.en,Safranek-interia.eu,533a58e1b3a2599fee5521f305935bc463499495,542aa6f5db6460b706db2dc4ee9368f07d22b23bcadd0875a234335a1c765947,2679410,2c90f5b1cc6bde658806a7896f603180c0cb6cece4c025be4ed6f1c112b69098,Samsung,SAMSUNG ES15 / VLUU ES15 / SAMSUNG SL30,True,2010:08:09 13:49:18,,0,,,
ph1_landscape_b883be4769,landscape,https://commons.wikimedia.org/wiki/File:Vlahina_and_Maleshevo_Mountain_from_Sinanitsa_peak.jpg,https://upload.wikimedia.org/wikipedia/commons/b/b0/Vlahina_and_Maleshevo_Mountain_from_Sinanitsa_peak.jpg,https://pd12m.s3.us-west-2.amazonaws.com/images/e21198e5-f189-5a4f-b21a-9bf252123225.jpeg,CC0,http://creativecommons.org/publicdomain/zero/1.0/deed.en,Ivano Giambattista,b883be4769c0f7564580c14402f242a4b3520422,4856f70c6a0320d35701ecf7477fa854208b28055365a46fbcbbb316260286ca,1535325,fb5feeb22960e0652eb6e9a46c9e3d7444dcd4bcb5affb6a25c3af01ddc70992,Xiaomi,M2003J15SC,True,2020:09:07 12:58:52,,0,,,
ph1_landscape_5eb499b867,landscape,https://commons.wikimedia.org/wiki/File:20190928_180308_Park_Pi%C5%82sudskiego_in_%C5%81%C3%B3d%C5%BA.jpg,https://upload.wikimedia.org/wikipedia/commons/1/1f/20190928_180308_Park_Pi%C5%82sudskiego_in_%C5%81%C3%B3d%C5%BA.jpg,https://pd12m.s3.us-west-2.amazonaws.com/images/6637ce4d-4341-5159-a794-c3876d6d0d78.jpeg,CC0,http://creativecommons.org/publicdomain/zero/1.0/deed.en,Rakoon,5eb499b867faa66928ab4815fef4473d0cca1a0b,29645359cbc70b93a41e0672f2ec32081dab5012ce236808e8b66c1b2fb6c60a,4155363,eae260c595fb8301809bebd6b9f9ae88c783b487a861f3f16f2120a87508f26c,Samsung,SM-A720F,True,2019:09:28 18:03:08,,0,,,
ph1_landscape_3aab9780ea,landscape,https://commons.wikimedia.org/wiki/File:Vylet_k_Cernemu_jezeru_Sumava_-_9.srpna_2010_51.JPG,https://upload.wikimedia.org/wikipedia/commons/3/32/Vylet_k_Cernemu_jezeru_Sumava_-_9.srpna_2010_51.JPG,https://pd12m.s3.us-west-2.amazonaws.com/images/c53cf143-d8fd-573b-b6c0-240d6acbd3a4.jpeg,CC0,http://creativecommons.org/publicdomain/zero/1.0/deed.en,Safranek-interia.eu,3aab9780ea1c554d5c6674c4b78a965597864947,296344b12eb43a05b9d18ddfa0a841caa77e5caeb648e3fe06f2e8fa6c6e3ac5,2743531,cdebcd7db704e87605c4f769f58a086b47c4fc9c9cce691ba3376a9197f5483c,Samsung,SAMSUNG ES15 / VLUU ES15 / SAMSUNG SL30,True,2010:08:09 12:31:13,,0,,,
ph1_landscape_862a6bc759,landscape,"https://commons.wikimedia.org/wiki/File:View_to_Bejenado,_with_almond_blossom,_La_Palma.jpg",https://upload.wikimedia.org/wikipedia/commons/f/fa/View_to_Bejenado%2C_with_almond_blossom%2C_La_Palma.jpg,https://pd12m.s3.us-west-2.amazonaws.com/images/5f9943ab-09ca-59b3-8865-0a9bef9fb8c7.jpeg,CC0,http://creativecommons.org/publicdomain/zero/1.0/deed.en,Gerda Arendt,862a6bc7594a17b09b1526e68d96a80d385735ea,9f668895528bc4f9e9dba271f8b860f740258a44eaa039f74a8cfca091b848d1,5228510,01e5e36139f787edd2fcf25fb36636bc433c4c89d80730c1cd67028ba4ee09f8,Motorola,motorola one vision,True,2024:01:31 15:50:46,,0,,,
ph1_landscape_066ce0d8d3,landscape,"https://commons.wikimedia.org/wiki/File:Bi%E1%BB%83n_H%E1%BB%93_-_Pleiku,_Gia_Lai,_Vi%E1%BB%87t_Nam.jpg",https://upload.wikimedia.org/wikipedia/commons/d/da/Bi%E1%BB%83n_H%E1%BB%93_-_Pleiku%2C_Gia_Lai%2C_Vi%E1%BB%87t_Nam.jpg,https://pd12m.s3.us-west-2.amazonaws.com/images/7f0fbd43-2d2a-57d6-9223-e973948e8241.jpeg,CC0,http://creativecommons.org/publicdomain/zero/1.0/deed.en,Pxchanh,066ce0d8d37f5d4addb58fd5c03d388f9db2c269,cf5dad80ffa59a8b09c6854f25ef46127a4e4ba25b6cd1452bbeb6dc9b7c6a13,5668417,89fba005a1301e34631c8fca55f03a6d637648694ad9d25fa75266af972e5f1d,Xiaomi,MI4,True,2019:02:11 10:09:17,,0,,,
ph1_landscape_17548f8cbc,landscape,https://commons.wikimedia.org/wiki/File:Mele%C8%99eni_-_Cet%C4%83%C8%9Buie._La_marginea_nordic%C4%83_a_cet%C4%83%C8%9Bii_(3).jpg,https://upload.wikimedia.org/wikipedia/commons/6/6a/Mele%C8%99eni_-_Cet%C4%83%C8%9Buie._La_marginea_nordic%C4%83_a_cet%C4%83%C8%9Bii_%283%29.jpg,https://pd12m.s3.us-west-2.amazonaws.com/images/b0e9fefb-5897-5ce7-ba2c-341ef8ff0e00.jpeg,CC0,http://creativecommons.org/publicdomain/zero/1.0/deed.en,TotalAnarchy,17548f8cbcd079a088663994a2365f934f504ed6,65de87ba214e3de69368b0d4ca41e500d8bad4cd7b6cbb6250fd190dd8e24a11,4454865,b20cf5764289aaa51189f4659ca62ccb4ceaa45b39c43b76e2937b5b5bd4ead6,Samsung,SM-A320FL,True,2023:04:30 13:47:30,,0,,,
ph1_landscape_441de321cd,landscape,https://commons.wikimedia.org/wiki/File:G%C3%B8rrtjennet.jpg,https://upload.wikimedia.org/wikipedia/commons/7/7b/G%C3%B8rrtjennet.jpg,https://pd12m.s3.us-west-2.amazonaws.com/images/9a4de562-3ca8-583b-9a03-b518ee2bc551.jpeg,CC0,http://creativecommons.org/publicdomain/zero/1.0/deed.en,Own work.,441de321cdf7535833c76fff838c7589b8b60475,15e195a43d9bad05ffe078240e831edb8a613bd3e9e5aa863ea1c976a97bee54,3923539,0edcc214fafe77f274238e30595d7cd763c6d9a10dc064813bc902861ea7c755,Apple,iPhone 5s,True,2014:05:25 17:17:29,,0,,,
ph1_landscape_2783904f8c,landscape,https://commons.wikimedia.org/wiki/File:Marseille_-_Carri%C3%A8re_Galland_05.jpg,https://upload.wikimedia.org/wikipedia/commons/2/2e/Marseille_-_Carri%C3%A8re_Galland_05.jpg,https://pd12m.s3.us-west-2.amazonaws.com/images/c7ff3b77-c358-50f5-92a6-748c6fd88d78.jpeg,CC0,http://creativecommons.org/publicdomain/zero/1.0/deed.en,Romainbehar,2783904f8cf8d24f86de1e8441a9731df989506d,d6984fd9fed39bce16ed3ee4b161e86f20608fe68474c9053a4405d7b0413c37,4448355,f5291ba714c4f5cc844bf300e9dc3fbe0dcf5662a38ad70d531eb9b736e90321,Google,Pixel 6a,True,2022:10:22 17:09:45,,0,,,
ph1_landscape_c536b0ac24,landscape,https://commons.wikimedia.org/wiki/File:Golden_Triangle_Special_Economic_Zone_1.jpg,https://upload.wikimedia.org/wikipedia/commons/5/56/Golden_Triangle_Special_Economic_Zone_1.jpg,https://pd12m.s3.us-west-2.amazonaws.com/images/aff96350-ca01-573e-ba6b-faeb0586e7c1.jpeg,CC0,http://creativecommons.org/publicdomain/zero/1.0/deed.en,Slleong,c536b0ac24108d1d6c61f1ec01f22f8468dd9bd6,a0832f9345dcfc4144f1f00cc8fe4cd051d11d81e30c5fd6190484e2ad6f79ae,1145858,b5a2aec7a68903ec0ba1755775efeb7bbbcc62345e72cf4ea73ac555ca5a1ba9,Apple,iPhone 6s,True,2019:07:25 14:44:28,,0,,,
ph1_landscape_fe6dd172d9,landscape,https://commons.wikimedia.org/wiki/File:Metline_bizerte.jpg,https://upload.wikimedia.org/wikipedia/commons/9/9c/Metline_bizerte.jpg,https://pd12m.s3.us-west-2.amazonaws.com/images/71cbe1a2-ff4d-540e-9754-1b92ba7c1c5e.jpeg,CC0,http://creativecommons.org/publicdomain/zero/1.0/deed.en,Hiba.dhaouadi,fe6dd172d9b199659dea0be82fe209671c5422ca,31c35bc16017216e101bb52fa917f42ba4065c7a75df91f88ed2b5b975a77f3a,4284713,edbb4cee8ee920a949a95167b9b96eea2f0926c39bcc0b5da3c6a4ca60e58e2a,Huawei,INE-LX1,True,2021:03:01 15:53:17,,0,,,
ph1_landscape_9c18eb39c8,landscape,https://commons.wikimedia.org/wiki/File:Reschensee_South_Tyrol.JPG,https://upload.wikimedia.org/wikipedia/commons/1/1a/Reschensee_South_Tyrol.JPG,https://pd12m.s3.us-west-2.amazonaws.com/images/a31df96c-8513-5051-8ea6-c131ad9dec08.jpeg,CC0,http://creativecommons.org/publicdomain/zero/1.0/deed.en,Angela Huster,9c18eb39c8bc61c3bf750101cbb9c4af83c13b17,a5070038a416cabced15d2dbe664460a4526c88f4a78ea138dd04a088321b609,5045720,6099a413b5035f3d6a1c6b707201b404e548f25f7e7abe96a6b8b94508e3afcb,Samsung,VLUU L200  / Samsung L200,True,2009:06:25 10:37:30,,0,,,
ph1_landscape_ace0b4dd35,landscape,https://commons.wikimedia.org/wiki/File:Oki-no-shiraishi_20210406_15.jpg,https://upload.wikimedia.org/wikipedia/commons/7/70/Oki-no-shiraishi_20210406_15.jpg,https://pd12m.s3.us-west-2.amazonaws.com/images/5226e42d-6262-51c1-a70f-71e8804bc634.jpeg,CC0,http://creativecommons.org/publicdomain/zero/1.0/deed.en,先従隗始,ace0b4dd35a9ee54947b9e0f20500d1143d0a16d,83602aa4ff914b1b15d37b59755a408a3538929e1b4376fdd38e01cc35edc2d8,4184619,9d02c62c6992cbff8e14582349454b5ac2791171d2c039418378ea61a5fc2e9a,Huawei,ANE-LX2J,True,2021:04:06 14:08:17,,0,,,
ph1_landscape_ac238bcd7c,landscape,https://commons.wikimedia.org/wiki/File:%D8%B5%D8%B9%D9%88%D8%AF_%D8%A8%D9%87_%D9%82%D9%84%D9%87_%D8%AA%D9%88%DA%86%D8%A7%D9%84_%D8%AA%D9%87%D8%B1%D8%A7%D9%86_-_%DA%A9%D9%88%D9%87%D9%86%D9%88%D8%B1%D8%AF%DB%8C_%D8%AF%D8%B1_%D8%A7%DB%8C%D8%B1%D8%A7%D9%86_-_%D8%B9%DA%A9%D8%A7%D8%B3%DB%8C_%D8%A8%D8%A7_%D9%85%D9%88%D8%A8%D8%A7%DB%8C%D9%84_-_%D9%85%D8%B5%D8%B7%D9%81%DB%8C_%D9%85%D8%B9%D8%B1%D8%A7%D8%AC%DB%8C_04.jpg,https://upload.wikimedia.org/wikipedia/commons/a/ab/%D8%B5%D8%B9%D9%88%D8%AF_%D8%A8%D9%87_%D9%82%D9%84%D9%87_%D8%AA%D9%88%DA%86%D8%A7%D9%84_%D8%AA%D9%87%D8%B1%D8%A7%D9%86_-_%DA%A9%D9%88%D9%87%D9%86%D9%88%D8%B1%D8%AF%DB%8C_%D8%AF%D8%B1_%D8%A7%DB%8C%D8%B1%D8%A7%D9%86_-_%D8%B9%DA%A9%D8%A7%D8%B3%DB%8C_%D8%A8%D8%A7_%D9%85%D9%88%D8%A8%D8%A7%DB%8C%D9%84_-_%D9%85%D8%B5%D8%B7%D9%81%DB%8C_%D9%85%D8%B9%D8%B1%D8%A7%D8%AC%DB%8C_04.jpg,https://pd12m.s3.us-west-2.amazonaws.com/images/ae283bfa-cf73-545e-bb97-50da36b2b957.jpeg,CC0,http://creativecommons.org/publicdomain/zero/1.0/deed.en,Mostafameraji,ac238bcd7c554bdaf8549ae01b9a29c146fc5ce8,7225da6a23676e5a49adf16362e207faa31f866e8699a9e6c0079194deaf4f80,8234341,9f98f03ad5b18a07d39b3c6b24d7f18f4ecebe5455d3ff5d5c2babb2c6c1d956,Samsung,SM-G988B,True,2022:01:07 08:11:21,,0,,,
ph1_landscape_ddf6e4a481,landscape,https://commons.wikimedia.org/wiki/File:Mateur_Bizerte_tunisia.jpg,https://upload.wikimedia.org/wikipedia/commons/d/d3/Mateur_Bizerte_tunisia.jpg,https://pd12m.s3.us-west-2.amazonaws.com/images/c31d8fad-d64e-51b0-bba5-e14257a9a794.jpeg,CC0,http://creativecommons.org/publicdomain/zero/1.0/deed.en,Hiba.dhaouadi,ddf6e4a481d026106123ac6e376502e94eb6f6ee,4be054ff5f3d9e8503c6811144497d8dbfe72d79df64ee91d31c2ae023c4b2fa,2151431,8af859518c2a40b0d8aef29a6bd749ba40e7f045057c3b40829f3923952eb0e1,Huawei,INE-LX1,True,2020:12:20 12:52:30,,0,,,
ph1_landscape_0c4af34bbb,landscape,"https://commons.wikimedia.org/wiki/File:Misfat_Al_Abriyeen_Village,_Oman.jpg",https://upload.wikimedia.org/wikipedia/commons/7/75/Misfat_Al_Abriyeen_Village%2C_Oman.jpg,https://pd12m.s3.us-west-2.amazonaws.com/images/76f3f1b1-b219-5db5-bea4-e50d9ad8c5e0.jpeg,CC0,http://creativecommons.org/publicdomain/zero/1.0/deed.en,Broc,0c4af34bbbedce8bfb0697f10c61e25dc52b3f73,bc90b0c8427899632bbff86d054eab851c6a848b2fb2077663547c6e4496bb94,1922451,a8938c8aa4e76fab04bab1db7403262d8c9a2777d8ed6763509c5cd85d0ab5e5,Samsung,SM-G973F,True,2022:11:29 09:59:46,,0,,,
ph1_landscape_06022913df,landscape,https://commons.wikimedia.org/wiki/File:Adogawa_offshore_General_Automatic_Observatory_20210406_07.jpg,https://upload.wikimedia.org/wikipedia/commons/8/83/Adogawa_offshore_General_Automatic_Observatory_20210406_07.jpg,https://pd12m.s3.us-west-2.amazonaws.com/images/5365c7fa-7acc-53fa-94c2-572cb05542d1.jpeg,CC0,http://creativecommons.org/publicdomain/zero/1.0/deed.en,先従隗始,06022913df2b32f6952089b658eb19bc8a5c0424,78da2cf7e3783d0f683fee4ceafc80971f56b20ec7d595fb59fb791759f1f25a,3837203,988a415ff9f0930d88a76353809145bb4107fcb81bda8f74fa68758f383ba70e,Huawei,ANE-LX2J,True,2021:04:06 14:16:15,,0,,,
ph1_landscape_e70410af53,landscape,https://commons.wikimedia.org/wiki/File:Lake_District_(32907678860).jpg,https://upload.wikimedia.org/wikipedia/commons/c/c8/Lake_District_%2832907678860%29.jpg,https://pd12m.s3.us-west-2.amazonaws.com/images/f1793258-232f-50ce-9832-a3d45c69452a.jpeg,CC0,http://creativecommons.org/publicdomain/zero/1.0/deed.en,"Alex Liivet from Chester, United Kingdom",e70410af533970ac8c5970f216453be6976c7f21,fd3fc4cb8d90f6e4ad023ff52ba5e4d3aadd19d4ca137d8a1e3008e37ce80bdb,2670710,fd9ae28003d1c0cf3f08d9d40f5bf008526f2357aee0452f02c2529dac9aaf26,Motorola,Moto G Play,True,2017:03:04 14:18:30,,0,,,
ph1_landscape_a0b4db1355,landscape,"https://commons.wikimedia.org/wiki/File:Panorama_of_Hedong_Reservoir,_Xiangxiang,_Hunan,_China3.jpg",https://upload.wikimedia.org/wikipedia/commons/d/d6/Panorama_of_Hedong_Reservoir%2C_Xiangxiang%2C_Hunan%2C_China3.jpg,https://pd12m.s3.us-west-2.amazonaws.com/images/92cafdc9-980d-5fab-8992-23590a9b4722.jpeg,CC0,http://creativecommons.org/publicdomain/zero/1.0/deed.en,Huangdan2060,a0b4db1355cd1bf2c3b2f74f4948e51f49933fce,e7aa626a42a89d35d9a8f06a3636b4ae41ec09be8b86c1a25445a1a8fe007dda,2264937,3f76a39c22406a801a8f1c535d16272680e9c40a71472d886ecc38b60d17ddf4,Huawei,BLN-AL10,True,2018:06:13 15:58:52,,0,,,
ph1_landscape_534a5db3c1,landscape,https://commons.wikimedia.org/wiki/File:Snowy_Rocky_Mountains_in_Banff_1.jpg,https://upload.wikimedia.org/wikipedia/commons/6/66/Snowy_Rocky_Mountains_in_Banff_1.jpg,https://pd12m.s3.us-west-2.amazonaws.com/images/c2ea9cdd-338a-50d3-9fa6-7aef1496f4b9.jpeg,CC0,http://creativecommons.org/publicdomain/zero/1.0/deed.en,Rschroeder1985,534a5db3c109f8f2ef71d3266ad38d594d4820dd,110a7a2af818818bb80b33e64772b85d0fa449686a269523fec55cde55d328ed,2902925,2ed1e0c1d5073e60951d6157b8219ae582d97690ff73048dbc3172b508c84807,LG,Nexus 4,True,2018:04:27 12:46:46,,0,,,
ph1_landscape_4d406db460,landscape,https://commons.wikimedia.org/wiki/File:Laguna_verde_8.jpg,https://upload.wikimedia.org/wikipedia/commons/9/9a/Laguna_verde_8.jpg,https://pd12m.s3.us-west-2.amazonaws.com/images/999792cf-ce70-539b-b866-33b2aeae0a29.jpeg,CC0,http://creativecommons.org/publicdomain/zero/1.0/deed.en,Alexxxos,4d406db4603363e9abd00cdfba87362377fb5e4d,96a3f307a13f54d982ec6dd64ef2174ae605dff7e929e3810ea17d4c90348c97,391935,8792ab1ceeda164ae0cbedea378fb8d484af0161dcb51ba3643d1a1b6de1ece2,Nokia,5130c-2,True,2011:04:20 17:33:06,,0,,,
ph1_landscape_9260a47db8,landscape,"https://commons.wikimedia.org/wiki/File:Tolminka_Gorge,_The_Devil%27s_Bridge.jpg",https://upload.wikimedia.org/wikipedia/commons/e/e0/Tolminka_Gorge%2C_The_Devil%27s_Bridge.jpg,https://pd12m.s3.us-west-2.amazonaws.com/images/08af8956-fa6d-50d5-a73e-61a1c614ce98.jpeg,CC0,http://creativecommons.org/publicdomain/zero/1.0/deed.en,Ajznponar,9260a47db8df000e8a904705eda8e0c802191a13,9eff07b69862395ed0c8f8a81cf1cf2bdf63dbd6a4fc680f5b58d10553c0f7a7,7660420,3fba439cbd27b27df8689dcb120c3869c09e12d0ca20b0f9e25811a5a9fab6e5,Xiaomi,M2101K9G,True,2023:09:27 12:18:30,,0,,,
ph1_landscape_b806aac576,landscape,https://commons.wikimedia.org/wiki/File:Jaizkibel_-_Falaises_sur_l%27oc%C3%A9an.jpg,https://upload.wikimedia.org/wikipedia/commons/2/26/Jaizkibel_-_Falaises_sur_l%27oc%C3%A9an.jpg,https://pd12m.s3.us-west-2.amazonaws.com/images/03ca3f7d-1987-5138-a635-ff3614e6813c.jpeg,CC0,http://creativecommons.org/publicdomain/zero/1.0/deed.en,Romainbehar,b806aac576b296b08a62753ddac7c63641f0cc8f,bedfa41769c158033c738d695bb09d8b9fb49b04893fdbc7a6e1aba865c4ace2,4318766,e315b6be7263e05a684d079ce673f38a50e32643695632aa271c0bf8f3e33eba,Samsung,SM-J500FN,True,2018:07:27 17:46:23,,0,,,
ph1_landscape_0fc58013ec,landscape,"https://commons.wikimedia.org/wiki/File:Cluse_des_H%C3%B4pitaux,_Tenay,_2019_(3).jpg",https://upload.wikimedia.org/wikipedia/commons/b/b3/Cluse_des_H%C3%B4pitaux%2C_Tenay%2C_2019_%283%29.jpg,https://pd12m.s3.us-west-2.amazonaws.com/images/066505fb-10bc-5c8d-a262-58931dc9b9f1.jpeg,CC0,http://creativecommons.org/publicdomain/zero/1.0/deed.en,Benoît Prieur,0fc58013ec0e28710f8e6b9b953da48380a1dbad,9e63bdcf48002c98fc1a606be53d7dcbf8c0cd35307558d72d1bfab1c091bb74,9636900,cf4af0ba44c78de8ac9c1299c26e061053e16cb0ef725582d88da79302b7fe6d,Apple,iPhone XS,True,2019:10:14 17:41:14,,0,,,
ph1_landscape_abc4afd610,landscape,https://commons.wikimedia.org/wiki/File:Sorgente_di_Vas_2.jpg,https://upload.wikimedia.org/wikipedia/commons/0/0e/Sorgente_di_Vas_2.jpg,https://pd12m.s3.us-west-2.amazonaws.com/images/d80eadbb-5ba8-55f3-9134-2efda22eeddf.jpeg,CC0,http://creativecommons.org/publicdomain/zero/1.0/deed.en,Messner92,abc4afd610852b36e9a67b5f62bb33ecd2c8d504,c43dedc3adac0a98d83d43fcbc4dc506ef3c2adeece147a882ec10cd4f38498f,5399671,fa5ce11042e8771a94fe0b6981920c985bc8280e60ae06300de145291dafbf89,Xiaomi,2201117SY,True,2023:11:05 10:01:55,,0,,,
ph1_landscape_8ca5dbed24,landscape,https://commons.wikimedia.org/wiki/File:Spasovica.jpg,https://upload.wikimedia.org/wikipedia/commons/5/51/Spasovica.jpg,https://pd12m.s3.us-west-2.amazonaws.com/images/21997597-c862-57c5-b15e-c1243870f81e.jpeg,CC0,http://creativecommons.org/publicdomain/zero/1.0/deed.en,Angel Angel 2,8ca5dbed2407e457d97da1596f65ce2022352a50,609e17a7302398cddd2da4b8ce235e9336e393d999d0decdfebd625570abcbe1,4402807,86a06ff548d72be63f75525fca7924f5873d5996959a046cdd5f270ca9c19492,Huawei,MAR-LX1A,True,2019:10:20 11:04:45,,0,,,
ph1_landscape_b84040272f,landscape,https://commons.wikimedia.org/wiki/File:Ein_Avdat_IMG_1257.JPG,https://upload.wikimedia.org/wikipedia/commons/7/7d/Ein_Avdat_IMG_1257.JPG,https://pd12m.s3.us-west-2.amazonaws.com/images/77897270-8ca0-5b76-b5df-b48575532f4f.jpeg,CC0,http://creativecommons.org/publicdomain/zero/1.0/deed.en,Eddau,b84040272fc55088e29b3fe241bdcfac66f6cea5,428da1de4efe3b5f035c45be2f429e7e50f6888f0a098e30e6211847636e69ff,1632266,a638bb0cd7ae062533842152e4a223213eec0c69e37421ed4f1d561fccd211c4,Apple,iPhone 3GS,True,2011:03:07 11:39:25,,0,,,
ph1_landscape_7e30d6d612,landscape,"https://commons.wikimedia.org/wiki/File:Teide,_Pico_Viejo_e_Roques_de_Garc%C3%ACa.jpg",https://upload.wikimedia.org/wikipedia/commons/9/95/Teide%2C_Pico_Viejo_e_Roques_de_Garc%C3%ACa.jpg,https://pd12m.s3.us-west-2.amazonaws.com/images/dc5fd860-b8c1-52c3-97c2-fec7876eaa17.jpeg,CC0,http://creativecommons.org/publicdomain/zero/1.0/deed.en,9002Jack,7e30d6d612eda2f596860768bf6dec06701b4199,e0c7d1430873840a02ab130dfb76a44440775d42d75a220e87dd8338ef254a11,2505851,f75230886c39cddfb2c92928e86deb6fa46616b8a31fbcda04fdf4b819683571,Apple,iPhone 11,True,2023:12:29 18:17:38,,0,,,
ph1_landscape_31daf2fd47,landscape,"https://commons.wikimedia.org/wiki/File:Axum,_Ethiopia_(27167570040).jpg",https://upload.wikimedia.org/wikipedia/commons/f/ff/Axum%2C_Ethiopia_%2827167570040%29.jpg,https://pd12m.s3.us-west-2.amazonaws.com/images/6e8b9e72-e5e3-525c-9ea8-e3e3eccb2eb3.jpeg,CC0,http://creativecommons.org/publicdomain/zero/1.0/deed.en,cotterillmike,31daf2fd47231c67bca7bd965da76120b3303297,49c84a72445a2d0a38ec79042f5e4c5c7dda1fac64b9f91044c90e68f4a9d10e,2875614,a5489815d9099d0410473c2569d04ee716e8e35435a6088cbb238175e01e4ec9,Apple,iPhone 4S,True,2012:10:21 17:54:17,,0,,,
ph1_landscape_d9a3883917,landscape,https://commons.wikimedia.org/wiki/File:Blue_Lagoon_Geothermal_pool_04.jpg,https://upload.wikimedia.org/wikipedia/commons/2/25/Blue_Lagoon_Geothermal_pool_04.jpg,https://pd12m.s3.us-west-2.amazonaws.com/images/ad5f0a9b-30fa-5716-a67e-c565f95f3e5b.jpeg,CC0,http://creativecommons.org/publicdomain/zero/1.0/deed.en,Netha Hussain,d9a3883917de0a4dee0a9931e8193b9e109070fa,caeb2612c1b392ce7de7f146b4153803381c6cd9b4dcaaf3351c24db39cc9954,3718694,49b772c4ada599a604bbf2d818edb31589db6b6f67c787203598c117816ae9f2,Huawei,VOG-L29,True,2022:07:02 22:26:59,,0,,,
ph1_landscape_980683dc66,landscape,https://commons.wikimedia.org/wiki/File:The_Skrino_Gorge.jpg,https://upload.wikimedia.org/wikipedia/commons/2/2d/The_Skrino_Gorge.jpg,https://pd12m.s3.us-west-2.amazonaws.com/images/9fd932ba-fefb-5ef0-823e-b9ea4d1128fc.jpeg,CC0,http://creativecommons.org/publicdomain/zero/1.0/deed.en,Ivano Giambattista,980683dc66d4881c4a7b855e617510191f2a8afa,037e0b47dcc0b261148b72d34e567df855da2c11a4dcc99dd9f906004499d1fb,1174161,38a8b645cd2a5071142d5e10127b373517191277afb8b93c89d9a221f711a41d,Xiaomi,M2003J15SC,True,2021:12:29 16:36:29,,0,,,
ph1_night_fe42b25d55,night,"https://commons.wikimedia.org/wiki/File:Tomasz%C3%B3w_Mazowiecki,_iluminacje_na_placu_Ko%C5%9Bciuszki,_maj_2018.jpg",https://upload.wikimedia.org/wikipedia/commons/a/a4/Tomasz%C3%B3w_Mazowiecki%2C_iluminacje_na_placu_Ko%C5%9Bciuszki%2C_maj_2018.jpg,https://pd12m.s3.us-west-2.amazonaws.com/images/e45847ae-6047-5323-9b5c-4829fa6182a2.jpeg,CC0,http://creativecommons.org/publicdomain/zero/1.0/deed.en,Warszawska róg Szerokiej w Tomaszowie Mazowieckim w województwie łódzkim,fe42b25d55e92d6750ad1d72d5e697b03686e260,e4bae9ba3ca900c6b73b794b6ab8a59aa4af29e033d34dc4443d835acf58052e,717050,48852976c31eb5ff1557b07b6ac4a9900b796f06ddbcaa59ba96153ed0c74581,LG,LG-M160,True,2018:05:03 21:49:21,,0,,,
ph1_night_d5620a4f45,night,https://commons.wikimedia.org/wiki/File:Rcrjphqwtwnr.jpg,https://upload.wikimedia.org/wikipedia/commons/b/b5/Rcrjphqwtwnr.jpg,https://pd12m.s3.us-west-2.amazonaws.com/images/5a5b3246-6c59-5e71-b172-06e1db05bb71.jpeg,CC0,http://creativecommons.org/publicdomain/zero/1.0/deed.en,Imeao,d5620a4f45323e3da00dfb3f5bf238f9d9780f26,6249f4bbf709d425573dd43cd1fddeb55189993264ce52eb027fc3b086512b64,7961211,225f0e76c445887eb401c3ef3a61f544f149c69b2a57bbbdef6320b32270cb09,Xiaomi,Mi A2 Lite,True,2020:11:20 20:10:12,,0,,,
ph1_night_f66c0792fd,night,https://commons.wikimedia.org/wiki/File:20191221_201812_December_2019_in_%C5%81%C3%B3d%C5%BA.jpg,https://upload.wikimedia.org/wikipedia/commons/5/59/20191221_201812_December_2019_in_%C5%81%C3%B3d%C5%BA.jpg,https://pd12m.s3.us-west-2.amazonaws.com/images/4423c156-8328-5757-bf96-b4d97cb42f5d.jpeg,CC0,http://creativecommons.org/publicdomain/zero/1.0/deed.en,Rakoon,f66c0792fdb93f2c61eecae1848888037963e054,41520f29cb90062993883838a4f2eb62262fc966349ccbcca872256f95f2ce5c,4460355,37b99958bf143f0e0e9b70aeff1537da583146d5a05b3c9bad78c10c784f7f1c,Samsung,SM-A720F,True,2019:12:21 20:18:12,,0,,,
ph1_night_881773394e,night,https://commons.wikimedia.org/wiki/File:SZ_%E6%B7%B1%E5%9C%B3_Shenzhen_%E9%B9%BD%E7%94%B0%E5%8D%80_Yantian_%E5%A4%A7%E6%A2%85%E6%B2%99_Dameisha_%E9%80%9A%E5%AF%B6%E8%B7%AF_Tongbao_Road_night_January_2024_R12S_132.jpg,https://upload.wikimedia.org/wikipedia/commons/e/e5/SZ_%E6%B7%B1%E5%9C%B3_Shenzhen_%E9%B9%BD%E7%94%B0%E5%8D%80_Yantian_%E5%A4%A7%E6%A2%85%E6%B2%99_Dameisha_%E9%80%9A%E5%AF%B6%E8%B7%AF_Tongbao_Road_night_January_2024_R12S_132.jpg,https://pd12m.s3.us-west-2.amazonaws.com/images/d7faaf4a-0bce-5799-9a40-1c8b234cc7d8.jpeg,CC0,http://creativecommons.org/publicdomain/zero/1.0/deed.en,BuSea BaSze Mi HKer,881773394e9f327d09ae8221a85cdef27bb7211a,c6355015a12ed969077b03c5572439318d992a2045bee359017103c4ce94c3a9,2950471,e7b3f702685c59b0390e8d8e353fc1cad6c56d32caf10421d835ac9d717a741d,Xiaomi,23030RAC7Y,True,2024:01:02 18:47:36,,0,,,
ph1_night_9627c4e775,night,https://commons.wikimedia.org/wiki/File:Avion_Avianca_-_a%C3%A9roport_de_Bogota.jpg,https://upload.wikimedia.org/wikipedia/commons/8/88/Avion_Avianca_-_a%C3%A9roport_de_Bogota.jpg,https://pd12m.s3.us-west-2.amazonaws.com/images/02950429-613e-51eb-b825-b72ec9e4aee6.jpeg,CC0,http://creativecommons.org/publicdomain/zero/1.0/deed.en,Benoît Prieur,9627c4e77544051addc218c7b5a540927f8e7997,fa5b344e6d7c30f904bbfe35e2215d46cb5b417dc637e40ec080f36369235cd9,1077220,4b365afc5477e8e571425dd3d9eb575a0ff82da9b9b368f48b5d90572a979f51,Apple,iPhone 6,True,2015:07:14 20:05:18,,0,,,
ph1_night_96d5f179b4,night,https://commons.wikimedia.org/wiki/File:Renovace_ulice_Antonina_Dvoraka_IMG_8982.JPG,https://upload.wikimedia.org/wikipedia/commons/b/b1/Renovace_ulice_Antonina_Dvoraka_IMG_8982.JPG,https://pd12m.s3.us-west-2.amazonaws.com/images/f8fe72ba-36e2-5748-aa20-8da04c220317.jpeg,CC0,http://creativecommons.org/publicdomain/zero/1.0/deed.en,01x07x2022000,96d5f179b467af271d172d9c5f6d374989f5dc31,f12e93d49eca28a07c8b069c08f9329353e278fc1f94a4ce52271b3808b84810,6245338,255e88a590dafa3c9ef00291c9a50f108c3d7dfdd28f4ba181ac86e048e28fd2,Apple,iPhone SE (2nd generation),True,2023:12:04 18:51:04,,0,,,
ph1_night_db047d84de,night,https://commons.wikimedia.org/wiki/File:SZ_%E6%B7%B1%E5%9C%B3_Shenzhen_%E9%B9%BD%E7%94%B0%E5%8D%80_Yantian_%E5%A4%A7%E6%A2%85%E6%B2%99_Dameisha_%E7%92%B0%E6%A2%85%E8%B7%AF_Huanmei_Road_night_January_2024_R12S_322.jpg,https://upload.wikimedia.org/wikipedia/commons/f/f6/SZ_%E6%B7%B1%E5%9C%B3_Shenzhen_%E9%B9%BD%E7%94%B0%E5%8D%80_Yantian_%E5%A4%A7%E6%A2%85%E6%B2%99_Dameisha_%E7%92%B0%E6%A2%85%E8%B7%AF_Huanmei_Road_night_January_2024_R12S_322.jpg,https://pd12m.s3.us-west-2.amazonaws.com/images/4f703b72-12eb-52a9-97ff-298b550467e1.jpeg,CC0,http://creativecommons.org/publicdomain/zero/1.0/deed.en,BuSea BaSze Mi HKer,db047d84de878e7660e0a0915ba3f9b264576fa9,4c41613646131db18df0a691e9ed5a2de81f78b6e0968814c2986c7d0a000820,4193028,4e963a88afdedeafe551ee2e7ec7505c25338e5c010f0ff893405a6fad80d90d,Xiaomi,23030RAC7Y,True,2024:01:02 19:07:50,,0,,,
ph1_night_a1710f775d,night,https://commons.wikimedia.org/wiki/File:%D0%92%D0%BE%D0%BA%D0%B7%D0%B0%D0%BB_%D0%B3%D0%BE%D1%80%D0%BE%D0%B4%D0%B0_%D0%94%D1%8F%D1%82%D1%8C%D0%BA%D0%BE%D0%B2%D0%BE.jpg,https://upload.wikimedia.org/wikipedia/commons/b/be/%D0%92%D0%BE%D0%BA%D0%B7%D0%B0%D0%BB_%D0%B3%D0%BE%D1%80%D0%BE%D0%B4%D0%B0_%D0%94%D1%8F%D1%82%D1%8C%D0%BA%D0%BE%D0%B2%D0%BE.jpg,https://pd12m.s3.us-west-2.amazonaws.com/images/981c1373-db3e-5acf-becb-735a6472af77.jpeg,CC0,http://creativecommons.org/publicdomain/zero/1.0/deed.en,Petrik2000,a1710f775daa7e404b897935c35b2e0dee26f3d4,3313d472e6cf435ae18874d454c25aa330b0c6cc3bf336f75dec6de5526f52f6,1792913,98e827fb0e44c2e322531bb5effcb344d40e7dde62e1c3398393e6ef291c76ce,realme,realme GT NEO 3T,True,2023:12:30 07:47:03,,0,,,
ph1_night_eb0d37443c,night,https://commons.wikimedia.org/wiki/File:20190218_182620_February_2019_in_Moscow.jpg,https://upload.wikimedia.org/wikipedia/commons/d/dc/20190218_182620_February_2019_in_Moscow.jpg,https://pd12m.s3.us-west-2.amazonaws.com/images/1fbe6482-e5ef-559a-9915-a7b9cc415c3b.jpeg,CC0,http://creativecommons.org/publicdomain/zero/1.0/deed.en,Rakoon,eb0d37443c0a805ebed6b1a2f1c0ebcd04a84551,3064d32c9abc9e3873b19c9f1b83fc73c228545b04e4f8c3ff4862eb01fe1746,3800938,703236341f80d9a0cf061dcafbe480ccf708fe7edc02ce029fa58ee0110f611a,Samsung,SM-A720F,True,2019:02:18 18:26:20,,0,,,
ph1_night_0e9563191f,night,https://commons.wikimedia.org/wiki/File:View_of_Kyustendil_from_Hisarlaka_Park.jpg,https://upload.wikimedia.org/wikipedia/commons/a/ae/View_of_Kyustendil_from_Hisarlaka_Park.jpg,https://pd12m.s3.us-west-2.amazonaws.com/images/4867d6e7-6468-58f5-908a-c1e763c9d855.jpeg,CC0,http://creativecommons.org/publicdomain/zero/1.0/deed.en,Ivano Giambattista,0e9563191f33ce5dcdb2de0d2abed182f753618f,b8a4b6d11ac3af74d83c5e07f2d3e2614942c112a905e8179ae6527961106e03,4217212,1bd1eea504505fadc826c6bcc1f16e77ba6ade8cfe697b573227579fed51ddd8,Xiaomi,M2003J15SC,True,2021:12:13 18:24:00,,0,,,
ph1_night_9eddd6c079,night,https://commons.wikimedia.org/wiki/File:Eiffel_Tower_(37578892684).jpg,https://upload.wikimedia.org/wikipedia/commons/e/ef/Eiffel_Tower_%2837578892684%29.jpg,https://pd12m.s3.us-west-2.amazonaws.com/images/276cabfa-fbb9-50e3-aca0-11729e02649f.jpeg,CC0,http://creativecommons.org/publicdomain/zero/1.0/deed.en,"Alex Liivet from Chester, United Kingdom",9eddd6c079c398c12c356753d35dcbaa365a9d1f,a548170c26078f60c61fc897f7bb7d39cf241b9d1b15fb074dc95acb54a96dc7,2140009,2b5d21eeb55956864e50a67040592fb3a05f844caeb00ff4d82b11f9dfd5b587,Sony,D5503,True,2015:01:10 18:23:48,,0,,,
ph1_night_04ee08cac6,night,https://commons.wikimedia.org/wiki/File:20210213_192507_Rynek_Ko%C5%9Bciuszki_in_Bia%C5%82ystok.jpg,https://upload.wikimedia.org/wikipedia/commons/b/bc/20210213_192507_Rynek_Ko%C5%9Bciuszki_in_Bia%C5%82ystok.jpg,https://pd12m.s3.us-west-2.amazonaws.com/images/5adeb94b-b01b-598f-86f1-32e73e04a434.jpeg,CC0,http://creativecommons.org/publicdomain/zero/1.0/deed.en,Rakoon,04ee08cac60ada89d7e214a5174e99b14dc77876,ae2cba6d1321ab652639efc35721fade412e1702a42980f2fa043bf71de7b50e,4182358,8427b936af229ea177f669973a30c86b2d2235adf0e779def803a56ffb6a265f,Samsung,SM-A720F,True,2021:02:13 19:25:07,,0,,,
ph1_night_836c1adc91,night,https://commons.wikimedia.org/wiki/File:CityNews_Van_01.jpg,https://upload.wikimedia.org/wikipedia/commons/2/2c/CityNews_Van_01.jpg,https://pd12m.s3.us-west-2.amazonaws.com/images/ec9f9156-3584-506b-9dbd-c48f8fe77567.jpeg,CC0,http://creativecommons.org/publicdomain/zero/1.0/deed.en,PvOberstein,836c1adc91130ee0b542c7a7e469bb7f1cbbf8b5,8573d7e9975bed8d155b57ad0e7ba280776749bc292f914c3f29da295a181be9,2737982,a2a1c3861b344534ebac16b1a78176cbe3c6fcbdd34a129386f31f697f6e03b2,Apple,iPhone 7,True,2018:01:25 18:42:53,,0,,,
ph1_night_8e404ce223,night,https://commons.wikimedia.org/wiki/File:20220313_023604_Przej%C5%9Bcie_graniczne_Dorohusk-Jagodzin_(drogowe).jpg,https://upload.wikimedia.org/wikipedia/commons/2/2f/20220313_023604_Przej%C5%9Bcie_graniczne_Dorohusk-Jagodzin_%28drogowe%29.jpg,https://pd12m.s3.us-west-2.amazonaws.com/images/71725488-dfd3-5581-923b-0bf5b1d93a9e.jpeg,CC0,http://creativecommons.org/publicdomain/zero/1.0/deed.en,Rakoon,8e404ce2232fd5ac4eb0484582ecc2de998c3659,d3b83843dd743b3ca3bf26b9c6fced2470834a8aafd3db3ffed6a6e77eb9f20a,2779806,62414d45432acc4a12eaee0d2aec67ef110e39cabe379c93e49eb6e5f99c0287,Samsung,SM-A415F,True,2022:03:13 02:36:04,,0,,,
ph1_night_d06afc0fd0,night,https://commons.wikimedia.org/wiki/File:ODEG_Regio_Shuttle_im_Bahnhof_G%C3%B6rlitz.jpg,https://upload.wikimedia.org/wikipedia/commons/1/1b/ODEG_Regio_Shuttle_im_Bahnhof_G%C3%B6rlitz.jpg,https://pd12m.s3.us-west-2.amazonaws.com/images/bb97975b-5bfb-5c67-aeae-4af5cb371be6.jpeg,CC0,http://creativecommons.org/publicdomain/zero/1.0/deed.en,ubahnverleih,d06afc0fd0c02895a249daec84dce29df49bf4f5,cb2d2ac3af06205d47fb09312c30a3971daece1e13d563482f56bb4402b47099,1570356,2e2495ccc0d9ef23beeca647cce721e16e504b46bebe08b772cfabe9effa25e3,Apple,iPhone 6,True,2016:01:23 19:16:04,,0,,,
ph1_night_ebb8795703,night,"https://commons.wikimedia.org/wiki/File:Southeastern_view_from_The_Look_Out,_the_50th_floor_of_8_Bishopsgate,_London.jpg",https://upload.wikimedia.org/wikipedia/commons/7/73/Southeastern_view_from_The_Look_Out%2C_the_50th_floor_of_8_Bishopsgate%2C_London.jpg,https://pd12m.s3.us-west-2.amazonaws.com/images/3918c335-67ab-501f-a622-eba919b6984d.jpeg,CC0,http://creativecommons.org/publicdomain/zero/1.0/deed.en,Paul W,ebb879570361dff574e0b0eb984c03a240cbd6cf,c2cf15c316a2798a912feb0b2423857a8cbaab7e5782e9463994f46ee7e4c8cf,7197022,27ac4d6b8b506c64037094dfefc3480e790e7779779af2ef6dbe0c36e3038274,Samsung,SM-G991B,True,2024:02:28 17:56:32,,0,,,
ph1_night_7c48c5dab2,night,https://commons.wikimedia.org/wiki/File:2019-09-14_K%C3%B6nigsh%C3%B6fer_Messe_7.jpg,https://upload.wikimedia.org/wikipedia/commons/7/77/2019-09-14_K%C3%B6nigsh%C3%B6fer_Messe_7.jpg,https://pd12m.s3.us-west-2.amazonaws.com/images/b44868da-6d93-5a7c-97d5-def9858eefaa.jpeg,CC0,http://creativecommons.org/publicdomain/zero/1.0/deed.en,Triplec85,7c48c5dab2c07b9127210d7ac6c8bc2eb9becd54,5620a0f4e78c65f4a20fa112d49b066ce0d563761c8971ede4a1a8133515569e,6598995,ccb13d915243fc0bb8da3693be5f7672b5b51067d5131b3b5d2c2abdb7171a24,Huawei,VOG-L29,True,,,0,,,
ph1_night_8d83207fae,night,https://commons.wikimedia.org/wiki/File:Xuexiang_5.jpg,https://upload.wikimedia.org/wikipedia/commons/e/e8/Xuexiang_5.jpg,https://pd12m.s3.us-west-2.amazonaws.com/images/3a777578-82cd-5c59-b176-d8addf8b26fe.jpeg,CC0,http://creativecommons.org/publicdomain/zero/1.0/deed.en,EditQ,8d83207fae7457e693ba2d31d844f92500bd932b,3aeefcc837ab01db1d121bf3a1095b1461145de719a1973bc9fe20202a9be930,3707621,8025887f53cd2bc59ed7a12cea40f82b4becce2a8a1aed0cad4958091a34f908,Samsung,SM-A5160,True,2023:12:24 16:29:55,,0,,,
ph1_night_af0411c801,night,https://commons.wikimedia.org/wiki/File:Grande_roue_%C3%A0_Miami_(janvier_2022)_de_nuit.JPG,https://upload.wikimedia.org/wikipedia/commons/4/4d/Grande_roue_%C3%A0_Miami_%28janvier_2022%29_de_nuit.JPG,https://pd12m.s3.us-west-2.amazonaws.com/images/dd8e8c96-8e0d-5435-a622-ed02e653f236.jpeg,CC0,http://creativecommons.org/publicdomain/zero/1.0/deed.en,Benoît Prieur,af0411c801d7d82baa6482edf5c14446a4e2d8bf,b1e6add88708003527b2a360669648a31013da74664e0ac4ed5b354aa3ab87b9,900241,5faf525632c31e328b549486f5f632a5f5782f531e1a1df7005195c0d6bb1005,Apple,iPhone 13,True,2022:01:30 19:13:13,,0,,,
ph1_night_df4221587c,night,"https://commons.wikimedia.org/wiki/File:S%C3%A9jour_%C3%A0_Singapour,_Wikimania_2023._01.jpg",https://upload.wikimedia.org/wikipedia/commons/8/8b/S%C3%A9jour_%C3%A0_Singapour%2C_Wikimania_2023._01.jpg,https://pd12m.s3.us-west-2.amazonaws.com/images/d319badc-e28e-5e9c-be84-e0d048604000.jpeg,CC0,http://creativecommons.org/publicdomain/zero/1.0/deed.en,ArnoBOUJIKA,df4221587cc293dd4ddfab625b1458cf54cf3350,e712e20e71c02ef807214bac5fa95be57c9308bd96e4c5e5518b34fdffabf3c1,3492713,acec8608518d13695cb4b26256bbefa39856f56a83e81269e20807ef2083b0c3,Apple,iPhone 11 Pro Max,True,2023:08:17 17:17:00,,0,,,
ph1_night_08e0a14a6d,night,https://commons.wikimedia.org/wiki/File:Bangalore_20220730_035206.jpg,https://upload.wikimedia.org/wikipedia/commons/7/72/Bangalore_20220730_035206.jpg,https://pd12m.s3.us-west-2.amazonaws.com/images/2c0b956f-b362-5b8f-beb7-185618097ad5.jpeg,CC0,http://creativecommons.org/publicdomain/zero/1.0/deed.en,Shyamal,08e0a14a6dbda98de111b6bcde61089dfda22639,da93dafa0c7a97cc68f6ca580b9ed615edad543accdcc05561e51fc6c58aac19,5263013,9d579270e690cabb4b902ae8bfc4e334bedc5d800564ee5bf770addab15e9caf,Xiaomi,M2012K11AI,True,2022:07:30 03:52:09,,0,,,
ph1_night_1cfa9f5edd,night,https://commons.wikimedia.org/wiki/File:Maritim_Hotel_Ulm_174842.jpg,https://upload.wikimedia.org/wikipedia/commons/2/2b/Maritim_Hotel_Ulm_174842.jpg,https://pd12m.s3.us-west-2.amazonaws.com/images/e40f095a-d2be-5747-a005-9b01ea12a06f.jpeg,CC0,http://creativecommons.org/publicdomain/zero/1.0/deed.en,Trop86,1cfa9f5edd4b9dd0d0141d4c75eb43a379f9c7d0,b6f36d59e4ca27ff168e13a4e617d3cb1deba4fff7a79db1ad4b33f2bb2a0154,935178,63a9063a4a6085abbeae3a756f8904b331b4aa737b395a2333431e06b3381f74,Samsung,SM-A127F,True,2024:01:01 17:48:42,,0,,,
ph1_night_c6c9029d00,night,"https://commons.wikimedia.org/wiki/File:Stockport,_Platform_0,_Jan_2022_04.jpg",https://upload.wikimedia.org/wikipedia/commons/2/25/Stockport%2C_Platform_0%2C_Jan_2022_04.jpg,https://pd12m.s3.us-west-2.amazonaws.com/images/13a1be34-956c-5571-9dc0-f5ecdd2a8132.jpeg,CC0,http://creativecommons.org/publicdomain/zero/1.0/deed.en,TheFrog001,c6c9029d00a71ca80f2d1b0307659e90b471f563,e9f30786857cc24a8c5e9b12c8c04130eff212d9cab441a965a2f13c527a7875,3131617,9768eb54d1f21110f1aec9866d6b4663b64149f6c0499ab7b2f1a05495a3c6c6,Apple,iPhone 12 Pro Max,True,2022:01:16 18:52:43,,0,,,
ph1_night_5350514f08,night,https://commons.wikimedia.org/wiki/File:Brussels-Belgian_Pride_2018_(13).jpg,https://upload.wikimedia.org/wikipedia/commons/8/82/Brussels-Belgian_Pride_2018_%2813%29.jpg,https://pd12m.s3.us-west-2.amazonaws.com/images/f227570b-d280-583a-9df7-c2773bae44c3.jpeg,CC0,http://creativecommons.org/publicdomain/zero/1.0/deed.en,Romaine,5350514f089b378a15f1c90ac0ecd18f391f0fa3,59e9118bd36fa5a87e387c82b0f6b45634da397cdf88396ccccbe47b2f584469,2324098,727b385ed25bde60ec0ce89d741bbd1e1ee3bd73b40e0c8595a75de0f03d9d8a,Samsung,SM-G950F,True,2018:05:19 22:12:54,,0,,,
ph1_night_88ccdff30f,night,"https://commons.wikimedia.org/wiki/File:Red_Light_Camera_on_NY_25A,_Flower_Hill,_NY_July_30,_2023.jpg",https://upload.wikimedia.org/wikipedia/commons/5/50/Red_Light_Camera_on_NY_25A%2C_Flower_Hill%2C_NY_July_30%2C_2023.jpg,https://pd12m.s3.us-west-2.amazonaws.com/images/ce3f1740-cf87-5a01-b4d4-490140f51bef.jpeg,CC0,http://creativecommons.org/publicdomain/zero/1.0/deed.en,AITFFan1,88ccdff30f39af5a94df53c78c8c4d48b74d71e6,fcc14e2e0444641bbabb494721678b77c8f4551a50d1516a36ae09b0abeb3b75,1667608,003b8f1403fe0aac635f88f5a29dde2729e702c314d128960e3ff7b3ec8900fa,Apple,iPhone 13 Pro Max,True,2023:07:30 22:26:50,,0,,,
ph1_night_51767cc6c2,night,https://commons.wikimedia.org/wiki/File:Guanyinqiao_station_L9.jpg,https://upload.wikimedia.org/wikipedia/commons/c/c3/Guanyinqiao_station_L9.jpg,https://pd12m.s3.us-west-2.amazonaws.com/images/0cc1ce01-560b-5d9b-b5aa-df0a2744c45f.jpeg,CC0,http://creativecommons.org/publicdomain/zero/1.0/deed.en,Leiem,51767cc6c258b4097d5337b000cb85482da0b4fd,6e3184fd86dc46acd876b0d9404d009b26bf2b19c61bd317eb4bd9456c401104,5040104,a9382e026373abce5fc3e72b65156256923d3c3869d64eb2384a671cd3cb9dd5,Xiaomi,Redmi K30 5G,True,2023:02:04 19:07:16,,0,,,
ph1_night_1a073fcf9d,night,https://commons.wikimedia.org/wiki/File:Jastsrkfcpij.jpg,https://upload.wikimedia.org/wikipedia/commons/f/f3/Jastsrkfcpij.jpg,https://pd12m.s3.us-west-2.amazonaws.com/images/e934c5a6-74cc-5f5a-95ba-0af6dae59d4f.jpeg,CC0,http://creativecommons.org/publicdomain/zero/1.0/deed.en,Imeao,1a073fcf9d9316a56ad6c1bd25c8e7b51b0f2238,faf0862da9793da5bb4c81a5645b0b027d3575c271f9cf3f09a0c59433fe6e8f,7110454,cd30d8d8f9163575b9a9d880dea12aa8bdf8146db800aabe2024aa9a09ae886a,Xiaomi,Mi A2 Lite,True,2020:09:30 20:41:08,,0,,,
ph1_night_3e437c072f,night,https://commons.wikimedia.org/wiki/File:%E6%A1%82%E6%9E%97%E8%A7%A3%E6%94%BE%E6%A1%A5%E4%B8%8B%E5%A4%9C%E6%99%AF.jpg,https://upload.wikimedia.org/wikipedia/commons/6/64/%E6%A1%82%E6%9E%97%E8%A7%A3%E6%94%BE%E6%A1%A5%E4%B8%8B%E5%A4%9C%E6%99%AF.jpg,https://pd12m.s3.us-west-2.amazonaws.com/images/344ab934-f40b-53b9-840d-5a5d2d7d11fe.jpeg,CC0,http://creativecommons.org/publicdomain/zero/1.0/deed.en,神樂坂秀吉,3e437c072fcfd3c07734ff8a26a39e1ea932b37c,126a2418fdd448f854d5ac31551d9f7833d2407d5eec2c420e11bd58cc1285f4,4844892,fda168d822c46207abbf6c283be6e92292ed631d5a9172a543eb2af9e0eadd41,Samsung,SM-C9000,True,2019:07:18 20:42:25,,0,,,
ph1_night_287cb97a07,night,"https://commons.wikimedia.org/wiki/File:Manayunk,_PA_3.jpg",https://upload.wikimedia.org/wikipedia/commons/a/a6/Manayunk%2C_PA_3.jpg,https://pd12m.s3.us-west-2.amazonaws.com/images/886dd9b9-adcf-5328-af5d-fa16b5acb605.jpeg,CC0,http://creativecommons.org/publicdomain/zero/1.0/deed.en,Ii2nmd,287cb97a07ad5fe009383317c6687af0b284bd70,04a231c61c294618efc19230c8a0efb7b98ad81d489d6cdb9b991e72e47366ca,2956822,e5cff3ca5707d93cb60741829787c6a8ce9f60d13b0a4ec2a0953009579f1554,Apple,iPhone 12 Pro Max,True,2024:02:03 19:47:32,,0,,,
ph1_night_31039d11bc,night,https://commons.wikimedia.org/wiki/File:HK_Protest_Incendo_20190616_214842.jpg,https://upload.wikimedia.org/wikipedia/commons/9/96/HK_Protest_Incendo_20190616_214842.jpg,https://pd12m.s3.us-west-2.amazonaws.com/images/a9078188-5213-540a-a9f0-42842247e909.jpeg,CC0,http://creativecommons.org/publicdomain/zero/1.0/deed.en,Studio Incendo,31039d11bcf91b53d1f81ed4e43e61c222df91ed,522703b60cac213854148afda1cccc053f163db397eb8c18696ccbd6d11b42bc,4727867,11666850e57f7c6adcde6b61b94afea5990637a45a0f4dbcd054a359ec9e26be,Google,Pixel 3 XL,True,2019:06:16 21:48:42,,0,,,
ph1_night_8e7489f42d,night,https://commons.wikimedia.org/wiki/File:Museum_of_Hungarian_Agriculture_in_evening25.jpg,https://upload.wikimedia.org/wikipedia/commons/8/8e/Museum_of_Hungarian_Agriculture_in_evening25.jpg,https://pd12m.s3.us-west-2.amazonaws.com/images/5a425154-2444-5f84-8eb1-bbb7d4b88283.jpeg,CC0,http://creativecommons.org/publicdomain/zero/1.0/deed.en,12akd,8e7489f42d91811911fd724211433a0fb3635f7c,dc99edbfe24e8f00984a72b68e8b4dde46f613e0557cae58ceb09250188968bd,1337167,3766e510a2b8995d0e14e3d97eef473efdb14b30bdf15fd7cf6319a8b955826a,LG,LG-H525n,True,2023:11:08 23:04:41,,0,,,
ph1_night_c370b65365,night,https://commons.wikimedia.org/wiki/File:20231124_183603_November_2023_in_Bia%C5%82ystok.jpg,https://upload.wikimedia.org/wikipedia/commons/c/ca/20231124_183603_November_2023_in_Bia%C5%82ystok.jpg,https://pd12m.s3.us-west-2.amazonaws.com/images/f6bea3f4-5ad7-5309-830e-55b7c987df35.jpeg,CC0,http://creativecommons.org/publicdomain/zero/1.0/deed.en,Rakoon,c370b6536553c00a7c83c1d0261249daa631ae40,50022352f341c697691310dc4c7de319f331a707233f2032ea52ec6f5fb69fd4,3700199,5c13d91fc1bc5e004d026ca55c7beb7fa9b37b4d50c234a032846c5a6a647376,Samsung,Galaxy A54 5G,True,2023:11:24 18:36:03,,0,,,
ph1_night_398196e0f2,night,https://commons.wikimedia.org/wiki/File:Sz%C3%A9pm%C5%B1v%C3%A9szeti_M%C3%BAzeum_este18.jpg,https://upload.wikimedia.org/wikipedia/commons/2/25/Sz%C3%A9pm%C5%B1v%C3%A9szeti_M%C3%BAzeum_este18.jpg,https://pd12m.s3.us-west-2.amazonaws.com/images/4b49a7f8-74e4-576e-9d8e-abf15406c0b4.jpeg,CC0,http://creativecommons.org/publicdomain/zero/1.0/deed.en,12akd,398196e0f20aab2edf715f82f726329cec9f9aa1,bb21027ae96b343453a0723a3211a45225dd68e80e81997aa5e778b4b0059df2,1124553,5b7ce1160a22badeb5db40596d3b6117bb3b7df58b1872d8c2451b7f52a5c2c3,LG,LG-H525n,True,2023:10:30 18:41:50,,0,,,
ph1_night_9a398bafeb,night,https://commons.wikimedia.org/wiki/File:Best_Western_hotel_Kaluga_2022-02.jpg,https://upload.wikimedia.org/wikipedia/commons/4/46/Best_Western_hotel_Kaluga_2022-02.jpg,https://pd12m.s3.us-west-2.amazonaws.com/images/93328412-caa5-5f46-8122-603e46b2648e.jpeg,CC0,http://creativecommons.org/publicdomain/zero/1.0/deed.en,Svetlov Artem,9a398bafeb481d06c40f2eaaeff3de76019d3e8b,0c1d96bc66356b38957231fc15f7f97d1ac1fe7dbff7dde4db1d2ec75135b079,2793118,a5d464f2b96cb9b71c50b782886d293bb37043f07cf9f45e7633307346754834,Samsung,SM-G7810,True,2022:02:19 18:34:54,,0,,,
ph1_night_e4809a6740,night,https://commons.wikimedia.org/wiki/File:Street_scene_while_walking_in_Hanoi_b_01.jpg,https://upload.wikimedia.org/wikipedia/commons/a/a5/Street_scene_while_walking_in_Hanoi_b_01.jpg,https://pd12m.s3.us-west-2.amazonaws.com/images/fba996e8-abf2-518a-80de-98818bcd1177.jpeg,CC0,http://creativecommons.org/publicdomain/zero/1.0/deed.en,Amenoc,e4809a674089fd379e7b4358d1f83c5bcf3a22de,2c728af0cc7b95456dfea3d8455aa2a0faeaddebf7c91b1780fec8c79217aba4,1366043,b2915f331802448e224bd1979e2923ffce8d5bd570a29bd66a5cae8fa33f634a,LG,Nexus 5,True,2017:09:16 21:50:29,,0,,,
ph1_night_cfe1af1be4,night,https://commons.wikimedia.org/wiki/File:Gare_de_Louvain_SNCB_-_NMBS.jpg,https://upload.wikimedia.org/wikipedia/commons/f/f2/Gare_de_Louvain_SNCB_-_NMBS.jpg,https://pd12m.s3.us-west-2.amazonaws.com/images/4a277b1c-966a-5ddb-813f-0b03909b0e10.jpeg,CC0,http://creativecommons.org/publicdomain/zero/1.0/deed.en,Mikefoxtrot,cfe1af1be48fc44f3e58762b630d8c1192dc96ea,238fa58905f21101b4642d9de295c575c0676d5d32259e54a84fa2a3175bc68f,1679616,e8c0bba9d97a63533a3c1752d475a2c60014173e2347f22b4309d252f91667d8,Apple,iPhone 6,True,2016:10:15 21:32:29,,0,,,
ph1_night_844c3297d9,night,"https://commons.wikimedia.org/wiki/File:Nightscape_of_Anshun_city_in_Guizhou,_China2.jpg",https://upload.wikimedia.org/wikipedia/commons/c/c9/Nightscape_of_Anshun_city_in_Guizhou%2C_China2.jpg,https://pd12m.s3.us-west-2.amazonaws.com/images/d0ec9611-ab75-5723-a629-48a511f4a24a.jpeg,CC0,http://creativecommons.org/publicdomain/zero/1.0/deed.en,Huangdan2060,844c3297d9743543eaae5be190bdf7bcc83b2ca5,a95c0756f2e0011d7bb702972ecbeeb2d8bf1274247e2aae8b4c413bdb26053e,2565688,5140c7dc2b6f2f02b919778a9f7f7057bccedb5bce98f2e7346563a4a2d11096,Huawei,BLN-AL10,True,2018:07:22 23:09:21,,0,,,
ph1_night_7c07dad8d9,night,https://commons.wikimedia.org/wiki/File:PESA_120Na_in_Gda%C5%84sk_-_winter_night.JPG,https://upload.wikimedia.org/wikipedia/commons/4/47/PESA_120Na_in_Gda%C5%84sk_-_winter_night.JPG,https://pd12m.s3.us-west-2.amazonaws.com/images/0b0ce5d1-3aa9-57a5-9a61-80ba0754d4f0.jpeg,CC0,http://creativecommons.org/publicdomain/zero/1.0/deed.en,Artur Andrzej,7c07dad8d90173ae04d47d61a4d9fc04a52a3869,ca34028f166645a9b2990f158fe4e4c763b62166c2f2d365becb4590484b3132,539194,d7c3007bab605d8b43e324a371bd44cc30e2139b4e4b4dbeb31d853749d9dc58,Samsung,VLUU L310W L313 M310W / Samsung L310W L313 M310W,True,2010:12:25 21:03:52,,0,,,
ph1_night_632ddb7c5a,night,https://commons.wikimedia.org/wiki/File:Sqbspxtvnbkd.jpg,https://upload.wikimedia.org/wikipedia/commons/f/f1/Sqbspxtvnbkd.jpg,https://pd12m.s3.us-west-2.amazonaws.com/images/fccfa478-397b-53f1-a7db-b3656501650d.jpeg,CC0,http://creativecommons.org/publicdomain/zero/1.0/deed.en,Imeao,632ddb7c5a5e5f8c823cb206f574d67057647d2f,1b1cd252d9b69d3082d43c6302b0344e4aa62584b09abf11ab852ee4d9622ac1,8468416,078881e29fd04a10aaf184dbb0d78314d6be59de97b854d8f51aa56345994569,Xiaomi,Mi A2 Lite,True,2020:09:29 21:09:32,,0,,,
ph1_night_0f80c4e872,night,"https://commons.wikimedia.org/wiki/File:Placencia_Belize,_December_2021_-_Night_Time.jpg",https://upload.wikimedia.org/wikipedia/commons/d/db/Placencia_Belize%2C_December_2021_-_Night_Time.jpg,https://pd12m.s3.us-west-2.amazonaws.com/images/800fc143-a5dc-5e1c-87d2-dac9e7a2efaf.jpeg,CC0,http://creativecommons.org/publicdomain/zero/1.0/deed.en,Jim McIntosh,0f80c4e872d07272fa2740816f904ae0cca3bbee,c1e4efb0ef4f85d181ba09c9e051300d238d4295e8963b9adffc9712e0d3c2fe,2529840,89cbf591b3b410b1a0e9dbff42b5a4ab8a049e66a6d971691228467e3fffe963,Apple,iPhone 13 Pro Max,True,2021:12:05 19:03:29,,0,,,
ph1_night_02b23a826b,night,https://commons.wikimedia.org/wiki/File:Bozenkigvjsp.jpg,https://upload.wikimedia.org/wikipedia/commons/f/f3/Bozenkigvjsp.jpg,https://pd12m.s3.us-west-2.amazonaws.com/images/107bf5c8-e84a-5504-8eb7-adf1e2a41475.jpeg,CC0,http://creativecommons.org/publicdomain/zero/1.0/deed.en,Imeao,02b23a826bdbefbfda716ce6742248da63fd5a59,28a8bc4d21c335479e368404b0aeabb4511467d6bbbedc64e9a4a8aeb08e621e,6606263,e4863b74f5e23ad31e66edfdee78ce0e2dfedee4e7dcef41fd1be6fd253fde99,Xiaomi,Mi A2 Lite,True,2021:12:13 01:00:20,,0,,,
ph1_night_3e777edba7,night,https://commons.wikimedia.org/wiki/File:Mist_in_Kruiskampsingel.jpg,https://upload.wikimedia.org/wikipedia/commons/b/b9/Mist_in_Kruiskampsingel.jpg,https://pd12m.s3.us-west-2.amazonaws.com/images/3d64f01a-3a36-58be-a7e6-8ee84ef65d4e.jpeg,CC0,http://creativecommons.org/publicdomain/zero/1.0/deed.en,klankbeeld,3e777edba712fcc6ac9136123a516374eb966516,20c627b7e6a493a1622ed83f57b55a8dc8fb8aaa1ce7aa1838d3242c8f6c13e4,2546942,e9862d015ecee0944f72a3a5068bee4c85ca19049bfaf6b63ada1c13695d9658,Samsung,SM-G973F,True,2022:11:21 06:56:24,,0,,,
ph1_night_2723790ba7,night,https://commons.wikimedia.org/wiki/File:Woodford_Folk_Festival_2023-2024_05.jpg,https://upload.wikimedia.org/wikipedia/commons/4/44/Woodford_Folk_Festival_2023-2024_05.jpg,https://pd12m.s3.us-west-2.amazonaws.com/images/bb7159c5-20a1-5d5f-b124-814b9bd6cf55.jpeg,CC0,http://creativecommons.org/publicdomain/zero/1.0/deed.en,Aliceinthealice,2723790ba74ee4bc8b0bd7f589401a9ef4232732,ab40d42a381aee901fc46ca95d35636689dba32c98ad7135eedd8f9d7c4068b6,5605154,8c79b3baab6e6a1ce1bdd3726591f5acf94a3c5d9b260827d11d0a6cf6456af3,Apple,iPhone 13,True,2023:12:31 21:51:25,,0,,,
ph1_night_a8d7b90449,night,https://commons.wikimedia.org/wiki/File:PHONO_Festival_2014.JPG,https://upload.wikimedia.org/wikipedia/commons/a/a6/PHONO_Festival_2014.JPG,https://pd12m.s3.us-west-2.amazonaws.com/images/8d3cda8f-b743-5de4-8599-16691f118f49.jpeg,CC0,http://creativecommons.org/publicdomain/zero/1.0/deed.en,Kristianbang,a8d7b904497e22ec10bdaca672c8c3f4f9e566ce,68e2e785162cee81d9eff051e4574dac95218902fa8c65a9dc9c06931ddf5169,1202588,0074eb34b6392500a6a0129282c6c235acb1705dce55677d6b368f9d3a445bc0,Apple,iPhone 5s,True,2014:09:12 23:14:21,,0,,,
ph1_night_223ac4fa88,night,https://commons.wikimedia.org/wiki/File:Mmexport1607884821724.jpg,https://upload.wikimedia.org/wikipedia/commons/4/40/Mmexport1607884821724.jpg,https://pd12m.s3.us-west-2.amazonaws.com/images/d62606c0-a0ff-508d-9e2d-43c1a81d94f4.jpeg,CC0,http://creativecommons.org/publicdomain/zero/1.0/deed.en,Kitabc12345,223ac4fa8898aeb89a0582e32c2a0e96a5b5a821,fb1e135a95b8099ecc2b797995d154d02282050f25bba1f85fb7bedbf19cb4f5,2878135,a3abdf1970d0296166a7285ad1f33125ee58ce78970d342c23b5d7c93800ed1c,OPPO,OPPO Reno4 5G,True,2020:12:14 02:32:47,,0,,,
ph1_night_f17531b165,night,https://commons.wikimedia.org/wiki/File:Brussels-Belgian_Pride_2018_(16).jpg,https://upload.wikimedia.org/wikipedia/commons/2/22/Brussels-Belgian_Pride_2018_%2816%29.jpg,https://pd12m.s3.us-west-2.amazonaws.com/images/d8af62a1-cdc5-5e1b-9f25-8244592aea66.jpeg,CC0,http://creativecommons.org/publicdomain/zero/1.0/deed.en,Romaine,f17531b16547ad780d50107c30b009070e19846b,885c441abbb6c3f807901bd96515d1abad912d5dff8c2c5f3ed3f81f5ab05cb4,3438355,4e62871ae401bd977d27c980cc82b6252bb01bb8fa6218df6b248dd2a761343a,Samsung,SM-G950F,True,2018:05:19 22:14:31,,0,,,
ph1_night_4d3c21c9fa,night,https://commons.wikimedia.org/wiki/File:Malbork_dworzec_03.jpg,https://upload.wikimedia.org/wikipedia/commons/4/4a/Malbork_dworzec_03.jpg,https://pd12m.s3.us-west-2.amazonaws.com/images/279b2ab7-29b2-585c-8542-192ef8f84f20.jpeg,CC0,http://creativecommons.org/publicdomain/zero/1.0/deed.en,Аимаина хикари,4d3c21c9fabe46fbe8014c3195835b70f8e5ac2e,1f3116e2b6f54eb9b419aa80a559e67811a14f313625044fbfe85fb57370addf,3377802,e3083532a6339604a126b9bf7af415b0df0612c1a00765654fb22e7dbbd1feb9,Xiaomi,Mi A2 Lite,True,2018:12:06 16:21:30,,0,,,
ph1_night_ab63b7a6ee,night,https://commons.wikimedia.org/wiki/File:Ohmi_1805_Musa_20190523.jpg,https://upload.wikimedia.org/wikipedia/commons/3/37/Ohmi_1805_Musa_20190523.jpg,https://pd12m.s3.us-west-2.amazonaws.com/images/6c107465-cf25-5d0e-a2e3-6b456a34b814.jpeg,CC0,http://creativecommons.org/publicdomain/zero/1.0/deed.en,Hahifuheho,ab63b7a6eec622fae614a3db0c665deb55175667,a95961a9b325e25433c5dfc0159a49a4e611622fcb7fc3ca6b9d982a4f690622,3069612,da363aefeaa30e71bc72d8c139ca92d2eb2a54692dc3446ee9cf3287cc336a13,Apple,iPhone 7 Plus,True,2019:05:23 20:19:09,,0,,,
ph1_night_5c9e7575f2,night,https://commons.wikimedia.org/wiki/File:The_views_of_Shibuya_Sky_20211126_02.jpg,https://upload.wikimedia.org/wikipedia/commons/2/29/The_views_of_Shibuya_Sky_20211126_02.jpg,https://pd12m.s3.us-west-2.amazonaws.com/images/406ae7a6-dd83-5bdf-8c57-58a834e1c926.jpeg,CC0,http://creativecommons.org/publicdomain/zero/1.0/deed.en,先従隗始,5c9e7575f28394a61bcff6d2b195b188c32b4ca7,11e199a895594348147a93ee8330023cae6b050451d6b4e1290b63cdfbf8268d,3001085,ce66919e9020d329765687071cb67caee402812670736c0af69221f09cd63d9b,Huawei,ANE-LX2J,True,2021:11:26 19:36:36,,0,,,
ph1_night_ad5eb02fcf,night,https://commons.wikimedia.org/wiki/File:N%C3%A1mraza_na_Teplicku_-_strome%C4%8Dek.jpg,https://upload.wikimedia.org/wikipedia/commons/7/79/N%C3%A1mraza_na_Teplicku_-_strome%C4%8Dek.jpg,https://pd12m.s3.us-west-2.amazonaws.com/images/f07b63e2-77f1-5f6a-932c-62fc5d58f748.jpeg,CC0,http://creativecommons.org/publicdomain/zero/1.0/deed.en,01x07x2022000,ad5eb02fcfa7de6194c5634ca04182ba9940dc78,4c5b60f98af67ac9913ef76f7a8eeb2788ed27df824d358e2d5c921145d4f913,4621369,827ba4fd5de5d3c3a07fa6131239182d019f23953a83dd7abf604631fab2cc6e,Samsung,SM-A750FN,True,2022:12:21 04:55:16,,0,,,
ph1_night_ba4180b9c5,night,https://commons.wikimedia.org/wiki/File:Manifestaci%C3%B3n_8M_Palacio_de_Gobierno_Monterrey_4.jpg,https://upload.wikimedia.org/wikipedia/commons/e/e1/Manifestaci%C3%B3n_8M_Palacio_de_Gobierno_Monterrey_4.jpg,https://pd12m.s3.us-west-2.amazonaws.com/images/60442581-bedf-5349-90b3-de1700b006ac.jpeg,CC0,http://creativecommons.org/publicdomain/zero/1.0/deed.en,Balaenicactus,ba4180b9c5ce52cf320ab81ba75a3550530cc4d3,90615dc9e70f8be795f2aa8c0ac35822187ccf97d045cf7effcc658e0afcea5b,2093850,fefac825b1ab6178e041708fa02f32071a542fb98d6857b2c97eb942b649e17b,Motorola,motorola edge 30,True,2024:03:08 20:23:22,,0,,,
ph1_night_abd717eea9,night,https://commons.wikimedia.org/wiki/File:%E6%97%A0%E9%94%A1%E4%B8%87%E8%B1%A1%E5%9F%8E.jpg,https://upload.wikimedia.org/wikipedia/commons/a/a1/%E6%97%A0%E9%94%A1%E4%B8%87%E8%B1%A1%E5%9F%8E.jpg,https://pd12m.s3.us-west-2.amazonaws.com/images/45940e7d-d9fb-543f-9408-5c8d8833f3aa.jpeg,CC0,http://creativecommons.org/publicdomain/zero/1.0/deed.en,Lt2818,abd717eea9c6e067631bad7d50b6ba77f922a2ed,7570307f905e343d03a7c27c34aa8fcb5cf1ca187f26e0e2388de2fc34c455eb,3439628,3069a9ce432528f2e36f69d0d4ee2fbc1aa4d81cc7baeb0ea4be227d51ab36ef,Samsung,SM-G9910,True,2022:03:19 20:35:22,,0,,,
ph1_night_c2bdace824,night,"https://commons.wikimedia.org/wiki/File:Columns,_Kom_Ombo_Temple,_Kom_Ombo,_AG,_EGY_(48004988861).jpg",https://upload.wikimedia.org/wikipedia/commons/a/a2/Columns%2C_Kom_Ombo_Temple%2C_Kom_Ombo%2C_AG%2C_EGY_%2848004988861%29.jpg,https://pd12m.s3.us-west-2.amazonaws.com/images/e465f235-ea42-56d6-9620-e7eb4f67a3d5.jpeg,CC0,http://creativecommons.org/publicdomain/zero/1.0/deed.en,"Warren LeMay from Chicago, IL, United States",c2bdace8245ffb20d6ff9e5654eb6584a9a04596,e24462ad7dac8faada474d3e21a323b6b820d706bab4b96238ce069ec961e20d,2587804,ce46094f9c7b26b0e5d087e10e55455937ecca1f036fb19834e8fe0d7248de7c,Apple,iPhone 8,True,2019:05:15 19:12:21,,0,,,
ph1_night_02f7eb3fa3,night,https://commons.wikimedia.org/wiki/File:In-n-Out_Burger_at_Night.jpg,https://upload.wikimedia.org/wikipedia/commons/5/56/In-n-Out_Burger_at_Night.jpg,https://pd12m.s3.us-west-2.amazonaws.com/images/e97a6b7e-0105-51ee-bd5d-37f3fff112ad.jpeg,CC0,http://creativecommons.org/publicdomain/zero/1.0/deed.en,Julianibarra,02f7eb3fa3687c683c849b3215badf3200eb75b9,46b7cae37ff14908efe88232211ffdc44f4375218cb82425399937c597090f80,1713497,248ac1c235dd8d3447068ad3bd5696edc779295f25b97b18c6531c59eab499d0,Apple,iPhone X,True,2019:07:13 22:52:38,,0,,,
ph1_night_022f277a44,night,https://commons.wikimedia.org/wiki/File:20230113_163444_January_2023_in_Bia%C5%82ystok.jpg,https://upload.wikimedia.org/wikipedia/commons/7/7b/20230113_163444_January_2023_in_Bia%C5%82ystok.jpg,https://pd12m.s3.us-west-2.amazonaws.com/images/1313f1bc-0745-5cd1-a918-1715c7cf43b0.jpeg,CC0,http://creativecommons.org/publicdomain/zero/1.0/deed.en,Rakoon,022f277a4498c26bbec28f2a29b478f249d41391,cf5e11b850ea6ad846e327e3b000262c06b087dc5c6fa19230a14c691ba04c0a,4238467,b56d7e80b46b6f77e19b53910edd536c10b27a2765dece560e1ead85f0f0d213,Samsung,SM-A720F,True,2023:01:13 16:34:43,,0,,,
ph1_night_5894d22ea0,night,https://commons.wikimedia.org/wiki/File:%EC%82%BC%EC%84%B1%EB%9D%BC%EC%9D%B4%EC%98%A8%EC%A6%88%ED%8C%8C%ED%81%AC.jpg,https://upload.wikimedia.org/wikipedia/commons/9/94/%EC%82%BC%EC%84%B1%EB%9D%BC%EC%9D%B4%EC%98%A8%EC%A6%88%ED%8C%8C%ED%81%AC.jpg,https://pd12m.s3.us-west-2.amazonaws.com/images/53da677c-3898-56f9-b443-b7ef6480921b.jpeg,CC0,http://creativecommons.org/publicdomain/zero/1.0/deed.en,기여자,5894d22ea0f128d5cd70e4fce910bedb7aab9fa0,5222836625b486868b896a03dffc27f91d194c757171e16d56734294ace01803,742213,6db62f2f71fcdaad6d4bcb8bcc45a09c706e2e3f1242e1d359134928fa3558c6,Samsung,SM-A510S,True,2017:03:31 20:19:47,,0,,,
ph1_night_56cd2e4c33,night,https://commons.wikimedia.org/wiki/File:Monterosso_Almo_(RG)_-_chiesa_di_Sant%27Antonio_Abate_-_facciata_-_vista_notturna.jpg,https://upload.wikimedia.org/wikipedia/commons/3/31/Monterosso_Almo_%28RG%29_-_chiesa_di_Sant%27Antonio_Abate_-_facciata_-_vista_notturna.jpg,https://pd12m.s3.us-west-2.amazonaws.com/images/133017d4-f522-501f-b2da-ed0c8b7628b2.jpeg,CC0,http://creativecommons.org/publicdomain/zero/1.0/deed.en,Carmelovunque,56cd2e4c33a51c0f5b31e50b18ffce5e80e0e093,cf7056303e27f41c1f55bee53b9c38db1cccab73806e7dbda17c2352332d62e5,2886213,52a55e85f575eb0c70c69a783cd47f218be7dc2b125ebbc210156eacd0645a11,Samsung,SM-M325FV,True,2024:01:01 18:49:09,,0,,,
ph1_night_7533d46547,night,"https://commons.wikimedia.org/wiki/File:Gy%C5%91r,_Kisb%C3%A1csa,_templom,_1.jpg",https://upload.wikimedia.org/wikipedia/commons/2/27/Gy%C5%91r%2C_Kisb%C3%A1csa%2C_templom%2C_1.jpg,https://pd12m.s3.us-west-2.amazonaws.com/images/f991a2df-13f9-5780-92d5-ef9bc367ee15.jpeg,CC0,http://creativecommons.org/publicdomain/zero/1.0/deed.en,Random photos 1989,7533d46547acac67d5f29981bcfe230470e812f6,a9a62664bd195d427e74c04f444cb15de725822573d37c7e7418c82fead53545,2646209,42bbb4e09c7362efd79fa714c1e323ed694a51bd3764794fee46adbb6243e294,Huawei,VOG-L29,True,2020:07:25 22:09:33,,0,,,
ph1_night_644d5b799d,night,https://commons.wikimedia.org/wiki/File:La_belle_vue_de_la_ville_de_Singapour_33.jpg,https://upload.wikimedia.org/wikipedia/commons/6/67/La_belle_vue_de_la_ville_de_Singapour_33.jpg,https://pd12m.s3.us-west-2.amazonaws.com/images/60e14552-33ac-5c23-86f4-93c133f94914.jpeg,CC0,http://creativecommons.org/publicdomain/zero/1.0/deed.en,Falilou224,644d5b799d1294fe45a7a8aee969a21a8bda50cc,27b83a5f91c1124df6e7dfcd6e374a0decabfa826cbdfe881637b0df23060501,2242068,59da120d196918b08a56cb7dc1337e3f48710adba6ad7fd539c95d99ee08b4df,Samsung,SM-A217N,True,2023:08:19 19:32:02,,0,,,
ph1_night_b9c77a21bf,night,https://commons.wikimedia.org/wiki/File:Sunset_view_at_Shivnala_(Gondi)_village.jpg,https://upload.wikimedia.org/wikipedia/commons/9/92/Sunset_view_at_Shivnala_%28Gondi%29_village.jpg,https://pd12m.s3.us-west-2.amazonaws.com/images/b5d3feed-fbbd-50c6-941a-2ae9442fdab6.jpeg,CC0,http://creativecommons.org/publicdomain/zero/1.0/deed.en,BelovedFTM,b9c77a21bf2d920b823136d738a26f086bf804bb,5327443b40a4e7cffa72331655201486f296e87e2542faa79aac2b9d36e00005,7566928,34fa9b8646358199520ddc931577505dda8264c8c32e215837ff3c5c1db77ea8,Xiaomi,Redmi Note 9 Pro,True,2023:12:18 18:04:50,,0,,,
ph1_portrait_cac5efa8fb,portrait,https://commons.wikimedia.org/wiki/File:WikiConvFr23_%C3%A0_Abidjan_en_Cote_d%27Ivoire_-Journ%C3%A9es_de_conf%C3%A9rences_36.jpg,https://upload.wikimedia.org/wikipedia/commons/6/65/WikiConvFr23_%C3%A0_Abidjan_en_Cote_d%27Ivoire_-Journ%C3%A9es_de_conf%C3%A9rences_36.jpg,https://pd12m.s3.us-west-2.amazonaws.com/images/3a5156ac-616a-50a5-a18c-946c6f4f540c.jpeg,CC0,http://creativecommons.org/publicdomain/zero/1.0/deed.en,Adoscam,cac5efa8fb5363fb15ff02eb8e22ed00d0926e2a,ecd3cb74b481f16b10f28f29529de48252dd9476b7f680451e7c64784a042653,6946915,3880e22dbbf4723a31b8c007da54ee3892dd7b593042a81bd64ecac918e688f7,NIKON CORPORATION,NIKON D5300,False,2023:09:23 15:15:13,,13,71.4,MST 1-3 (prov.),
ph1_portrait_089c55803b,portrait,https://commons.wikimedia.org/wiki/File:Photo_des_wikimedien.es_au_jardin_botanique_de_Singapour_03.jpg,https://upload.wikimedia.org/wikipedia/commons/d/dd/Photo_des_wikimedien.es_au_jardin_botanique_de_Singapour_03.jpg,https://pd12m.s3.us-west-2.amazonaws.com/images/a5db4dd6-fa42-50f7-b06c-0d9eda47c963.jpeg,CC0,http://creativecommons.org/publicdomain/zero/1.0/deed.en,Falilou224,089c55803bfa67d7d488ffb8f6d9d565159fad7a,e4371f76a8dd5a7e97929054ced917922092f3a316d881f9c96a4a2a067a04a6,2272426,9a5a8725dad17235fda98c98e934eeb9c3bea7b107cb1593853a98dd48cc61af,Samsung,SM-A217N,True,2023:08:15 17:12:53,,1,-0.1,MST 8-10 (prov.),
ph1_portrait_7accc379c6,portrait,https://commons.wikimedia.org/wiki/File:WikiConvFr23_%C3%A0_Abidjan_en_Cote_d%27Ivoire_-Journ%C3%A9es_de_conf%C3%A9rences_39.jpg,https://upload.wikimedia.org/wikipedia/commons/8/89/WikiConvFr23_%C3%A0_Abidjan_en_Cote_d%27Ivoire_-Journ%C3%A9es_de_conf%C3%A9rences_39.jpg,https://pd12m.s3.us-west-2.amazonaws.com/images/fe472ea6-488d-56bc-916f-5fe4cad10609.jpeg,CC0,http://creativecommons.org/publicdomain/zero/1.0/deed.en,Adoscam,7accc379c60e6916bf35e74b6c370186ba3802b8,6a9318fc7c682bc42930d04e3b9c121fb44c87e6fbbedb950c0b50c989da1b06,6749866,35f3798cb0a6a55055271aef559d19810485573049c23b4de25f7aec46731e8c,NIKON CORPORATION,NIKON D5300,False,2023:09:23 15:15:28,,18,42.6,MST 1-3 (prov.),
ph1_portrait_7d7e08c94b,portrait,https://commons.wikimedia.org/wiki/File:WikiConvFr23_%C3%A0_Abidjan_en_Cote_d%27Ivoire_-Journ%C3%A9es_de_conf%C3%A9rences_40.jpg,https://upload.wikimedia.org/wikipedia/commons/5/5f/WikiConvFr23_%C3%A0_Abidjan_en_Cote_d%27Ivoire_-Journ%C3%A9es_de_conf%C3%A9rences_40.jpg,https://pd12m.s3.us-west-2.amazonaws.com/images/74409fd7-1060-539c-be31-745380eb0320.jpeg,CC0,http://creativecommons.org/publicdomain/zero/1.0/deed.en,Adoscam,7d7e08c94b9e7d2126dc2e8ce057b45bfb65f2c9,ab6f1450c1226a90f2847307e22ae45f086fc11df02188e3279257a5b8526fee,6756976,32331e2cce4100ccf7c044c253ffde6737f578eced5ff43b31c43e64775d3d07,NIKON CORPORATION,NIKON D5300,False,2023:09:23 15:15:32,,14,48.9,MST 1-3 (prov.),
ph1_portrait_02cc6f1653,portrait,https://commons.wikimedia.org/wiki/File:U.S._TEFL_Exchange_Alumni_Photoshoot_(35529878682).jpg,https://upload.wikimedia.org/wikipedia/commons/f/fc/U.S._TEFL_Exchange_Alumni_Photoshoot_%2835529878682%29.jpg,https://pd12m.s3.us-west-2.amazonaws.com/images/9c9d34a1-0940-591c-a366-be2ff067414f.jpeg,CC0,http://creativecommons.org/publicdomain/zero/1.0/deed.en,Exchanges Photos,02cc6f165390ae6b5bf01be2bd03cda922affad1,aa8074a882f943e678f5c55a471a118af00ccef0a40aec1fd147b405889f753a,5348008,1697abcede265ef34f3c1e8c34b90ac5d56e03441e06202d9f950c784bae80bd,Canon,Canon EOS 7D,False,2017:06:22 13:42:10,,3,18.7,MST 4-7 (prov.),
ph1_portrait_0c759ceea1,portrait,https://commons.wikimedia.org/wiki/File:Lin-Manuel_Miranda_Walk_of_Fame_star_ceremony_(46074097282).jpg,https://upload.wikimedia.org/wikipedia/commons/4/4e/Lin-Manuel_Miranda_Walk_of_Fame_star_ceremony_%2846074097282%29.jpg,https://pd12m.s3.us-west-2.amazonaws.com/images/64019ebd-f12d-5ae0-9c6a-c9602c336a19.jpeg,CC0,http://creativecommons.org/publicdomain/zero/1.0/deed.en,Luke Harold,0c759ceea1f2268ada2c5816718154a5d37407ea,968ce29d50295bb10551bccf68311e066375a31ac0a2e0d830057035c090e557,1122651,3e3bb537b76636a1a98996b5887c37bbcb94d737cccec67eaa63f70abcea25aa,OLYMPUS CORPORATION,E-M10 Mark III,False,2018:11:30 13:08:11,,4,43.6,MST 1-3 (prov.),
ph1_portrait_56140c8e19,portrait,https://commons.wikimedia.org/wiki/File:Wikioromgoh_4-mavsum_1-guruh_talabalari.jpg,https://upload.wikimedia.org/wikipedia/commons/3/32/Wikioromgoh_4-mavsum_1-guruh_talabalari.jpg,https://pd12m.s3.us-west-2.amazonaws.com/images/6f30ab87-025f-5aec-af37-883519e5280f.jpeg,CC0,http://creativecommons.org/publicdomain/zero/1.0/deed.en,Asadbek Bekchonov,56140c8e1962830c18e691cfd644149bac927a7d,54124375e4f4cbefe126a169b777d6340831766596aec830d905779e3947ce5c,6044658,9dda34c2165476c4e675740f008d2364b5ece4f0aee19b0818992e7614a243f6,Apple,iPhone 12 Pro Max,True,2024:03:05 17:10:45,,13,54.1,MST 1-3 (prov.),
ph1_portrait_f464ced109,portrait,https://commons.wikimedia.org/wiki/File:%D9%86%D9%85%D8%A7%DB%8C%D8%B4_%D9%85%D9%86%D8%B8%D9%88%D9%85%D9%87_%D8%A8%D9%87_%DA%A9%D8%A7%D8%B1%DA%AF%D8%B1%D8%AF%D8%A7%D9%86%DB%8C_%D8%B9%D9%84%DB%8C_%D9%81%D8%B1%D8%AD%D9%86%D8%A7%DA%A9_%D8%AF%D8%B1_%D9%82%D9%85_-_%D8%AA%D8%A6%D8%A7%D8%AA%D8%B1_%D8%A2%D8%A6%DB%8C%D9%86%DB%8C-%D8%AA%D8%A6%D8%A7%D8%AA%D8%B1_%D9%85%D8%B0%D9%87%D8%A8%DB%8C_27.jpg,https://upload.wikimedia.org/wikipedia/commons/a/a4/%D9%86%D9%85%D8%A7%DB%8C%D8%B4_%D9%85%D9%86%D8%B8%D9%88%D9%85%D9%87_%D8%A8%D9%87_%DA%A9%D8%A7%D8%B1%DA%AF%D8%B1%D8%AF%D8%A7%D9%86%DB%8C_%D8%B9%D9%84%DB%8C_%D9%81%D8%B1%D8%AD%D9%86%D8%A7%DA%A9_%D8%AF%D8%B1_%D9%82%D9%85_-_%D8%AA%D8%A6%D8%A7%D8%AA%D8%B1_%D8%A2%D8%A6%DB%8C%D9%86%DB%8C-%D8%AA%D8%A6%D8%A7%D8%AA%D8%B1_%D9%85%D8%B0%D9%87%D8%A8%DB%8C_27.jpg,https://pd12m.s3.us-west-2.amazonaws.com/images/3f007b82-8b35-568e-8e7f-a36e9b1da1f0.jpeg,CC0,http://creativecommons.org/publicdomain/zero/1.0/deed.en,Mostafameraji,f464ced1094549960092db3021b86c59dc47657e,9ede75f954c26ac895b461501b567a462c9a52bec5a5fe152db8a830058e977a,7370711,1be65d5804e393ecd71ef79496673004477b187e2b2938574907cba30e0380fb,Canon,Canon EOS 6D,False,2016:06:13 22:09:32,,2,-42.3,MST 8-10 (prov.),
ph1_portrait_3ed94dd6dc,portrait,https://commons.wikimedia.org/wiki/File:Club_Wikip%C3%A9dia_Douala_-_Atelier_de_Contribution_du_10_f%C3%A9vrier_2024._09.jpg,https://upload.wikimedia.org/wikipedia/commons/7/73/Club_Wikip%C3%A9dia_Douala_-_Atelier_de_Contribution_du_10_f%C3%A9vrier_2024._09.jpg,https://pd12m.s3.us-west-2.amazonaws.com/images/b053bd54-615b-568c-af3a-20429a6e0041.jpeg,CC0,http://creativecommons.org/publicdomain/zero/1.0/deed.en,ArnoBOUJIKA,3ed94dd6dcc6569aa1dcde38b543f830efbbf115,aea645f35ee7e6c96cc1298c2ea63e9b1c3306276d15628c8d302c66a2bc47cd,3958690,75566ee5b847fa028f73b465f5e6941f78c8036fa067ce6a0c8b119bc9a23613,Apple,iPhone 11 Pro Max,True,2024:02:10 11:34:06,,4,-18.0,MST 8-10 (prov.),
ph1_portrait_9e4f3c5c16,portrait,https://commons.wikimedia.org/wiki/File:CHINANITE_XXI_IMG_1439_(26193038372).jpg,https://upload.wikimedia.org/wikipedia/commons/1/1d/CHINANITE_XXI_IMG_1439_%2826193038372%29.jpg,https://pd12m.s3.us-west-2.amazonaws.com/images/3446be2a-8d31-54d7-b2c9-4f8d607deeef.jpeg,CC0,http://creativecommons.org/publicdomain/zero/1.0/deed.en,Rutgers CSO,9e4f3c5c166e28370687a5cfc747623bfcbeef44,7c8b369adfaad381e28393f19968a69834b8327d493039c90e3f2afa49815b9c,5094170,c5316922e33ca8b10a6206a553ceaca7e330587081774e252498b3a6975f132d,Canon,Canon EOS REBEL T3i,False,2016:03:06 17:18:31,,14,65.9,MST 1-3 (prov.),
ph1_portrait_2c97523fbe,portrait,https://commons.wikimedia.org/wiki/File:Chor_Chinor_WikiTour_2023_(2).jpg,https://upload.wikimedia.org/wikipedia/commons/b/b0/Chor_Chinor_WikiTour_2023_%282%29.jpg,https://pd12m.s3.us-west-2.amazonaws.com/images/af1b7b03-7bb2-5938-bf9e-08a9d69d72aa.jpeg,CC0,http://creativecommons.org/publicdomain/zero/1.0/deed.en,Mirzoulugʻbek,2c97523fbecb0bb52903a7fedd4c6c785776da92,4066dd99499809bcb36ec05b7f290a4d2eaea26d60d0e63a26ba88ac291e120c,5383842,4038cdc7d2bc4fbcbc402b3c59f0ec366aa02992a2992f2bd193bf315a1ded84,Xiaomi,2201117TG,True,2023:06:20 18:32:46,,1,43.7,MST 1-3 (prov.),
ph1_portrait_7e402b6601,portrait,https://commons.wikimedia.org/wiki/File:Jose_Mari_Madariaga.Omenaldi_egunean_dantzariekin.jpg,https://upload.wikimedia.org/wikipedia/commons/3/35/Jose_Mari_Madariaga.Omenaldi_egunean_dantzariekin.jpg,https://pd12m.s3.us-west-2.amazonaws.com/images/e5a2bc43-3cde-5d16-9f03-c23ba6846e25.jpeg,CC0,http://creativecommons.org/publicdomain/zero/1.0/deed.en,Wikimadari,7e402b660122c871780fd472eee464c9a14e77e2,93ff7ab07a63d4ae3be40830a5014883ef26a2a51da207e8866381a3ca33cc28,4955852,2467dd9c453bf483bd656bcf5b8e928ae9c7d11f6693a7e473556a6de4976b3c,SONY,DSC-W510,False,2012:05:27 12:37:22,,7,-58.5,MST 8-10 (prov.),
ph1_portrait_d156511f3a,portrait,https://commons.wikimedia.org/wiki/File:Jpg6.Wiktionary_Workshop_And_Training_In_Karadua_day2.jpg,https://upload.wikimedia.org/wikipedia/commons/b/b4/Jpg6.Wiktionary_Workshop_And_Training_In_Karadua_day2.jpg,https://pd12m.s3.us-west-2.amazonaws.com/images/1c28f35a-dff0-5ef3-9e8d-6a79a16ec750.jpeg,CC0,http://creativecommons.org/publicdomain/zero/1.0/deed.en,Yusuf Sa'adu,d156511f3aa91fb4970bcdcc24a2b686b979a507,94cbe04295a233dacf98bafd20c79c5807f73205489e59c66041d430c37d691f,3314821,c83459722245ed2a502e846bcbbd9b808e0d6393cfe237a65775eadaa5263c6f,Infinix,Infinix X625B,True,2022:12:18 12:39:59,,2,25.4,MST 4-7 (prov.),
ph1_portrait_bdbdb2f649,portrait,https://commons.wikimedia.org/wiki/File:Valenciennes_-_UNFP_FC_(02-07-2016)_40.jpg,https://upload.wikimedia.org/wikipedia/commons/3/35/Valenciennes_-_UNFP_FC_%2802-07-2016%29_40.jpg,https://pd12m.s3.us-west-2.amazonaws.com/images/a3d3d76f-2cf6-51a7-9471-d1a9745f7960.jpeg,CC0,http://creativecommons.org/publicdomain/zero/1.0/deed.en,Supporterhéninois,bdbdb2f649e831f3bba8bcaf254763658b5f85c3,1dbc91f38a17ca7e2d5e0ded898006dc30be3f5ae7a5c5539d5dd42e003997b6,2554313,af0b6c4d90fe601b58b11cd4105d030cc0fcffa0a12ea02e5f8e72f8ebfa29c3,Samsung,SM-G920F,True,2016:07:02 17:55:30,,3,-44.5,MST 8-10 (prov.),
ph1_portrait_546667fe3b,portrait,https://commons.wikimedia.org/wiki/File:Christophe_SAVOCA_entra%C3%AEneur_Grappling.jpg,https://upload.wikimedia.org/wikipedia/commons/c/cd/Christophe_SAVOCA_entra%C3%AEneur_Grappling.jpg,https://pd12m.s3.us-west-2.amazonaws.com/images/c7bcd707-ba54-5871-8e3e-28e6fb1a58fc.jpeg,CC0,http://creativecommons.org/publicdomain/zero/1.0/deed.en,Gowdu59,546667fe3bc31317c97502eb98292e03959fcf48,9e2cb6c15d2dc691dc412a30d438091cfcb8fe2c5776d45445e5dde531482a99,1693232,03dc8ace7673dff50ae98f6d2aa10b7f5fe1209249fecd21aad6a1fbc20ce287,Apple,iPhone XR,True,2024:03:09 08:35:58,,1,47.8,MST 1-3 (prov.),
ph1_portrait_99bb482329,portrait,https://commons.wikimedia.org/wiki/File:PGE_Sp%C3%B3jnia_Stargard_-_Adam_%C5%81apeta.jpg,https://upload.wikimedia.org/wikipedia/commons/b/b7/PGE_Sp%C3%B3jnia_Stargard_-_Adam_%C5%81apeta.jpg,https://pd12m.s3.us-west-2.amazonaws.com/images/d05e7ce0-75b9-5c45-b19e-51ebb452c532.jpeg,CC0,http://creativecommons.org/publicdomain/zero/1.0/deed.en,Zmechowiec 75,99bb48232960950d720a726fae27eee84f93051a,bf5664004d0aa0932e212efad30530523f49fa4bb333b4aadd6a8820f06c5541,782418,92ac3b190fc5011009556c085b3dc347e3753793dc169eff499b883047f245d3,Samsung,SM-G935F,True,2023:11:08 20:18:57,,1,-2.0,MST 8-10 (prov.),
ph1_portrait_0a74f2c4b4,portrait,"https://commons.wikimedia.org/wiki/File:P._Mauro_J%C3%B6hri,_Ministro_Generale_OFM_Capp._con_Samantha_Palazzi.jpg",https://upload.wikimedia.org/wikipedia/commons/5/53/P._Mauro_J%C3%B6hri%2C_Ministro_Generale_OFM_Capp._con_Samantha_Palazzi.jpg,https://pd12m.s3.us-west-2.amazonaws.com/images/bc5ddc5b-496b-54de-a452-93439e09dd48.jpeg,CC0,http://creativecommons.org/publicdomain/zero/1.0/deed.en,Khristell,0a74f2c4b467d23e470f24b8252e2efba3e0ef67,f829c41b06ff00fc7b109ecc6f457189a8d37d4aa185daa57951a18d59f1e491,1595307,0321df6bfdbb1a3f6bd0398143202bd5ccf16dcdbdf09f9ae71b0f491d4e7fb4,OLYMPUS IMAGING CORP.,E-300,False,2016:10:04 08:50:29,,3,36.7,MST 4-7 (prov.),
ph1_portrait_273087a6e6,portrait,https://commons.wikimedia.org/wiki/File:CHINANITE_XXI_IMG_1467_(25680599554).jpg,https://upload.wikimedia.org/wikipedia/commons/e/ec/CHINANITE_XXI_IMG_1467_%2825680599554%29.jpg,https://pd12m.s3.us-west-2.amazonaws.com/images/a43ed344-0967-5821-9e3b-84b38de85724.jpeg,CC0,http://creativecommons.org/publicdomain/zero/1.0/deed.en,Rutgers CSO,273087a6e65f56e093146ef1b3c542bcd3c25d8f,f3e6cef9add412d457df808e5d862bd073ffe5d3d78bfa34d3724a0b7cb4ea3e,5582079,5837ab9b8372d6cdaa9627432ebbf2d2867306b49c1384f253b247d552c2b144,Canon,Canon EOS REBEL T3i,False,2016:03:06 19:01:56,,3,20.1,MST 4-7 (prov.),
ph1_portrait_f027170956,portrait,https://commons.wikimedia.org/wiki/File:Astro_Debarati_(10).jpg,https://upload.wikimedia.org/wikipedia/commons/5/56/Astro_Debarati_%2810%29.jpg,https://pd12m.s3.us-west-2.amazonaws.com/images/4e5775d5-3515-5e5b-910d-03e93ba97581.jpeg,CC0,http://creativecommons.org/publicdomain/zero/1.0/deed.en,Astro Debarati Chakraborty,f0271709560b7de645c71b1f34ed7e06a1c9368d,122e449e6b7f25d88911d386eb34ba944dc98378e0745269c3acc11e63e3a328,10032266,2080bce1f10997c4e1c3441fb1ba06220b1abcc933a09df39ed7c52738aac96e,Samsung,SM-A315F,True,2024:01:10 22:14:10,,1,-0.6,MST 8-10 (prov.),
ph1_portrait_665961cabb,portrait,https://commons.wikimedia.org/wiki/File:Festivale_baga_en_Guin%C3%A9e_15.jpg,https://upload.wikimedia.org/wikipedia/commons/d/d2/Festivale_baga_en_Guin%C3%A9e_15.jpg,https://pd12m.s3.us-west-2.amazonaws.com/images/8c3d3935-e7b0-52a8-bbad-d7a0642ff53b.jpeg,CC0,http://creativecommons.org/publicdomain/zero/1.0/deed.en,M keita1321,665961cabb647f4544ad26c13303d0eb31470fa5,04df755a237fc569ca30a90ca7f1969abc533aaeafa3f03e440cf8b4024ba4be,2470894,13a074b24d61b447cbdc0fa4bd9cd5f1e84803574c4d35deec06a99451fe980c,Apple,iPhone 11,True,2024:02:10 11:40:41,,1,-6.6,MST 8-10 (prov.),
ph1_portrait_16925b4b46,portrait,https://commons.wikimedia.org/wiki/File:WikiOromgoh_II_8th_Group_2022_03.jpg,https://upload.wikimedia.org/wikipedia/commons/7/74/WikiOromgoh_II_8th_Group_2022_03.jpg,https://pd12m.s3.us-west-2.amazonaws.com/images/dd323642-c341-5a39-8b82-ce7c7511f1a2.jpeg,CC0,http://creativecommons.org/publicdomain/zero/1.0/deed.en,Umarxon III,16925b4b46b2185924b699eca28a3af9b7afd67c,1a2120722803f5ee8fd3b0e74ccbc5d4beb3e83e1b4cc2379f04c9b321e28f2d,9187325,7ce9848c2171859c99197fae8b4c0a0bcd474087d06171452954972bd99be1f0,Xiaomi,2201116PG,True,2022:11:28 13:08:13,,3,48.0,MST 1-3 (prov.),
ph1_portrait_3b0657142e,portrait,https://commons.wikimedia.org/wiki/File:Wikimedia_MKD_celebrates_23th_birthday_in_Skopje_10.jpg,https://upload.wikimedia.org/wikipedia/commons/2/27/Wikimedia_MKD_celebrates_23th_birthday_in_Skopje_10.jpg,https://pd12m.s3.us-west-2.amazonaws.com/images/c3b057f2-b9bb-512f-979c-97018cfd870b.jpeg,CC0,http://creativecommons.org/publicdomain/zero/1.0/deed.en,Velkovski.b,3b0657142ec3c32b18e0ec6818880e0eb1acc762,9aea98445030b1d2777e214bdddccef228aaf7b398da8e0cfe3cab9dd81af36b,4004688,41f30dfef2d6b9e3b8970f485419d93a732053c069b5712bffae27530be266d2,Samsung,Galaxy A54 5G,True,2024:01:15 20:31:05,,2,38.2,MST 4-7 (prov.),
ph1_portrait_be3d3539e5,portrait,https://commons.wikimedia.org/wiki/File:WikiConFr2023_Session_de_cl%C3%B4ture_C%C3%B4te_d%27Ivoire_Abidjan_17.jpg,https://upload.wikimedia.org/wikipedia/commons/a/ac/WikiConFr2023_Session_de_cl%C3%B4ture_C%C3%B4te_d%27Ivoire_Abidjan_17.jpg,https://pd12m.s3.us-west-2.amazonaws.com/images/d09d7244-1dc9-5b53-bf9f-8aeafe966146.jpeg,CC0,http://creativecommons.org/publicdomain/zero/1.0/deed.en,Akouete,be3d3539e5e61f56f4f461e73569823f29439d1a,75385ce9c5434d9d425f56b87d4ec3e6c275ce301d79be9aab47872dceb6311f,5209013,a8c25e390d0514b5827947de097bad7688e67be5db26b626cdc4b18614a4a201,Infinix,Infinix X6716B,True,2023:09:23 17:23:45,,3,-58.2,MST 8-10 (prov.),
ph1_portrait_24ec66bc73,portrait,https://commons.wikimedia.org/wiki/File:Cycle-Pedalling-Central%CC%9E-Station-Chennai-India.jpg,https://upload.wikimedia.org/wikipedia/commons/a/a0/Cycle-Pedalling-Central%CC%9E-Station-Chennai-India.jpg,https://pd12m.s3.us-west-2.amazonaws.com/images/19ec9b84-9ecd-5fd9-83bb-6658d45bf3da.jpeg,CC0,http://creativecommons.org/publicdomain/zero/1.0/deed.en,N. Vivekananthamoorthy,24ec66bc73b00be65245b1572363bfcdd6647238,187de4e7178fba950acd6639a23a249fef8cb91b046737c4e3d7f1a9b5cf753d,2067483,8aef9a60a66fada90c55f43fc9b093533329957fd8032e8654ed2fcd32a65ec1,Motorola,motorola edge 40,True,2023:09:28 17:09:12,,1,-54.0,MST 8-10 (prov.),
ph1_portrait_7d86c828d0,portrait,https://commons.wikimedia.org/wiki/File:Constituyentes_de_la_Ciudad_de_M%C3%A9xico_(29371163950).jpg,https://upload.wikimedia.org/wikipedia/commons/b/b5/Constituyentes_de_la_Ciudad_de_M%C3%A9xico_%2829371163950%29.jpg,https://pd12m.s3.us-west-2.amazonaws.com/images/554721a2-f834-54e1-b6e9-1153be1a1c19.jpeg,CC0,http://creativecommons.org/publicdomain/zero/1.0/deed.en,Gobierno CDMX,7d86c828d085c8d8f7ba6525f9d4120120db3702,f0ed98c46fd600f62242766b641a93d86cd64e7d8f7248c6ff9b957647d55caf,237483,9bec2373ea55fb31f5515ef24c5385f25f39d2e67807857689995f820f3e48c8,Canon,Canon EOS 6D,False,2016:09:12 18:07:21,,1,21.9,MST 4-7 (prov.),
ph1_portrait_170126afee,portrait,https://commons.wikimedia.org/wiki/File:Andrew_Scheer_with_Tiger_Jeet_Singh_and_Tiger_Ali_Singh_in_Brampton_(29303924108).jpg,https://upload.wikimedia.org/wikipedia/commons/a/a5/Andrew_Scheer_with_Tiger_Jeet_Singh_and_Tiger_Ali_Singh_in_Brampton_%2829303924108%29.jpg,https://pd12m.s3.us-west-2.amazonaws.com/images/39727afc-c230-59da-867a-8119cd734685.jpeg,CC0,http://creativecommons.org/publicdomain/zero/1.0/deed.en,Andrew Scheer,170126afeed59cebb591bcb7dfd2bad304310287,f2003e6991fe915bbdda312c90c305b6943c7d713a218bfb6f3d957bbb1b7345,697169,c6e65b486427bf8cc4216cd43fe71884ed68c6706e58d3075c923912ad1cdffe,Canon,Canon EOS 5D Mark IV,False,2018:06:29 20:23:29,,3,-33.1,MST 8-10 (prov.),
ph1_portrait_c30ad84d7e,portrait,https://commons.wikimedia.org/wiki/File:Valenciennes_-_UNFP_FC_(02-07-2016)_106.jpg,https://upload.wikimedia.org/wikipedia/commons/d/d8/Valenciennes_-_UNFP_FC_%2802-07-2016%29_106.jpg,https://pd12m.s3.us-west-2.amazonaws.com/images/8acc0739-6352-55be-80ac-c96e8063b576.jpeg,CC0,http://creativecommons.org/publicdomain/zero/1.0/deed.en,Supporterhéninois,c30ad84d7e94332fdb4880c0100de6d31bd14e4b,508a15c13f9cf91d6be70eb506d458a9a682d33c14261b6494e436125f9d82e6,1993867,5dee3aacb2cb2c44b5d05806cafa237d2d725950c91543173896f3f225be97a9,Samsung,SM-G920F,True,2016:07:02 19:03:38,,1,-61.2,MST 8-10 (prov.),
ph1_portrait_1a2af49cd4,portrait,https://commons.wikimedia.org/wiki/File:Aristidek5maya_at_Wiki_Indaba_2023_99.jpg,https://upload.wikimedia.org/wikipedia/commons/0/04/Aristidek5maya_at_Wiki_Indaba_2023_99.jpg,https://pd12m.s3.us-west-2.amazonaws.com/images/ae3b71bc-897c-5ecd-80f8-a5aed0b963a7.jpeg,CC0,http://creativecommons.org/publicdomain/zero/1.0/deed.en,Aristidek5maya,1a2af49cd4554b11a65540037e0e82a27f9de589,5773e2af4d1b058bd2d84d6f55c73c8a73023a16018595417aa6f4ceb8c046e2,862890,628ca727f3040d4f231d07a99eff9ffa60a18a338f0834c0ab6762472e5c82c6,OPPO,OPPO Find X2 Pro,True,2023:11:05 12:37:09,,2,-56.1,MST 8-10 (prov.),
ph1_portrait_32a705812a,portrait,https://commons.wikimedia.org/wiki/File:Laura_Harring_2016_(cropped).jpg,https://upload.wikimedia.org/wikipedia/commons/4/4a/Laura_Harring_2016_%28cropped%29.jpg,https://pd12m.s3.us-west-2.amazonaws.com/images/f3a3647f-5d53-511c-8209-709333050e01.jpeg,CC0,http://creativecommons.org/publicdomain/zero/1.0/deed.en,Laura Harring,32a705812a84dd605481983998b9b0ecd55a948d,f42bf22947d2a27d5ee4206bd173d6a624c04145181e53890f91f56b54f01704,2649904,5caa4f54aa6a107055b56fe3ade568645df01e40634c2c4fd4879f9cd31a8cab,Canon,Canon EOS 5D Mark II,False,2016:10:27 04:13:12,,1,68.0,MST 1-3 (prov.),
ph1_portrait_c3c2b2a782,portrait,https://commons.wikimedia.org/wiki/File:Amy_Domingues.jpg,https://upload.wikimedia.org/wikipedia/commons/b/bb/Amy_Domingues.jpg,https://pd12m.s3.us-west-2.amazonaws.com/images/71b60ee5-cf4b-5a75-8464-80edc4f6917c.jpeg,CC0,http://creativecommons.org/publicdomain/zero/1.0/deed.en,Aedoming,c3c2b2a782286a044b477eb746990d7835552238,919228373c73053f80b9c616e471b27ef0ea6d962274a23cbc3ebfed65b0fa39,991707,54bac3e78e1cc66b42f8808c547ed3a724f8aab4efe8b6cb277835ff6679bf76,Apple,iPhone 6s,True,2020:04:19 17:43:42,,1,52.6,MST 1-3 (prov.),
ph1_portrait_141c93c6e1,portrait,https://commons.wikimedia.org/wiki/File:Inaguraci%C3%B3n_Centro_de_Salud_T_%E2%80%93_III_Arenal_-i---i-_(33751675583).jpg,https://upload.wikimedia.org/wikipedia/commons/3/35/Inaguraci%C3%B3n_Centro_de_Salud_T_%E2%80%93_III_Arenal_-i---i-_%2833751675583%29.jpg,https://pd12m.s3.us-west-2.amazonaws.com/images/94c3aab6-8ab4-5f24-9a4c-2a2737bcc1d5.jpeg,CC0,http://creativecommons.org/publicdomain/zero/1.0/deed.en,Gobierno CDMX,141c93c6e180cbdda549666685fe94828660f9d2,9c0eaadd02a62243ffabcb9c24d1b4c36888c3330702d44c81a18bcf49daaeb3,839275,db673090c3c3afa7162b1d7a4b08a0c44fc8689b949304f239ed19b059916386,Canon,Canon EOS 6D,False,2017:05:09 09:17:56,,5,26.9,MST 4-7 (prov.),
ph1_portrait_eb92745262,portrait,https://commons.wikimedia.org/wiki/File:ABOedit2015-03.jpg,https://upload.wikimedia.org/wikipedia/commons/9/96/ABOedit2015-03.jpg,https://pd12m.s3.us-west-2.amazonaws.com/images/fa43f733-11f5-5f88-b469-38102d761952.jpeg,CC0,http://creativecommons.org/publicdomain/zero/1.0/deed.en,BrillLyle,eb92745262c5b04ed7be73c2b564f2aadc2e5769,1091cb0e74d1a9ea034f98e9960a14a21c05e96f5747bf29d3d8967b1b0c9861,1140266,453a43918fb52dda7ee8e0fa54ca8a3452070c6ba9f6cd5a2076a1fa62c14e4e,Apple,iPhone 6,True,2015:11:04 09:50:52,,3,-20.2,MST 8-10 (prov.),
ph1_portrait_80523823d5,portrait,https://commons.wikimedia.org/wiki/File:Training_for_yoruba_language_teachers_and_the_training_coordinators_2.jpg,https://upload.wikimedia.org/wikipedia/commons/2/2d/Training_for_yoruba_language_teachers_and_the_training_coordinators_2.jpg,https://pd12m.s3.us-west-2.amazonaws.com/images/3c4e209f-728d-5cc0-9a37-dd7ce047a2e4.jpeg,CC0,http://creativecommons.org/publicdomain/zero/1.0/deed.en,Tunesh247,80523823d5316a1ce71430a3720125fc71e893db,5cd3a9c4538ecd6b1841e095991064836a51b8877bed247b71d730ab13ada077,8284229,fdd9dc61e1f64ada8584fa99746eecfa92171f2beb08c234083b33043bb059a8,vivo,V2201,True,2024:01:17 14:13:30,,10,-76.0,MST 8-10 (prov.),
ph1_portrait_54017b3e3f,portrait,https://commons.wikimedia.org/wiki/File:Groupe_de_carnavaleux_-_Photo_prise_au_Carnaval_de_Paris_2010..JPG,https://upload.wikimedia.org/wikipedia/commons/e/e1/Groupe_de_carnavaleux_-_Photo_prise_au_Carnaval_de_Paris_2010..JPG,https://pd12m.s3.us-west-2.amazonaws.com/images/f10c688b-ee09-5a27-9eac-e94229a6929e.jpeg,CC0,http://creativecommons.org/publicdomain/zero/1.0/deed.en,Bjmarc,54017b3e3f3011f75a140d54eeaa88bd33425741,47105e073e0e77f84d13475f9bf29e1060b5deeac2074f53e37750a508b6dd9c,3372585,845e74df00d62b089e7df653cf15c161d1b729f026e9cf601e3192f299919ed4,Panasonic,DMC-FS3,False,2010:02:14 17:15:48,,5,41.5,MST 1-3 (prov.),
ph1_portrait_52c06c8974,portrait,"https://commons.wikimedia.org/wiki/File:Leonid_Shafirov,_2018-01-30.jpg",https://upload.wikimedia.org/wikipedia/commons/7/7c/Leonid_Shafirov%2C_2018-01-30.jpg,https://pd12m.s3.us-west-2.amazonaws.com/images/9547fcd8-d945-5d2f-906d-960315d9dc85.jpeg,CC0,http://creativecommons.org/publicdomain/zero/1.0/deed.en,"File:Meeting Civic Chamber with Russian Wikimedia 30.jpg: DonSimon
derivative work: Kaganer",52c06c8974ea1199941fc4bc3aa12d4f0af4f5d9,afc6d0c885911eb4d1d317856ef7f07eccbb69b5d676188f8afb4bc4e8e87575,564834,4720147da76c0a7c8396e9842f6fac0c670b7ca1c7233cc8e6c0b48a179784e5,Canon,Canon EOS REBEL T1i,False,2018:01:30 11:32:50,,1,38.7,MST 4-7 (prov.),
ph1_portrait_39b3679864,portrait,https://commons.wikimedia.org/wiki/File:%E9%AB%98%E9%9B%84%E9%A4%90%E6%97%85%E5%A4%A7%E5%AD%B8%E5%A4%8F%E5%AD%A3%E5%88%B6%E6%9C%8D.jpg,https://upload.wikimedia.org/wikipedia/commons/9/90/%E9%AB%98%E9%9B%84%E9%A4%90%E6%97%85%E5%A4%A7%E5%AD%B8%E5%A4%8F%E5%AD%A3%E5%88%B6%E6%9C%8D.jpg,https://pd12m.s3.us-west-2.amazonaws.com/images/2ee88aeb-6822-58e4-9c71-77b71aabdd80.jpeg,CC0,http://creativecommons.org/publicdomain/zero/1.0/deed.en,RUhNUudpi2,39b36798640202e41a04b1da200452c7d1ba78bb,38f3ddda6c9b35ebc5c22f939831b8cac11f92c33a7b5a6784fc4903e5172a9f,3728529,047e7dc95feb25ea74dcffa3f366d76800626e6dfb69945ed9ee8c2447037527,ASUS,ASUS_AI2201_F,True,2023:01:14 18:13:50,,9,-11.3,MST 8-10 (prov.),
ph1_portrait_a7a249a753,portrait,https://commons.wikimedia.org/wiki/File:Club_Wikip%C3%A9dia_Douala_-_Atelier_de_contribution_-_Ao%C3%BBt_2023._25.jpg,https://upload.wikimedia.org/wikipedia/commons/0/0b/Club_Wikip%C3%A9dia_Douala_-_Atelier_de_contribution_-_Ao%C3%BBt_2023._25.jpg,https://pd12m.s3.us-west-2.amazonaws.com/images/5ed0ae9c-6b9d-51e1-8655-b445898a0512.jpeg,CC0,http://creativecommons.org/publicdomain/zero/1.0/deed.en,ArnoBOUJIKA,a7a249a7535d44fb3acf948c653b95104ec5d217,af34e2ecadcffc87adbe9d38ef0075f68c2f91596dafc58c914f261e1a805525,3643825,5fba77987071279ae84d4027c896c77f6fab755b9bfda50519974d131912ec38,Apple,iPhone 11 Pro Max,True,2023:07:15 14:32:51,,14,21.7,MST 4-7 (prov.),
ph1_portrait_9b3683f793,portrait,https://commons.wikimedia.org/wiki/File:CHINANITE_XXI_IMG_1240_(26193020162).jpg,https://upload.wikimedia.org/wikipedia/commons/8/8f/CHINANITE_XXI_IMG_1240_%2826193020162%29.jpg,https://pd12m.s3.us-west-2.amazonaws.com/images/0f72cc10-51d9-55db-becf-a41abc17016c.jpeg,CC0,http://creativecommons.org/publicdomain/zero/1.0/deed.en,Rutgers CSO,9b3683f793ad4a6412ec3ce842f36720b7cb1194,e4f8f005bbfb9313b2551e6013d3f7a6fbb81c3ef2efd6b3892e3e89497ca034,4505946,351b2ade0e805ba0d4bfc3c1dc145508b762cc8edcfd8fb7dd8b55f97c04ad70,Canon,Canon EOS REBEL T3i,False,2016:03:06 15:20:13,,6,23.0,MST 4-7 (prov.),
ph1_portrait_d2984b25eb,portrait,https://commons.wikimedia.org/wiki/File:2013-05-17_20.55.09_%EC%B5%9C%EA%B4%91%EB%AA%A8.jpg,https://upload.wikimedia.org/wikipedia/commons/3/34/2013-05-17_20.55.09_%EC%B5%9C%EA%B4%91%EB%AA%A8.jpg,https://pd12m.s3.us-west-2.amazonaws.com/images/75864adf-4b87-59de-9b5c-4370d6e6c4b6.jpeg,CC0,http://creativecommons.org/publicdomain/zero/1.0/deed.en,최광모 (Choe Kwangmo),d2984b25eb53948f43d3a32312a26ca8adac99bf,9e6bcbe1329798057d79222aab78e2a7fd9b6e4ce2bc083756d8da4708806602,2484718,83e5957fb2cf3ea291153f2dc5fb987778b9528fd72ce97e2cb93718b57d0a23,Apple,iPhone 4S,True,2013:05:17 20:55:09,,8,10.9,MST 4-7 (prov.),
ph1_portrait_dc96d02184,portrait,https://commons.wikimedia.org/wiki/File:Rudolph_on_walls_of_Dubrovnik.JPG,https://upload.wikimedia.org/wikipedia/commons/0/0b/Rudolph_on_walls_of_Dubrovnik.JPG,https://pd12m.s3.us-west-2.amazonaws.com/images/7a96ff7e-050a-5c6b-afe4-1108bdd71c2f.jpeg,CC0,http://creativecommons.org/publicdomain/zero/1.0/deed.en,Rudolph.A.furtado,dc96d021845d3932bef38919d7f4039ae06f953f,f4230b3b8240991dc6fa46480e495f7211e24cfcfd30a60b907229845d3f91a1,3985099,a876460e5c355ff4dbda0f9382e22e37def853ee1b5a213e36143aee1edcc17f,NIKON,COOLPIX L29,False,2018:08:18 10:37:34,,1,-82.0,MST 8-10 (prov.),
ph1_portrait_43d44242f5,portrait,https://commons.wikimedia.org/wiki/File:Aristidek5maya_at_Wiki_Indaba_2023_113.jpg,https://upload.wikimedia.org/wikipedia/commons/7/7a/Aristidek5maya_at_Wiki_Indaba_2023_113.jpg,https://pd12m.s3.us-west-2.amazonaws.com/images/58c5c391-abf2-5ced-9d15-8ef75e63d79b.jpeg,CC0,http://creativecommons.org/publicdomain/zero/1.0/deed.en,Aristidek5maya,43d44242f5b1111e0f96070c0b7a5217e6d7bd85,22c45e6d0b1af704501f8386ecbf47cdf32271f2b8d3b4488edbb5d0a82b8faf,747686,b3b4ad2ae9c980276455aa9a4cefcbd4cd8d420d7d1b9d072ddd456ab4e810eb,OPPO,OPPO Find X2 Pro,True,2023:11:05 13:30:46,,2,-31.7,MST 8-10 (prov.),
ph1_portrait_7ea28e8734,portrait,https://commons.wikimedia.org/wiki/File:CHINANITE_XXI_IMG_1628_(26259587156).jpg,https://upload.wikimedia.org/wikipedia/commons/7/70/CHINANITE_XXI_IMG_1628_%2826259587156%29.jpg,https://pd12m.s3.us-west-2.amazonaws.com/images/73428d49-c230-5461-ab58-731e32843a10.jpeg,CC0,http://creativecommons.org/publicdomain/zero/1.0/deed.en,Rutgers CSO,7ea28e873432dbdd37ef9e4cf857019533fbe820,e686b1c5753fb64fca2ac1b2c17523aa4745fd762842a3156b741f203cb318d0,6518866,f3ba19aeb85296661d94fa50b2729c6c683ac3c22b8d6c55e1c00daf2f6e32c8,Canon,Canon EOS REBEL T3i,False,2016:03:06 19:10:24,,3,51.2,MST 1-3 (prov.),
ph1_portrait_939459a952,portrait,https://commons.wikimedia.org/wiki/File:FT_KSTBB_2014_Berlinfahrt_Redaktion_Bundespresseamt_1.jpg,https://upload.wikimedia.org/wikipedia/commons/9/9d/FT_KSTBB_2014_Berlinfahrt_Redaktion_Bundespresseamt_1.jpg,https://pd12m.s3.us-west-2.amazonaws.com/images/b603e97b-ff7a-57d4-8d17-47331c328450.jpeg,CC0,http://creativecommons.org/publicdomain/zero/1.0/deed.en,TBB-Bilder,939459a9520b8d99483a106a0e5a78e93861fbd1,145d10409fae0f637d138ddc133a9122af05dcfd9c2300290c1dc47024a5a4c2,1000958,0822a69f8564130088f8348f5349ceb347ff446ea1e251ac4b997fca0382e1d9,PENTAX Corporation,PENTAX K100D,False,2014:06:23 12:41:39,,5,14.6,MST 4-7 (prov.),
ph1_portrait_4c868b4e72,portrait,"https://commons.wikimedia.org/wiki/File:Alshon_Jeffrey,_Jan_2019.jpg",https://upload.wikimedia.org/wikipedia/commons/d/de/Alshon_Jeffrey%2C_Jan_2019.jpg,https://pd12m.s3.us-west-2.amazonaws.com/images/dbf4cfae-0b43-57f3-aaf5-4c23f846faf5.jpeg,CC0,http://creativecommons.org/publicdomain/zero/1.0/deed.en,Thomson200,4c868b4e72da8e3a363939f61a8a55a51802b19f,db48e677a54d6e70fe45956db9287e1c8e4a43d5abeebe920ed732b51ff30bd1,8048070,a131b7d2e655e9ef545109c484d79df153ee3f71bd79b6440b4b2da30182b5db,Canon,Canon EOS REBEL T3i,False,2019:02:01 17:15:44,,2,-59.9,MST 8-10 (prov.),
ph1_portrait_815ee3c926,portrait,https://commons.wikimedia.org/wiki/File:Cosplayers_of_Kuroko_Shirai_and_Mikoto_Misaka_20190217b.jpg,https://upload.wikimedia.org/wikipedia/commons/e/e5/Cosplayers_of_Kuroko_Shirai_and_Mikoto_Misaka_20190217b.jpg,https://pd12m.s3.us-west-2.amazonaws.com/images/5455712c-1406-5f08-8f7c-8f2d42920c2c.jpeg,CC0,http://creativecommons.org/publicdomain/zero/1.0/deed.en,玄史生,815ee3c9260ae987f1bf040e02d7b5a520e79da6,85f678bc1ef64714d5943f6288f05f3e4fdaf936ec969a7887d231d90dc24eb5,3170391,9120eddff0f020b539fe414162a331001781ef033e42acee8299fc3d165187b0,Apple,iPhone 7 Plus,True,2019:02:17 14:31:06,,2,12.9,MST 4-7 (prov.),
ph1_portrait_a98f7ee9cd,portrait,"https://commons.wikimedia.org/wiki/File:WikiOromgoh-3,_6th_group_39.jpg",https://upload.wikimedia.org/wikipedia/commons/9/9b/WikiOromgoh-3%2C_6th_group_39.jpg,https://pd12m.s3.us-west-2.amazonaws.com/images/09db06c2-c1b4-5ab2-86d0-721fabd7886b.jpeg,CC0,http://creativecommons.org/publicdomain/zero/1.0/deed.en,Umarxon III,a98f7ee9cd33275aa90dc53b3762010ecc6a1cd1,314b1a40fe83f9f25b3a972f5e3a765c44be04560cc428996f942f677c724879,4137767,79be8c00b4e772c71b14019650d92eb4e0730b3d8eb2da1a2565fcc100a9c078,Xiaomi,M2003J15SC,True,2023:04:14 16:52:30,,4,-97.4,MST 8-10 (prov.),
ph1_portrait_3cafaed077,portrait,https://commons.wikimedia.org/wiki/File:Club_Wikip%C3%A9dia_Douala_Atelier_du_07.10.2023_07.jpg,https://upload.wikimedia.org/wikipedia/commons/a/a4/Club_Wikip%C3%A9dia_Douala_Atelier_du_07.10.2023_07.jpg,https://pd12m.s3.us-west-2.amazonaws.com/images/55526cd6-23cd-54bb-a5db-4cc522749ab3.jpeg,CC0,http://creativecommons.org/publicdomain/zero/1.0/deed.en,ArnoBOUJIKA,3cafaed0779cfc3620e39bca0a046ed38167e6b1,b7fc6ef748ec36c5c4afeadca3f6fabd07152fbe5ed522505d0a46aeb64ab5b7,2643120,702da38ad8b9488b6a6ef88c76d6c40d67925cf39da9911b2051a42f5119b49c,Apple,iPhone 11 Pro Max,True,2023:10:07 14:08:45,,12,-31.8,MST 8-10 (prov.),
ph1_portrait_3ee4048cde,portrait,https://commons.wikimedia.org/wiki/File:With_foreigner.jpg,https://upload.wikimedia.org/wikipedia/commons/d/d2/With_foreigner.jpg,https://pd12m.s3.us-west-2.amazonaws.com/images/2e88ae02-d5cb-58f0-98dc-4d3f8725169e.jpeg,CC0,http://creativecommons.org/publicdomain/zero/1.0/deed.en,Gula Ram Undkha Barmer,3ee4048cde80826c3917660591fbb0ee06ac6754,b5f450d5cb5f37bb375d2add3c348c8d912594fbb1409900fa08e60d82327f25,4590792,cfe88b9525213818d068ebbd2d26ccff061ff9a6f0b10a0098635245d49d7131,TECNO,TECNO LH8n,True,2024:03:10 14:39:34,,7,13.2,MST 4-7 (prov.),
ph1_portrait_d037d4eb01,portrait,https://commons.wikimedia.org/wiki/File:DSC_0140_(26285511025).jpg,https://upload.wikimedia.org/wikipedia/commons/c/ca/DSC_0140_%2826285511025%29.jpg,https://pd12m.s3.us-west-2.amazonaws.com/images/ad2ab264-311c-5328-93a7-e55ab6acfd55.jpeg,CC0,http://creativecommons.org/publicdomain/zero/1.0/deed.en,Rutgers CSO,d037d4eb0183cdcf399a268e2933fb4a5766b50e,e01d88be5c3b3428c06dde6ed3cbe201ab7ebb8646d2922c7511061b791acceb,5579706,48438ea0694ee86de9e9e16a59c7f9cc9ebb00664567b978fe0111075e4f5b72,NIKON CORPORATION,NIKON D5100,False,2016:03:27 16:07:20,,4,6.6,MST 8-10 (prov.),
ph1_portrait_69c315b99c,portrait,https://commons.wikimedia.org/wiki/File:Saman_Village_04.jpg,https://upload.wikimedia.org/wikipedia/commons/1/1f/Saman_Village_04.jpg,https://pd12m.s3.us-west-2.amazonaws.com/images/e9700328-b4f2-5a09-963b-0b11660449e5.jpeg,CC0,http://creativecommons.org/publicdomain/zero/1.0/deed.en,Shams948,69c315b99c605538b2bed9e4c5f23f7da50529de,8a21c31e5d959bab4d1ef7148ad4581ba85ba238018334c56107fff132f15cf3,2471241,242a7934ce86e9c1e427e044dc886ea5cb900b61a76ebe100919612a0b23603c,Samsung,SM-J500H,True,2022:10:06 08:42:25,,1,-43.3,MST 8-10 (prov.),
ph1_portrait_f2893e5e4d,portrait,https://commons.wikimedia.org/wiki/File:Berpose_ria_di_depan_Museum_Simalungun.jpg,https://upload.wikimedia.org/wikipedia/commons/e/e2/Berpose_ria_di_depan_Museum_Simalungun.jpg,https://pd12m.s3.us-west-2.amazonaws.com/images/f7721774-b03b-5078-aa23-6db8be32efc5.jpeg,CC0,http://creativecommons.org/publicdomain/zero/1.0/deed.en,Ning Gusti,f2893e5e4d605c5e40ac22f37eee96b5b93504d6,ef84fc2bfd70c83e19dffe5af5ad65f109582d06333d42548e5600ace102a613,5751384,9fdae521ff6762f76a412b42fad4dca509b2abf3f686c74106e5e0d6f3745c7d,SONY,ZV-1,False,2024:01:06 13:03:41,,2,58.5,MST 1-3 (prov.),
ph1_portrait_5ac2275608,portrait,https://commons.wikimedia.org/wiki/File:Wiki-award_2017_(2017-04-25)_95.jpg,https://upload.wikimedia.org/wikipedia/commons/6/60/Wiki-award_2017_%282017-04-25%29_95.jpg,https://pd12m.s3.us-west-2.amazonaws.com/images/f90ffd78-cc00-5293-afe1-058bc31aa53d.jpeg,CC0,http://creativecommons.org/publicdomain/zero/1.0/deed.en,DonSimon,5ac2275608a934763b32db1e1733ecda3c2446a0,b99b2f1bc91d301a4c432163537c6c8ad1199c518bbc5d0d3782b2d9fe8bf298,5488475,bec169d9e725f4ed35d9a0bfd795f4c28ced17ec480ddff129ce75fd7a5606f6,Canon,Canon EOS REBEL T1i,False,2017:04:23 18:46:43,,2,6.5,MST 8-10 (prov.),
ph1_portrait_badd0d26d7,portrait,https://commons.wikimedia.org/wiki/File:Testspiel_Red_Bull_Salzburg_vs._Schachtar_Donezk_17.JPG,https://upload.wikimedia.org/wikipedia/commons/5/52/Testspiel_Red_Bull_Salzburg_vs._Schachtar_Donezk_17.JPG,https://pd12m.s3.us-west-2.amazonaws.com/images/7096bc36-0371-52cf-8cf4-130582916c4e.jpeg,CC0,http://creativecommons.org/publicdomain/zero/1.0/deed.en,Werner100359,badd0d26d777d05ab5cb308c24895f72e8f4bdee,1ed7eef40d1321791a42024eb0053b6a99ff379417c14dc2ec9b425ce397558b,1546006,322bca5ca1260442344734f5f5ef99335a75dc94e4a31442066cf2fc9b6928cc,PENTAX Corporation,PENTAX K100D,False,2014:06:27 19:57:00,,2,-26.6,MST 8-10 (prov.),
ph1_portrait_ee20100080,portrait,https://commons.wikimedia.org/wiki/File:Three_princesses.jpg,https://upload.wikimedia.org/wikipedia/commons/0/0e/Three_princesses.jpg,https://pd12m.s3.us-west-2.amazonaws.com/images/40f7d72e-8c57-524b-8275-04cc7f827ae4.jpeg,CC0,http://creativecommons.org/publicdomain/zero/1.0/deed.en,kevin ryder,ee20100080c7cabd166a03ba7241b76a98206ca9,4b660df686a143f8a4e4c7b546fd8348d58fdb30fa1f6c6d4d5856692aadab1d,1900537,5f0e0200c3d3b26c1c60977c44b2050a7e547b91ae338458c1110372db78e26c,Samsung,SAMSUNG WB600 / VLUU WB600 / SAMSUNG WB610,True,2017:07:01 17:21:29,,3,-18.8,MST 8-10 (prov.),
ph1_portrait_14e5024668,portrait,https://commons.wikimedia.org/wiki/File:%27REBEL%27_autobiography_launch..jpg,https://upload.wikimedia.org/wikipedia/commons/4/48/%27REBEL%27_autobiography_launch..jpg,https://pd12m.s3.us-west-2.amazonaws.com/images/77bdbc39-6752-5d9c-ac63-df976aa74f5f.jpeg,CC0,http://creativecommons.org/publicdomain/zero/1.0/deed.en,Rudolph.A.furtado,14e502466827f2cd4da9fadd575589f0c0487e54,d4ec31ff2ebb0cdea219c80b2150d1faee9835491075817680718343a0339691,578690,64d5fcde227f1ccd2b632c10a0f9a030199c5f99959baa844ecd008ad2e94bfb,Canon,Canon PowerShot A810,False,2014:12:05 13:57:08,,3,8.4,MST 8-10 (prov.),
ph1_portrait_890c5dd86f,portrait,https://commons.wikimedia.org/wiki/File:Lin-Manuel_Miranda_Walk_of_Fame_star_ceremony_(46074095722).jpg,https://upload.wikimedia.org/wikipedia/commons/3/31/Lin-Manuel_Miranda_Walk_of_Fame_star_ceremony_%2846074095722%29.jpg,https://pd12m.s3.us-west-2.amazonaws.com/images/102ae26b-b0a6-519e-9707-028ce0e4b756.jpeg,CC0,http://creativecommons.org/publicdomain/zero/1.0/deed.en,Luke Harold,890c5dd86fdbfbe661dbd4e6f6a85d563efcc060,685cd7a96575f78127565d65802fa10d3752d95fe5f683a3c90cecd36aebaad8,1426487,cece6325a886a209cdb6639c15eb12340b3beb186b7a6f0b9e373ebb8e7a73f1,OLYMPUS CORPORATION,E-M10 Mark III,False,2018:11:30 13:08:31,,5,-25.6,MST 8-10 (prov.),
ph1_portrait_2a07421f40,portrait,https://commons.wikimedia.org/wiki/File:%E5%B0%BA%E7%B4%A0%E6%B1%89%E6%9C%8D%E7%A4%BE_01.jpg,https://upload.wikimedia.org/wikipedia/commons/b/ba/%E5%B0%BA%E7%B4%A0%E6%B1%89%E6%9C%8D%E7%A4%BE_01.jpg,https://pd12m.s3.us-west-2.amazonaws.com/images/5938bad4-89b7-5c7f-bd3f-c25618323252.jpeg,CC0,http://creativecommons.org/publicdomain/zero/1.0/deed.en,Lt2818,2a07421f40ef27a2dcad9cbfe0c2d2d2aa215cfe,73a9092b615d47ae182c477316afa34c3bd9cc0bbd4aabf1be249a870a60eb14,1602412,2b0b794201725b5ee1e2181e9ecfb4b756fc8b7dc0a0a2d1b3a86b6955d77ab7,Nokia,N8-00,True,2012:05:01 16:28:30,,2,-12.8,MST 8-10 (prov.),
ph1_portrait_cb7db7086f,portrait,https://commons.wikimedia.org/wiki/File:Wikimania_2016-Afterparty_volunteers_(5).jpg,https://upload.wikimedia.org/wikipedia/commons/8/89/Wikimania_2016-Afterparty_volunteers_%285%29.jpg,https://pd12m.s3.us-west-2.amazonaws.com/images/ae42a859-9e71-5f56-bce7-fc4568ecb350.jpeg,CC0,http://creativecommons.org/publicdomain/zero/1.0/deed.en,Romaine,cb7db7086fc0bf6a2bed4a9c556f951054123a0b,acf34c31a186884f3c064a8b7d348a6db7e1539de99d0d753dbb94de9bf339df,2447602,1966b4d3093d3e3faf96dc59d123971b0e925aeeca26911c885b6a1b578c2db4,Samsung,SM-G920F,True,2016:10:01 22:32:23,,4,-20.0,MST 8-10 (prov.),
ph1_portrait_31e31a6d63,portrait,https://commons.wikimedia.org/wiki/File:Bristol_Green_councillor_group_2016-2020_(44637171071).jpg,https://upload.wikimedia.org/wikipedia/commons/b/b9/Bristol_Green_councillor_group_2016-2020_%2844637171071%29.jpg,https://pd12m.s3.us-west-2.amazonaws.com/images/5b9c557b-d755-5e30-afb1-390a2cb19a73.jpeg,CC0,http://creativecommons.org/publicdomain/zero/1.0/deed.en,Bristol Green Party,31e31a6d6332d50c1581831d8e688ba195fcafe1,fab228d429fec201f14e2d0d0171bdc1470da323d023f61eb92ae6de4a80a55c,1676969,9d7764aa8f52e99e4ad1f94b30fae16e119db3f2b8ee5b4236b1fac3b9dc8025,Panasonic,DMC-GF3,False,2016:05:13 10:26:55,,11,-14.5,MST 8-10 (prov.),
ph1_sunset_1cc82a73b1,sunset,https://commons.wikimedia.org/wiki/File:Sunset_of_Abu_dhabi.jpg,https://upload.wikimedia.org/wikipedia/commons/c/cc/Sunset_of_Abu_dhabi.jpg,https://pd12m.s3.us-west-2.amazonaws.com/images/6a5598e1-ca80-5d70-9baf-d162e78dc562.jpeg,CC0,http://creativecommons.org/publicdomain/zero/1.0/deed.en,G.inuae,1cc82a73b10df4ce8b976f65b008298665d943fb,0ad944da69db904411abb4836a807ceced22069b468d860f41790a6c3d5b99f9,1500342,2c93f32e2e2714a9c44486541f0bb15b43e8eb96647664279ba1885a864b7762,Apple,iPhone 14 Pro Max,True,2024:01:05 17:19:26,,0,,,
ph1_sunset_432dc90327,sunset,https://commons.wikimedia.org/wiki/File:Himlinge%C3%A5sen_naturreservat_solnedg%C3%A5ng.jpg,https://upload.wikimedia.org/wikipedia/commons/3/37/Himlinge%C3%A5sen_naturreservat_solnedg%C3%A5ng.jpg,https://pd12m.s3.us-west-2.amazonaws.com/images/54210316-6a06-57d6-9553-0bea9b88b25f.jpeg,CC0,http://creativecommons.org/publicdomain/zero/1.0/deed.en,Tulipasylvestris,432dc90327d22e27d893fed9f8f988dc729371c1,efe320cbccc7f92de1bf82755ab84b3fa10ac0dc7ab1bf65f6da5009d5cf8f81,5492954,3b9e22a1e1ca2f75aa6059ae9773b72d35b9074c30c1263d330b21b8c556b92f,Apple,iPhone 12,True,2021:04:30 20:43:09,,0,,,
ph1_sunset_974cc52f23,sunset,https://commons.wikimedia.org/wiki/File:Petaling_Jaya_2.jpg,https://upload.wikimedia.org/wikipedia/commons/5/5a/Petaling_Jaya_2.jpg,https://pd12m.s3.us-west-2.amazonaws.com/images/adc84b80-e080-5cbc-8c39-04d655fdac6e.jpeg,CC0,http://creativecommons.org/publicdomain/zero/1.0/deed.en,Slleong,974cc52f237d1187d841d6015c9ac8fa114b801d,540eee9d7840ef7cd51190ab7ce8705afb2043e903846532f7de9b21324f9c7d,2352671,05cd6ac6d0ca94b57079dc89696bb15d53038c1ae5a8abd285e84be443a442be,Apple,iPhone 11,True,2022:12:31 19:05:34,,0,,,
ph1_sunset_763c426080,sunset,"https://commons.wikimedia.org/wiki/File:Changsha-Shaoshan-Loudi_Expressway_under_the_sunset_shine_in_February_2018,_picture4.jpg",https://upload.wikimedia.org/wikipedia/commons/c/ca/Changsha-Shaoshan-Loudi_Expressway_under_the_sunset_shine_in_February_2018%2C_picture4.jpg,https://pd12m.s3.us-west-2.amazonaws.com/images/730157d8-b6f5-57ef-89ca-e87d42ff7863.jpeg,CC0,http://creativecommons.org/publicdomain/zero/1.0/deed.en,Huangdan2060,763c42608089edcae91a6f8c917325342ef13f60,7425baea6ef26c170010b35747c778cf9c61756fb5b6b4922fb02ff38f223963,1919297,095dbe0715fc3915ec3416b8004082531ad1a24d6630b4f4b7e63425a5b56757,Huawei,BLN-AL10,True,2018:02:05 17:30:57,,0,,,
ph1_sunset_66ce4f1272,sunset,https://commons.wikimedia.org/wiki/File:Atardecer_en_El_Faro_de_Cabo_de_la_Vela.jpg,https://upload.wikimedia.org/wikipedia/commons/6/64/Atardecer_en_El_Faro_de_Cabo_de_la_Vela.jpg,https://pd12m.s3.us-west-2.amazonaws.com/images/c94482b0-433d-5bca-be5d-7570ce121b93.jpeg,CC0,http://creativecommons.org/publicdomain/zero/1.0/deed.en,Anfecaro,66ce4f1272c24ff0fdb34a6045f666245abe0503,e15719767e4aa108678f46327876184b9ee46d602028cd989e076625a6c6f462,891746,77580160c96e74a06e7f614ede64126b00a153f7132ad732fcd72cedc7680117,Apple,iPhone 8,True,2021:12:24 17:40:05,,0,,,
ph1_sunset_8ad0dd170f,sunset,https://commons.wikimedia.org/wiki/File:Puerto_Vallarta_Jan_2017_20170126_001_(32716525075).jpg,https://upload.wikimedia.org/wikipedia/commons/4/4f/Puerto_Vallarta_Jan_2017_20170126_001_%2832716525075%29.jpg,https://pd12m.s3.us-west-2.amazonaws.com/images/5789364b-9655-540f-93ba-666f1b7ff414.jpeg,CC0,http://creativecommons.org/publicdomain/zero/1.0/deed.en,terri_bateman,8ad0dd170f2f741b01529709d1d9a46e4ca1a555,f12ac98cef01def16c5b09254767ca583cc5168bd34a9e9aa56925cfccf37a07,1052248,1c957736ef8de83545a75c7ee151736d6add23dfec09faae16410c83abaa497b,Samsung,SM-N920W8,True,2017:01:26 16:45:53,,0,,,
ph1_sunset_307aae2be1,sunset,https://commons.wikimedia.org/wiki/File:Stuttgart_early_morning_industrial_architecture_3.jpg,https://upload.wikimedia.org/wikipedia/commons/a/a8/Stuttgart_early_morning_industrial_architecture_3.jpg,https://pd12m.s3.us-west-2.amazonaws.com/images/4dece5ef-f390-5634-ae4c-3ef9e48c4cb4.jpeg,CC0,http://creativecommons.org/publicdomain/zero/1.0/deed.en,Stesso,307aae2be1ffbb9a6194f09d21f2250ea8feaf27,9da68e152d08d56df0604fcd5640951e76d359f23ea984280455789c1239134b,2131693,23a7d63b86cfb6c59db4045c5f5b2d377c8053740bec0b9b25ea0ac00842c766,Samsung,SM-A310F,True,2020:12:11 08:18:04,,0,,,
ph1_sunset_8fd0fc22b6,sunset,https://commons.wikimedia.org/wiki/File:%D0%9A%D2%AF%D0%B7_%D0%BA%D2%AF%D0%BD%D0%B4%D3%A9%D1%80%D2%AF.jpg,https://upload.wikimedia.org/wikipedia/commons/0/02/%D0%9A%D2%AF%D0%B7_%D0%BA%D2%AF%D0%BD%D0%B4%D3%A9%D1%80%D2%AF.jpg,https://pd12m.s3.us-west-2.amazonaws.com/images/30bcf0f5-a59e-5be7-800a-4b056b309c80.jpeg,CC0,http://creativecommons.org/publicdomain/zero/1.0/deed.en,Кичинекей Поллианна,8fd0fc22b62c99d81731269ac6d41169c42bab19,94e07fe9cda67ff466634e0d84467e72f20bd49ddea0ac009fe50c1b6bf76288,3234653,f8ef2912a739ffec0cbf4b04d75e0950ceb4ced3a344d8cba367b7fd4d55351a,Samsung,SM-A115F,True,,,0,,,
ph1_sunset_404b689337,sunset,https://commons.wikimedia.org/wiki/File:Sunsets_(Sant%27Agata_Bolognese)_in_2023.03.jpg,https://upload.wikimedia.org/wikipedia/commons/a/af/Sunsets_%28Sant%27Agata_Bolognese%29_in_2023.03.jpg,https://pd12m.s3.us-west-2.amazonaws.com/images/c6696a02-274e-5c4d-9259-e3162b262f04.jpeg,CC0,http://creativecommons.org/publicdomain/zero/1.0/deed.en,CAPTAIN RAJU,404b689337f8f8a094e0501c7ce5b37362767340,3057a87e6c9a5cc16a5945c8597f733a657c90f37f508caeecee7831505cf1a6,3874250,922c0129af4256f858254becafb6ca36f6410034ad4ceb93bc9f36a9bd7c4e16,Honor,CRT-LX1,True,2023:11:18 17:05:21,,0,,,
ph1_sunset_6151bdf27e,sunset,https://commons.wikimedia.org/wiki/File:Sunsets_(Via_Gregorio_Agnini)_in_2023.01.jpg,https://upload.wikimedia.org/wikipedia/commons/0/06/Sunsets_%28Via_Gregorio_Agnini%29_in_2023.01.jpg,https://pd12m.s3.us-west-2.amazonaws.com/images/79e47b43-5590-5f9d-a1af-44204d53b0ee.jpeg,CC0,http://creativecommons.org/publicdomain/zero/1.0/deed.en,CAPTAIN RAJU,6151bdf27ebd21883516523a62e324109b95c0d8,d6bb34f47d9783290cafe261473d3ff76e3ea4df5f221b3c0bdc30ce02f8e664,3722484,084ec97bd459671da8bcdd33044ab63309e35dc52523e53a7e453ab02c1d7536,Honor,CRT-LX1,True,2023:12:21 17:04:13,,0,,,
ph1_sunset_4866a5a327,sunset,https://commons.wikimedia.org/wiki/File:20211201_072503_December_2021_in_Bia%C5%82ystok.jpg,https://upload.wikimedia.org/wikipedia/commons/f/f3/20211201_072503_December_2021_in_Bia%C5%82ystok.jpg,https://pd12m.s3.us-west-2.amazonaws.com/images/7370a2b3-52f5-52a9-bfc4-2bdf7f8e02e2.jpeg,CC0,http://creativecommons.org/publicdomain/zero/1.0/deed.en,Rakoon,4866a5a3276414ef8e76590e1c05543fe12a1265,9b8859ef6ad7a445cdc90cf195454004acb8203b387a2dcd27b6133846148481,4914791,da89deca8b39d42038ca4468f00f5d275aca8fc6c5e9abaf34f2f4c51399dcaf,Samsung,SM-A720F,True,2021:12:01 07:24:37,,0,,,
ph1_sunset_010972d346,sunset,https://commons.wikimedia.org/wiki/File:Sunsets_(Via_Giordano_Bruno)_in_2024.04.jpg,https://upload.wikimedia.org/wikipedia/commons/3/32/Sunsets_%28Via_Giordano_Bruno%29_in_2024.04.jpg,https://pd12m.s3.us-west-2.amazonaws.com/images/c18b467d-aeac-50cd-965a-88f7767bc82d.jpeg,CC0,http://creativecommons.org/publicdomain/zero/1.0/deed.en,CAPTAIN RAJU,010972d3464b55762b2e42e52d5515e4b7d34ff6,7dbc40b84df524b12afff41473c7a3987e2edfb4202299e94651242c15d699f3,5399283,4c7c395d14cdf225e0092c2641cf8fe00f40f178de523be5079c7911c19ac575,Honor,CRT-LX1,True,2024:02:05 17:46:42,,0,,,
ph1_sunset_92be64f56e,sunset,https://commons.wikimedia.org/wiki/File:La_Paz_BCS.jpg,https://upload.wikimedia.org/wikipedia/commons/a/a9/La_Paz_BCS.jpg,https://pd12m.s3.us-west-2.amazonaws.com/images/99e8fa98-f4cf-5378-8063-eb9f5b50d30f.jpeg,CC0,http://creativecommons.org/publicdomain/zero/1.0/deed.en,Dasilva27,92be64f56e1e7c18e9d8c4e79833599406be53e9,f6735f01ac5b251f4231395f659e6ed123421956671bedc886dd2334f104ead3,1274945,4337069624f5530c63c5164384fecd16720a2e57cec602a635307761fdd8951b,Apple,iPhone 11,True,2024:01:01 18:05:41,,0,,,
ph1_sunset_c6fe999cbd,sunset,https://commons.wikimedia.org/wiki/File:Cpavfbncodsc.jpg,https://upload.wikimedia.org/wikipedia/commons/3/3f/Cpavfbncodsc.jpg,https://pd12m.s3.us-west-2.amazonaws.com/images/70e1a14d-f50e-56e1-b36d-1be4dc24e6e0.jpeg,CC0,http://creativecommons.org/publicdomain/zero/1.0/deed.en,Imeao,c6fe999cbdfe2aa286ac536285817de439461ab6,5f4eca233fcf9cd6ac4bafd73750f0ac1fbc636d8be49ab4891c4896647b0394,4901900,079bd3e20ed9490be509cd118d891a3350d00a717f4c48716a9c7b1d71e8f7a6,Xiaomi,Mi A2 Lite,True,2021:02:02 16:07:20,,0,,,
ph1_sunset_983083b480,sunset,"https://commons.wikimedia.org/wiki/File:Pyramisa_Isis_Island_Resort_Aswan,_Aswan,_AG,_EGY_(48025395471).jpg",https://upload.wikimedia.org/wikipedia/commons/f/fb/Pyramisa_Isis_Island_Resort_Aswan%2C_Aswan%2C_AG%2C_EGY_%2848025395471%29.jpg,https://pd12m.s3.us-west-2.amazonaws.com/images/e38d1c26-868e-522b-9891-d14932e8f379.jpeg,CC0,http://creativecommons.org/publicdomain/zero/1.0/deed.en,"Warren LeMay from Cullowhee, NC, United States",983083b480c34eefef01c1b4267a0b0c5febef2f,4108a2223a4396a652a0ed881d614b55ef0ca83f89f3a87b96a192318496585c,3440319,befb280812bf159b13e8823abfb79079caa9737d3fa8b1a36fff7c02473dbdaa,Apple,iPhone 8,True,2019:05:16 17:38:31,,0,,,
ph1_sunset_595708144c,sunset,https://commons.wikimedia.org/wiki/File:WISTRON_CZ_20200731_052617.jpg,https://upload.wikimedia.org/wikipedia/commons/c/cf/WISTRON_CZ_20200731_052617.jpg,https://pd12m.s3.us-west-2.amazonaws.com/images/4d781ab4-18d2-552b-9621-7dfb9aab868f.jpeg,CC0,http://creativecommons.org/publicdomain/zero/1.0/deed.en,GALAXY 2018 A7,595708144c91533b16f930b21eff4432a0d4dcfb,7fb4b6062df7b94cbdd8177a4317d095ca0cbf6026bb01290ba5ae1938f0472b,4434884,734fa48f520100bbdb68f6b7642a621e352c3074c391d9cc8566958ecb45d62a,Samsung,SM-A750FN,True,2020:07:31 05:26:17,,0,,,
ph1_sunset_20a3199a8e,sunset,https://commons.wikimedia.org/wiki/File:Sun_on_Mountain.jpg,https://upload.wikimedia.org/wikipedia/commons/1/16/Sun_on_Mountain.jpg,https://pd12m.s3.us-west-2.amazonaws.com/images/c8ac260c-d2b3-57cf-937e-20627c287f1b.jpeg,CC0,http://creativecommons.org/publicdomain/zero/1.0/deed.en,Doggo19292,20a3199a8e74a5375731188d4ce199e89d55a056,3031b59a20399fc1327054ea5c058148b4748a5820fdda25b8b16d019f734515,2537216,91c54cb60d1c659df231befc460e2db700548308e3b0182c4b94aa2ccfd9aa4b,Motorola,moto e6 play,True,2021:03:10 18:14:53,,0,,,
ph1_sunset_73a9a0531a,sunset,"https://commons.wikimedia.org/wiki/File:Heimi_Peak,_Changsha,_Hunan,_Picture3.jpg",https://upload.wikimedia.org/wikipedia/commons/b/b6/Heimi_Peak%2C_Changsha%2C_Hunan%2C_Picture3.jpg,https://pd12m.s3.us-west-2.amazonaws.com/images/46410f3e-cc07-5a3d-9846-08f917353a72.jpeg,CC0,http://creativecommons.org/publicdomain/zero/1.0/deed.en,Huangdan2060,73a9a0531a232f7420acbca887f7a73c4aa4b0cf,873418944cc81dee28eb410f087d8cef36175b3edb2e36a858d4754ec448a1fd,2034217,124d70127e9fe801196ac76c7080d706be9c17ceeaba8c3afe3dcc1af650ecef,vivo,vivo X20,True,2018:10:28 06:14:58,,0,,,
ph1_sunset_95fb768b82,sunset,https://commons.wikimedia.org/wiki/File:%E0%A6%AC%E0%A7%8B%E0%A6%B0%E0%A6%BF%E0%A6%AC%E0%A6%BE%E0%A6%B2%E0%A6%BF_(%E0%A6%AA%E0%A6%83)_%E0%A6%8F%E0%A6%B0_%E0%A6%A6%E0%A7%83%E0%A6%B6%E0%A7%8D%E0%A6%AF.jpg,https://upload.wikimedia.org/wikipedia/commons/0/0a/%E0%A6%AC%E0%A7%8B%E0%A6%B0%E0%A6%BF%E0%A6%AC%E0%A6%BE%E0%A6%B2%E0%A6%BF_%28%E0%A6%AA%E0%A6%83%29_%E0%A6%8F%E0%A6%B0_%E0%A6%A6%E0%A7%83%E0%A6%B6%E0%A7%8D%E0%A6%AF.jpg,https://pd12m.s3.us-west-2.amazonaws.com/images/f5271d58-c89f-557a-a8d5-4a1356549d8d.jpeg,CC0,http://creativecommons.org/publicdomain/zero/1.0/deed.en,আজিজ,95fb768b82e9bf387aff3f2da5b2de79cd5f2640,eadc7279d7f59cd1899067eb1a8142360e6562c7ceede78552870e6d5c0c1aa7,610113,a73a8e3276227e94d863d10285684774b19ff57342b61b314dbe815b0e89a513,OPPO,1201,True,2016:03:05 07:11:01,,0,,,
ph1_sunset_b90a5a7a7f,sunset,https://commons.wikimedia.org/wiki/File:S%C3%A4rk%C3%A4nniemi_view_on_hazy_sunset.jpg,https://upload.wikimedia.org/wikipedia/commons/8/8b/S%C3%A4rk%C3%A4nniemi_view_on_hazy_sunset.jpg,https://pd12m.s3.us-west-2.amazonaws.com/images/f3a6c18f-5de6-5e52-9a04-8b0d6e5150fb.jpeg,CC0,http://creativecommons.org/publicdomain/zero/1.0/deed.en,Brylie,b90a5a7a7f792e1fac635dd16cfdae4572e3fa8c,86414ce860ec8f30115f9f7e730202038736b0dae632220062e4a39df6d4a48d,3838100,95895fdc0407516d78f79e5da6ed64666e02b3f2e181ed9aa987fc41d8a25c33,Samsung,EK-GC100,True,2014:09:17 19:46:10,,0,,,
ph1_sunset_a26d18961c,sunset,https://commons.wikimedia.org/wiki/File:20230806_204530_August_2023_in_Bia%C5%82ystok.jpg,https://upload.wikimedia.org/wikipedia/commons/b/bf/20230806_204530_August_2023_in_Bia%C5%82ystok.jpg,https://pd12m.s3.us-west-2.amazonaws.com/images/76aa3624-9920-5f73-8ddf-0179085abde9.jpeg,CC0,http://creativecommons.org/publicdomain/zero/1.0/deed.en,Rakoon,a26d18961ce9fbe5d94a2809489f3c6cb40622e4,e04ec40bfea290ef266cc39c8319f60edcf2a40618c1dbe9ea591fee6e205589,827070,9ea1922e5c5243125b88d3a866d5d6b1e8a4b1e61e0286bbed7a7e32af59df11,Apple,iPhone 14 Pro Max,True,2023:08:06 20:45:30,,0,,,
ph1_sunset_7329ce5380,sunset,"https://commons.wikimedia.org/wiki/File:Westward_view_along_Blatchington_Road,_Hove_(August_2013).JPG",https://upload.wikimedia.org/wikipedia/commons/7/7b/Westward_view_along_Blatchington_Road%2C_Hove_%28August_2013%29.JPG,https://pd12m.s3.us-west-2.amazonaws.com/images/490a832d-aa03-550d-bdd5-0d896d3c276b.jpeg,CC0,http://creativecommons.org/publicdomain/zero/1.0/deed.en,Hassocks5489,7329ce53802e5860ae0ab3ff1952d67c732a1ec4,e6385f004d49107be37de49e165d092f0e3deddebacf3aeedbb18029d44db3e7,980483,9a0a6b73a5528c72f06ad7bc4f35b548bdde5c63e422631046a1bb4a76577387,Samsung,"SAMSUNG PL210, PL211 / VLUU PL210, PL211",True,2013:09:04 19:21:04,,0,,,
ph1_sunset_80e0eeb10b,sunset,"https://commons.wikimedia.org/wiki/File:Vrella,_Carravran%C3%AB_-_2023.jpg",https://upload.wikimedia.org/wikipedia/commons/9/9a/Vrella%2C_Carravran%C3%AB_-_2023.jpg,https://pd12m.s3.us-west-2.amazonaws.com/images/e05d9b2f-b27c-54b6-9131-58fa8c6571e2.jpeg,CC0,http://creativecommons.org/publicdomain/zero/1.0/deed.en,Berishasinan,80e0eeb10b0bae182aedb2c9bc03b28395c81c5a,13e30ed670fb803dbdf5ad8ac43ff30384675da41aa1ba7ba87c762e5d2ed0b7,5982059,30d87a27f0f067cc5e409c6d7ffbba441edfbfb95d674ad6b9c6a3fdc3773a4d,Apple,iPhone 11,True,2023:11:20 16:13:09,,0,,,
ph1_sunset_151bcb4d4d,sunset,https://commons.wikimedia.org/wiki/File:Gambia_20240117_073354.jpg,https://upload.wikimedia.org/wikipedia/commons/4/4d/Gambia_20240117_073354.jpg,https://pd12m.s3.us-west-2.amazonaws.com/images/831d02ae-69b4-5983-9d20-631d67e586fe.jpeg,CC0,http://creativecommons.org/publicdomain/zero/1.0/deed.en,Josefito123,151bcb4d4d05a67e9599a40328ee8969cb942802,95b9c4547a9104c5354a72faedf1851bef5a689d6488b2dbe3f56ec683ef0f76,1997210,515095c97aa36fd526d8a23a5004036dd8ca5d6f7bf528fd8f802773e26f7e91,Samsung,SM-A226B,True,2024:01:17 07:33:54,,0,,,
ph1_sunset_538827d400,sunset,https://commons.wikimedia.org/wiki/File:Sunsets_(Via_San_Lorenzo)_in_2024.11.jpg,https://upload.wikimedia.org/wikipedia/commons/d/df/Sunsets_%28Via_San_Lorenzo%29_in_2024.11.jpg,https://pd12m.s3.us-west-2.amazonaws.com/images/dc835cc8-6362-5a49-84f5-5304884de339.jpeg,CC0,http://creativecommons.org/publicdomain/zero/1.0/deed.en,CAPTAIN RAJU,538827d4003ff759021e6550877d43f70d4beb50,6b24231fee4b557696e7d756afb09b83f4b8f9f267b69a9d3eb5ba2980f2c458,4487624,9c79838ac38c37d51279dda26b33d9a0b68052e10da3c2ccf7db05ab46ae980b,Honor,CRT-LX1,True,2024:02:23 17:46:18,,0,,,
ph1_sunset_1b901cf60b,sunset,https://commons.wikimedia.org/wiki/File:Ramna_Park_.jpg,https://upload.wikimedia.org/wikipedia/commons/0/00/Ramna_Park_.jpg,https://pd12m.s3.us-west-2.amazonaws.com/images/27dbdcee-5a62-5136-8375-e39c6fe01e4c.jpeg,CC0,http://creativecommons.org/publicdomain/zero/1.0/deed.en,Salim_Khandoker,1b901cf60b1c38c8ef4666438c474792042bf406,224e839929d28abb5b7415653fa927bff40220eeef3cee41bbca7c8cd99bbc39,7051748,5fceb89a05fa3ec5eaf00194fe7a8e2d7d5cf25c484e20f4af2ee352e7e3f38e,Xiaomi,Redmi 3,True,2018:03:10 17:41:32,,0,,,
ph1_sunset_9f98c2765b,sunset,https://commons.wikimedia.org/wiki/File:4Castella_67.jpg,https://upload.wikimedia.org/wikipedia/commons/4/44/4Castella_67.jpg,https://pd12m.s3.us-west-2.amazonaws.com/images/0b090fa0-578b-5137-9f17-15e0c8bf611b.jpeg,CC0,http://creativecommons.org/publicdomain/zero/1.0/deed.en,SIG SG 510,9f98c2765be5b3cd9c8ce57284bc50eef2f0fa11,04e6dcb04259991778f4d3c6e95cc553a33dec66e188e13bcf2185a450b23b6f,1369495,5476a573f3ac790ecf765a802fd00a0b2b63c847e9c3bbb7d17ae25e3abb4c51,ZTE,ZTE Blade A452,True,2017:02:17 16:40:51,,0,,,
ph1_sunset_362e23f914,sunset,https://commons.wikimedia.org/wiki/File:Panorama_(Caltagirone)_10_12_2023_10.jpg,https://upload.wikimedia.org/wikipedia/commons/e/e3/Panorama_%28Caltagirone%29_10_12_2023_10.jpg,https://pd12m.s3.us-west-2.amazonaws.com/images/6d261bc9-6878-5a29-9d96-7f2a3f020a31.jpeg,CC0,http://creativecommons.org/publicdomain/zero/1.0/deed.en,Effems,362e23f9147a7e1ad6d2072529b4a13a8c0b3cdf,58feb32fe1f23a524b1b4fdc9337b2dd3c1fe8fe6424addd183d831d6a872359,1569031,36e171993a22fe606b48562f477ec42eec7812fed6ffa3ca565a2700002eb799,Huawei,ANE-LX1,True,2023:12:10 16:42:38,,0,,,
ph1_sunset_318dc01b4c,sunset,"https://commons.wikimedia.org/wiki/File:Sunset_at_Western_coast,_Ibiza.jpg",https://upload.wikimedia.org/wikipedia/commons/d/d3/Sunset_at_Western_coast%2C_Ibiza.jpg,https://pd12m.s3.us-west-2.amazonaws.com/images/7f682ba1-be32-509d-a958-cf7e2a2611d0.jpeg,CC0,http://creativecommons.org/publicdomain/zero/1.0/deed.en,Gerda Arendt,318dc01b4c20d70ad92ee2af50b8b0d6d9a340d4,8afa6b26c6d803f8096e4033cd269806601b3d08f88ba0152718aa2f308ad7db,2507809,47e7dca6daa17409bfd0b3d5a9dc70e470a4ce73a1d93fe203f4ad3c5bfb6d2d,Motorola,motorola one vision,True,2023:10:26 19:08:29,,0,,,
ph1_sunset_33591d1984,sunset,https://commons.wikimedia.org/wiki/File:View_of_Cape_Town_from_halfway_up_the_Table_Mountain_09.jpg,https://upload.wikimedia.org/wikipedia/commons/3/30/View_of_Cape_Town_from_halfway_up_the_Table_Mountain_09.jpg,https://pd12m.s3.us-west-2.amazonaws.com/images/6857254a-eee2-54c8-ae31-11470095e481.jpeg,CC0,http://creativecommons.org/publicdomain/zero/1.0/deed.en,Netha Hussain,33591d1984b7729202b7428c7e02f95da6997c1c,22693dc695e92bee7f458e5190fdbf8babd0817da8d4373783e39bff3b0add6d,277716,8c6654356026e22f6505b799f8ce8e62876b06ba61f6cb9edc4eecfbb27ec657,Samsung,SM-G930F,True,2018:07:17 18:04:21,,0,,,
ph1_sunset_4096ce0c1f,sunset,https://commons.wikimedia.org/wiki/File:Srknwrfsufha.jpg,https://upload.wikimedia.org/wikipedia/commons/8/83/Srknwrfsufha.jpg,https://pd12m.s3.us-west-2.amazonaws.com/images/c0116b54-501d-50d7-834a-ff2a405f2f6b.jpeg,CC0,http://creativecommons.org/publicdomain/zero/1.0/deed.en,Imeao,4096ce0c1fafb75af7d64dd14d09e1ecb5aeb75e,00f4ee1a1f464adf96da7eb1a48edca91234e39009bae4aee11e167f0b45164b,5984389,27d34f0b159b866b032e94fda13603716ebfd851a03109cb96ab2fc89e596f69,Xiaomi,Mi A2 Lite,True,2022:04:26 05:01:48,,0,,,
ph1_sunset_5b8aa727a3,sunset,https://commons.wikimedia.org/wiki/File:Senegal_20240110_075258.jpg,https://upload.wikimedia.org/wikipedia/commons/e/e0/Senegal_20240110_075258.jpg,https://pd12m.s3.us-west-2.amazonaws.com/images/bea4453a-4706-5dec-9765-c698778b9413.jpeg,CC0,http://creativecommons.org/publicdomain/zero/1.0/deed.en,Josefito123,5b8aa727a33450a13477b17ef9c5b913158bc30b,e4f5b38f9857531894e4e94849b44bc79e6cd8ad258683227acaf881e991603f,2281027,7928918ccf7c86ea27f5503cc1e81d0ee88e213723e54d0d6fef3a7b28c99bf5,Samsung,SM-A226B,True,2024:01:10 07:52:58,,0,,,
ph1_sunset_18e8099dfb,sunset,https://commons.wikimedia.org/wiki/File:Rainbow_at_Sunset.jpg,https://upload.wikimedia.org/wikipedia/commons/4/4c/Rainbow_at_Sunset.jpg,https://pd12m.s3.us-west-2.amazonaws.com/images/340b10b1-53cf-5d75-a43d-8b8d0b746987.jpeg,CC0,http://creativecommons.org/publicdomain/zero/1.0/deed.en,"Alan Levine from Mortlach, Canada",18e8099dfb60ba47d50c414926fab764bcb1c093,a44a46939578c41aaae273b90e7fe72a6bc035a15ff575619d6925d4efb2e5d9,1013379,17509c1842add68368bc298c5530976b14d7e763fa0343b36d82c20725cdf128,Apple,iPhone 6s,True,2017:06:19 19:02:24,,0,,,
ph1_sunset_53d8db1d54,sunset,"https://commons.wikimedia.org/wiki/File:Albada_al_Pont_del_Petroli,_Badalona_(50316984441).jpg",https://upload.wikimedia.org/wikipedia/commons/3/3e/Albada_al_Pont_del_Petroli%2C_Badalona_%2850316984441%29.jpg,https://pd12m.s3.us-west-2.amazonaws.com/images/c00b2213-678f-53ad-9809-d050446647f5.jpeg,CC0,http://creativecommons.org/publicdomain/zero/1.0/deed.en,Lluís Ferrer,53d8db1d54927f7917eb2fe83f4c29026d11b9ff,cbd40e17a132dc9bbe10624acc48b3399459264f4ea47ba637a29773bae53255,2737941,f8a36ce5d1c141f02965e9f387911c8df503cf6f064036799f498b14e914efc7,Apple,iPhone 6,True,2017:03:23 07:10:59,,0,,,
ph1_sunset_3ef8b47153,sunset,https://commons.wikimedia.org/wiki/File:Ygpxnopyydrb.jpg,https://upload.wikimedia.org/wikipedia/commons/9/9e/Ygpxnopyydrb.jpg,https://pd12m.s3.us-west-2.amazonaws.com/images/b1fa333f-ae95-53b7-84d5-89660d20c6ea.jpeg,CC0,http://creativecommons.org/publicdomain/zero/1.0/deed.en,Imeao,3ef8b47153a793934605191e6a35ebd0d27b65d8,2c8eb9f3b2e7212b9288f760b4378c66af2f5798f61b51f7dc8dad43c0cccd37,6675908,342f8239bdc70049f56e70faa2fefd048322566ac3146184c7501c228a544da5,Xiaomi,Mi A2 Lite,True,2021:11:01 06:53:51,,0,,,
ph1_sunset_b933f63b34,sunset,https://commons.wikimedia.org/wiki/File:Sunset_-_Tramonti_(14759809412).jpg,https://upload.wikimedia.org/wikipedia/commons/e/ef/Sunset_-_Tramonti_%2814759809412%29.jpg,https://pd12m.s3.us-west-2.amazonaws.com/images/f72ac9b8-ef3b-5053-83ac-ed6567e6b08e.jpeg,CC0,http://creativecommons.org/publicdomain/zero/1.0/deed.en,fotokoci,b933f63b34019ac765e15f563dce2e75b024f7ba,07e86d0ede33bd7e97b9d393ad2a8c0df6bc5bf7b8ab99f3dd6fe7f8f517d3c6,585500,716cbf312f1b7b084540adbb8d6542b61c902b7ae7ca1afa25b51b144e1dc965,LG,LG-E440,True,,,0,,,
ph1_sunset_e07a70c9a1,sunset,"https://commons.wikimedia.org/wiki/File:Guanacaste,_Costa_Rica.jpg",https://upload.wikimedia.org/wikipedia/commons/1/19/Guanacaste%2C_Costa_Rica.jpg,https://pd12m.s3.us-west-2.amazonaws.com/images/14d9b961-a571-541b-846d-e68e8a74694b.jpeg,CC0,http://creativecommons.org/publicdomain/zero/1.0/deed.en,PoeXinia,e07a70c9a1c4bfe234f3ff63cf8f514276182ebd,2b2e895a43d60c478a90c5ba6cf06c3a4a09a1e06b6254e5c7a012dbcdc2d9b4,1783233,b1c1b3981c662a425784f27f0da2f6da4322d7c089a80d1ec95e206e60314c21,Apple,iPhone 13 Pro,True,2023:08:26 17:53:56,,0,,,
ph1_sunset_c973ef9e8b,sunset,"https://commons.wikimedia.org/wiki/File:Sunsets_(Strada_Provinciale_2,_navicello)_in_2024.09.jpg",https://upload.wikimedia.org/wikipedia/commons/f/f4/Sunsets_%28Strada_Provinciale_2%2C_navicello%29_in_2024.09.jpg,https://pd12m.s3.us-west-2.amazonaws.com/images/10dc0caa-7dbd-52b9-8b91-f4b7a9aa1c82.jpeg,CC0,http://creativecommons.org/publicdomain/zero/1.0/deed.en,CAPTAIN RAJU,c973ef9e8b0f5185dc32800fffb3f891a1238854,1ca946fd4ae7e2f1e74b8ac25393a6c42ebc69c51c9323395fe4d1de5db2145e,5032912,c5d0c3cd8bf369460f7f62111f10e17d1b7d6f9dce84f9b40d2cbc30f1534a11,Honor,CRT-LX1,True,2024:02:05 17:50:52,,0,,,
ph1_sunset_78703ccc44,sunset,https://commons.wikimedia.org/wiki/File:LakePamvotida2.jpg,https://upload.wikimedia.org/wikipedia/commons/9/9b/LakePamvotida2.jpg,https://pd12m.s3.us-west-2.amazonaws.com/images/cf391aba-c58f-5846-a19f-a41cbe937994.jpeg,CC0,http://creativecommons.org/publicdomain/zero/1.0/deed.en,Steliosp97,78703ccc44016d1e6bb915f7d245a171e26a10d6,fba77961c6516ad6a17c8c315660c2a09d119f3d76362ed0467a657dc2a2100b,1122844,6ce7b24dadcc5aa7ed1c124b389cddf9a804348994b07654937aa77931def2f1,Huawei,WAS-LX1,True,2018:06:03 21:23:14,,0,,,
ph1_sunset_dd740bce1c,sunset,https://commons.wikimedia.org/wiki/File:Templeofthegods_(22073653426).jpg,https://upload.wikimedia.org/wikipedia/commons/1/11/Templeofthegods_%2822073653426%29.jpg,https://pd12m.s3.us-west-2.amazonaws.com/images/c813bb66-e420-5436-b87c-e4bdd88bf557.jpeg,CC0,http://creativecommons.org/publicdomain/zero/1.0/deed.en,skym4k3r,dd740bce1c9ef66ab2c5dd1ec8ef151f52dd4623,401d1acd286c5d44fe8c799d715364c28bcbf5ff8267910d3fe5e40f5eb9e8f5,7626778,6b0b7bab026a39ffb9229453cf3b6141b40ebda9dce3bb7f78e618de95c4a8c5,Motorola,XT1254,True,2015:10:10 17:52:02,,0,,,
ph1_sunset_14a1ec9316,sunset,https://commons.wikimedia.org/wiki/File:Sunrise_(Parco_Novi_Sad)_in_2023.05.jpg,https://upload.wikimedia.org/wikipedia/commons/b/be/Sunrise_%28Parco_Novi_Sad%29_in_2023.05.jpg,https://pd12m.s3.us-west-2.amazonaws.com/images/dee2d052-043d-57b3-b255-08e4c3f3ffb5.jpeg,CC0,http://creativecommons.org/publicdomain/zero/1.0/deed.en,CAPTAIN RAJU,14a1ec93169f1498376f1042836abc37772aeba5,a78ad259b5d74bfbe75e87062ae25866d2c730edcdded8a003c8d150e36e447f,1923016,ba28c1c33fd64538ce6caa401593827a12361b42d16a8d148949db5c4e7f1039,Samsung,SM-A225F,True,2023:04:19 06:35:09,,0,,,
ph1_sunset_47e342fa26,sunset,"https://commons.wikimedia.org/wiki/File:Gy%C5%91r,_Klatsm%C3%A1nyi_Tibor_h%C3%ADd,_7.jpg",https://upload.wikimedia.org/wikipedia/commons/0/0d/Gy%C5%91r%2C_Klatsm%C3%A1nyi_Tibor_h%C3%ADd%2C_7.jpg,https://pd12m.s3.us-west-2.amazonaws.com/images/607f8943-6c80-5978-9a3a-e0ae1d2a2a8d.jpeg,CC0,http://creativecommons.org/publicdomain/zero/1.0/deed.en,Random photos 1989,47e342fa267bc81600feebeb40e2083f77886160,c2a4ef8c16b4cb0f465eb3983abf0b7c7a24d47d6dab808b1992424acfd3753c,1653235,66196eb2f53dbbf40ad8acba4028d3d069c7845684c89e2776d64cb05b014d36,Huawei,VOG-L29,True,2021:07:10 20:43:42,,0,,,
ph1_sunset_07bf94dbd8,sunset,https://commons.wikimedia.org/wiki/File:WISTRON_CZ_20200720_052714.jpg,https://upload.wikimedia.org/wikipedia/commons/1/1b/WISTRON_CZ_20200720_052714.jpg,https://pd12m.s3.us-west-2.amazonaws.com/images/ef4a3653-5111-5416-89ee-722f0471431c.jpeg,CC0,http://creativecommons.org/publicdomain/zero/1.0/deed.en,GALAXY 2018 A7,07bf94dbd89460ac66c9f99fbf044ceabe01603e,118ed09c8b61f14de19170049fe5230ba9b837e9d31559f1520ca673fc664cb7,4867885,7f5479d40cb8ad3031a48c406c3f4d933130d1eacc26b79387b34da980b2aaf4,Samsung,SM-A750FN,True,2020:07:20 05:27:13,,0,,,
ph1_sunset_840c5573e7,sunset,https://commons.wikimedia.org/wiki/File:PuntaEntinas.jpg,https://upload.wikimedia.org/wikipedia/commons/3/3d/PuntaEntinas.jpg,https://pd12m.s3.us-west-2.amazonaws.com/images/13ffa645-6fba-53e3-bfe3-d62b0137086c.jpeg,CC0,http://creativecommons.org/publicdomain/zero/1.0/deed.en,Roquex,840c5573e7a5cf33cd1473883a6390f329ed756c,a5df63282d03ecf3edd35352ce47f4760b20375c9085ac981cb0b644d76b5735,785684,8ed41060609897a26637e1f4434695d6fecb6de3bd634f3a7333b917fd2f7c40,Samsung,SM-J530F,True,2018:12:23 17:55:19,,0,,,
ph1_sunset_2b20807b21,sunset,https://commons.wikimedia.org/wiki/File:Sunsets_(Via_Antonio_Gramsci)_in_2023.01.jpg,https://upload.wikimedia.org/wikipedia/commons/4/41/Sunsets_%28Via_Antonio_Gramsci%29_in_2023.01.jpg,https://pd12m.s3.us-west-2.amazonaws.com/images/ced285df-cfe5-59f2-94a9-153b9f83ecce.jpeg,CC0,http://creativecommons.org/publicdomain/zero/1.0/deed.en,CAPTAIN RAJU,2b20807b21bb950513a4ac320d658d20b68a5a47,3d2d96e5ce8401e9e00816c39c78c1f3800b7b60e57f05f26110dd6a4e788432,4006929,c5bd9c3c8a9159de4814f0350bd421e976d6bd61cf3b22afa0d60d739406eae3,Honor,CRT-LX1,True,2023:11:26 16:40:04,,0,,,
ph1_sunset_fbe9ef1cff,sunset,https://commons.wikimedia.org/wiki/File:Kopokitanan_kosilahon_tadau_susuabon.jpg,https://upload.wikimedia.org/wikipedia/commons/4/44/Kopokitanan_kosilahon_tadau_susuabon.jpg,https://pd12m.s3.us-west-2.amazonaws.com/images/762da4d1-30fb-558c-827f-31806982f89f.jpeg,CC0,http://creativecommons.org/publicdomain/zero/1.0/deed.en,Meqqal,fbe9ef1cff5771e2a235b2a17b0c104d67f452b2,2daae7221179a452ab9bfd5b78c440af0a45d487fd02116e08ece0db6ab5fdf6,916195,b50a746639788e8b4fd43ce6733dfcf957745d1382ad536519bd3297d12716f8,Huawei,JNY-LX2,True,2023:08:15 05:55:09,,0,,,
ph1_sunset_0b24411c78,sunset,https://commons.wikimedia.org/wiki/File:HOLE%C5%A0OVICE_-_20230324_182017.jpg,https://upload.wikimedia.org/wikipedia/commons/8/87/HOLE%C5%A0OVICE_-_20230324_182017.jpg,https://pd12m.s3.us-west-2.amazonaws.com/images/59028a4c-fad2-5fe0-b761-fde0eed1bf2d.jpeg,CC0,http://creativecommons.org/publicdomain/zero/1.0/deed.en,01x07x2022000,0b24411c78344312a98859c6d764395607897300,044c8128e818003212bd028be0dc9ef4e34a642ae9ccee921c5d79a342e9fc03,3717324,270cd3c8cb8d2ec2e11037bcee04817e8402e18694a477664214820dec45c524,Samsung,SM-A750FN,True,2023:03:24 18:20:17,,0,,,
ph1_sunset_e43d1428ea,sunset,"https://commons.wikimedia.org/wiki/File:Gy%C5%91r,_Aranypart,_9.jpg",https://upload.wikimedia.org/wikipedia/commons/f/f4/Gy%C5%91r%2C_Aranypart%2C_9.jpg,https://pd12m.s3.us-west-2.amazonaws.com/images/c27ef248-cc3f-50fc-aa78-9e7dff6a9ebf.jpeg,CC0,http://creativecommons.org/publicdomain/zero/1.0/deed.en,Random photos 1989,e43d1428ea1bf2544b1f27ee56dc319462986428,18edc830b9bdafba5d57c224a2fce9bd0c8ba71a27733004dd21270742011aea,2166584,1d5a87a5c8161eaa9325901727d44d344d5e9b0b98aeb9428aad15b29dc0dcc1,Huawei,VOG-L29,True,2020:07:22 20:29:47,,0,,,
ph1_sunset_e6122437cb,sunset,https://commons.wikimedia.org/wiki/File:KBTP_at_dusk.jpg,https://upload.wikimedia.org/wikipedia/commons/e/e9/KBTP_at_dusk.jpg,https://pd12m.s3.us-west-2.amazonaws.com/images/b51d8075-9ead-547f-8129-ba2b1d50f2af.jpeg,CC0,http://creativecommons.org/publicdomain/zero/1.0/deed.en,Designism,e6122437cb61a720bd977908e1ccbb653282ee90,4de4cc872e929cf6c9143405863813747db8c92a06f28f059cd9d631539241d5,885245,3947bd9e305f77dfb9fb20332f36719ac0d49562eedacb9394c9c4d510f321be,Apple,iPhone SE (3rd generation),True,2023:11:15 17:22:44,,0,,,
ph1_sunset_f067821e25,sunset,https://commons.wikimedia.org/wiki/File:Sunrise_in_Jammu.jpg,https://upload.wikimedia.org/wikipedia/commons/1/1b/Sunrise_in_Jammu.jpg,https://pd12m.s3.us-west-2.amazonaws.com/images/dca50197-74e6-5558-977c-d67b41314926.jpeg,CC0,http://creativecommons.org/publicdomain/zero/1.0/deed.en,Zuck,f067821e25029b4ba372ec002ad5c5bd99748147,a1a1ea7b41f3beb932bc71013752bb5e74034b62002da0c5b9bdaffeb158babb,1975315,01ea7ff126f4b01128d731b87760b48e9fa200b7dacacb28ecd16b3883ada49b,Apple,iPhone X,True,2019:06:30 05:52:26,,0,,,
ph1_sunset_f4b1149855,sunset,https://commons.wikimedia.org/wiki/File:PayyambalamBeachSunset.jpg,https://upload.wikimedia.org/wikipedia/commons/d/d7/PayyambalamBeachSunset.jpg,https://pd12m.s3.us-west-2.amazonaws.com/images/12400276-39db-5c72-b1f6-f08b6a0e1c3a.jpeg,CC0,http://creativecommons.org/publicdomain/zero/1.0/deed.en,Abhijith919,f4b11498557eae165e7195d1d834b429513bc44d,e83523fada312a7fa345f30e2fd90da79c25026e3f193d9d06e461cc1cabf5ef,348971,31f79d791b2af53d3cc47f141cd6b547576010b56195887b42866a5dda856294,Nokia,C2-01,True,2012:02:21 18:23:52,,0,,,
ph1_sunset_4ad58e5839,sunset,"https://commons.wikimedia.org/wiki/File:Placencia_Belize,_December_2021_-_Sunset_on_the_Water.jpg",https://upload.wikimedia.org/wikipedia/commons/a/a1/Placencia_Belize%2C_December_2021_-_Sunset_on_the_Water.jpg,https://pd12m.s3.us-west-2.amazonaws.com/images/b3c40727-0aa8-5caa-8f88-54467dff827d.jpeg,CC0,http://creativecommons.org/publicdomain/zero/1.0/deed.en,Jim McIntosh,4ad58e5839be9acbf69a41f838357091d753b792,61da70862eac772a983e55fed0f86a472c62fb243dc1575cae294beb2bec7262,3234693,72682f2a028e37d75b0e3da6ee250e8c68e20b19a2737899e0c0080fad0ffa87,Apple,iPhone 13 Pro Max,True,2021:12:05 17:17:58,,0,,,
ph1_sunset_4e8a8d85fb,sunset,"https://commons.wikimedia.org/wiki/File:Hotel_Wyndham_Concorde_Resort_Isla_de_Margarita,_Porlamar_Nueva_Esparta,_Venezuela_4.jpg",https://upload.wikimedia.org/wikipedia/commons/1/1a/Hotel_Wyndham_Concorde_Resort_Isla_de_Margarita%2C_Porlamar_Nueva_Esparta%2C_Venezuela_4.jpg,https://pd12m.s3.us-west-2.amazonaws.com/images/33442e67-e5ef-5662-baa5-ce8f77ce4521.jpeg,CC0,http://creativecommons.org/publicdomain/zero/1.0/deed.en,Warairarepano&amp;Guaicaipuro,4e8a8d85fb3476f0af9637a219858f8ab0263a14,8961f35bc4ed1de8abcacf94079e7a399328c7c3649a312316c5b07853b841d9,1690220,48380673154992b0c87b1e165a72bad5734f714be3074a5dc1ac6d684b370d2e,Apple,iPhone 5s,True,2015:10:20 17:14:29,,0,,,
ph1_sunset_dffb34d995,sunset,https://commons.wikimedia.org/wiki/File:Burg_J%C3%B6rgenberg_Mittenhausen_4.jpg,https://upload.wikimedia.org/wikipedia/commons/9/9c/Burg_J%C3%B6rgenberg_Mittenhausen_4.jpg,https://pd12m.s3.us-west-2.amazonaws.com/images/bc59c71d-c172-5026-ba68-740a5da68514.jpeg,CC0,http://creativecommons.org/publicdomain/zero/1.0/deed.en,Oliver L. 74,dffb34d9959d2e3149757726778f67998ba79096,29c0107a61dacd11492c10aa2a153e63cfc85477f5795ccf6e6d9ed5e6936fb2,4908935,6ceacd274498a380d1e127c752488915dcd28f24ad234aa89ceb135976a0adfe,Samsung,SM-G973F,True,2023:01:07 16:18:31,,0,,,
